{"0":"G","1":"E","10":"6","11":"e","12":"7","13":"-","14":"e","15":"4","16":"c","17":"7","18":"-","19":"4","2":"T","20":"6","21":"9","22":"4","23":"-","24":"b","25":"5","26":"b","27":"3","28":"-","29":"1","3":" ","30":"4","31":"3","32":"6","33":"c","34":"6","35":"e","36":"1","37":"b","38":"9","39":"4","4":"/","40":"d","41":"/","42":"b","43":"a","44":"l","45":"a","46":"n","47":"c","48":"e","5":"3","6":"2","7":"a","8":"5","9":"1","level":"debug","message":"info","service":"telecom-billing","timestamp":"2025-12-12 13:09:10"}
{"0":"G","1":"E","10":"6","11":"e","12":"7","13":"-","14":"e","15":"4","16":"c","17":"7","18":"-","19":"4","2":"T","20":"6","21":"9","22":"4","23":"-","24":"b","25":"5","26":"b","27":"3","28":"-","29":"1","3":" ","30":"4","31":"3","32":"6","33":"c","34":"6","35":"e","36":"1","37":"b","38":"9","39":"4","4":"/","40":"d","41":"/","42":"b","43":"a","44":"l","45":"a","46":"n","47":"c","48":"e","49":"-","5":"3","50":"h","51":"i","52":"s","53":"t","54":"o","55":"r","56":"y","6":"2","7":"a","8":"5","9":"1","level":"debug","message":"info","service":"telecom-billing","timestamp":"2025-12-12 13:09:11"}
{"0":"G","1":"E","10":"6","11":"e","12":"7","13":"-","14":"e","15":"4","16":"c","17":"7","18":"-","19":"4","2":"T","20":"6","21":"9","22":"4","23":"-","24":"b","25":"5","26":"b","27":"3","28":"-","29":"1","3":" ","30":"4","31":"3","32":"6","33":"c","34":"6","35":"e","36":"1","37":"b","38":"9","39":"4","4":"/","40":"d","41":"/","42":"b","43":"a","44":"l","45":"a","46":"n","47":"c","48":"e","49":"-","5":"3","50":"h","51":"i","52":"s","53":"t","54":"o","55":"r","56":"y","6":"2","7":"a","8":"5","9":"1","level":"debug","message":"info","service":"telecom-billing","timestamp":"2025-12-12 13:09:11"}
{"0":"G","1":"E","10":"6","11":"e","12":"7","13":"-","14":"e","15":"4","16":"c","17":"7","18":"-","19":"4","2":"T","20":"6","21":"9","22":"4","23":"-","24":"b","25":"5","26":"b","27":"3","28":"-","29":"1","3":" ","30":"4","31":"3","32":"6","33":"c","34":"6","35":"e","36":"1","37":"b","38":"9","39":"4","4":"/","40":"d","41":"/","42":"i","43":"n","44":"v","45":"o","46":"i","47":"c","48":"e","49":"s","5":"3","6":"2","7":"a","8":"5","9":"1","level":"debug","message":"info","service":"telecom-billing","timestamp":"2025-12-12 13:09:12"}
{"0":"G","1":"E","10":"6","11":"e","12":"7","13":"-","14":"e","15":"4","16":"c","17":"7","18":"-","19":"4","2":"T","20":"6","21":"9","22":"4","23":"-","24":"b","25":"5","26":"b","27":"3","28":"-","29":"1","3":" ","30":"4","31":"3","32":"6","33":"c","34":"6","35":"e","36":"1","37":"b","38":"9","39":"4","4":"/","40":"d","41":"/","42":"i","43":"n","44":"v","45":"o","46":"i","47":"c","48":"e","49":"s","5":"3","6":"2","7":"a","8":"5","9":"1","level":"debug","message":"info","service":"telecom-billing","timestamp":"2025-12-12 13:09:12"}
{"0":"G","1":"E","2":"T","3":" ","4":"/","level":"debug","message":"info","service":"telecom-billing","timestamp":"2025-12-12 13:09:13"}
{"0":"G","1":"E","2":"T","3":" ","4":"/","level":"debug","message":"info","service":"telecom-billing","timestamp":"2025-12-12 13:09:14"}
{"0":"P","1":"O","10":"d","11":"9","12":"b","13":"7","14":"-","15":"7","16":"6","17":"a","18":"f","19":"-","2":"S","20":"4","21":"c","22":"4","23":"7","24":"-","25":"b","26":"2","27":"7","28":"b","29":"-","3":"T","30":"9","31":"3","32":"3","33":"f","34":"3","35":"b","36":"2","37":"8","38":"c","39":"a","4":" ","40":"e","41":"9","42":"/","43":"g","44":"e","45":"n","46":"e","47":"r","48":"a","49":"t","5":"/","50":"e","51":"-","52":"i","53":"n","54":"v","55":"o","56":"i","57":"c","58":"e","6":"f","7":"3","8":"7","9":"7","level":"debug","message":"info","service":"telecom-billing","timestamp":"2025-12-12 13:09:28"}
{"0":"P","1":"O","10":"d","11":"9","12":"b","13":"7","14":"-","15":"7","16":"6","17":"a","18":"f","19":"-","2":"S","20":"4","21":"c","22":"4","23":"7","24":"-","25":"b","26":"2","27":"7","28":"b","29":"-","3":"T","30":"9","31":"3","32":"3","33":"f","34":"3","35":"b","36":"2","37":"8","38":"c","39":"a","4":" ","40":"e","41":"9","42":"/","43":"g","44":"e","45":"n","46":"e","47":"r","48":"a","49":"t","5":"/","50":"e","51":"-","52":"i","53":"n","54":"v","55":"o","56":"i","57":"c","58":"e","6":"f","7":"3","8":"7","9":"7","level":"debug","message":"info","service":"telecom-billing","timestamp":"2025-12-12 13:09:34"}
{"level":"info","message":"Graceful shutdown initiated...","service":"telecom-billing","timestamp":"2025-12-12 13:10:35"}
{"level":"info","message":"🚀 Server running on port 5000","service":"telecom-billing","timestamp":"2025-12-12 13:10:42"}
{"level":"info","message":"Environment: development","service":"telecom-billing","timestamp":"2025-12-12 13:10:42"}
{"level":"info","message":"Database: localhost:5432/telecom_billing","service":"telecom-billing","timestamp":"2025-12-12 13:10:42"}
{"level":"error","message":"Forced shutdown due to timeout","service":"telecom-billing","timestamp":"2025-12-12 13:11:05"}
{"0":"G","1":"E","2":"T","3":" ","4":"/","level":"debug","message":"info","service":"telecom-billing","timestamp":"2025-12-12 13:13:36"}
{"0":"G","1":"E","2":"T","3":" ","4":"/","level":"debug","message":"info","service":"telecom-billing","timestamp":"2025-12-12 13:13:36"}
{"level":"info","message":"🚀 Server running on port 5000","service":"telecom-billing","timestamp":"2025-12-12 13:14:27"}
{"level":"info","message":"Environment: development","service":"telecom-billing","timestamp":"2025-12-12 13:14:27"}
{"level":"info","message":"Database: localhost:5432/telecom_billing","service":"telecom-billing","timestamp":"2025-12-12 13:14:27"}
{"0":"G","1":"E","2":"T","3":" ","4":"/","level":"debug","message":"info","service":"telecom-billing","timestamp":"2025-12-12 13:16:17"}
{"0":"G","1":"E","2":"T","3":" ","4":"/","level":"debug","message":"info","service":"telecom-billing","timestamp":"2025-12-12 13:16:18"}
{"level":"info","message":"🚀 Server running on port 5000","service":"telecom-billing","timestamp":"2025-12-12 13:31:02"}
{"level":"info","message":"Environment: development","service":"telecom-billing","timestamp":"2025-12-12 13:31:02"}
{"level":"info","message":"Database: localhost:5432/telecom_billing","service":"telecom-billing","timestamp":"2025-12-12 13:31:02"}
{"level":"info","message":"🚀 Server running on port 5000","service":"telecom-billing","timestamp":"2025-12-12 13:31:02"}
{"level":"info","message":"Environment: development","service":"telecom-billing","timestamp":"2025-12-12 13:31:02"}
{"level":"info","message":"Database: localhost:5432/telecom_billing","service":"telecom-billing","timestamp":"2025-12-12 13:31:02"}
{"level":"info","message":"🚀 Server running on port 5000","service":"telecom-billing","timestamp":"2025-12-12 13:31:02"}
{"level":"info","message":"Environment: development","service":"telecom-billing","timestamp":"2025-12-12 13:31:02"}
{"level":"info","message":"Database: localhost:5432/telecom_billing","service":"telecom-billing","timestamp":"2025-12-12 13:31:02"}
{"level":"info","message":"🚀 Server running on port 5000","service":"telecom-billing","timestamp":"2025-12-12 13:31:02"}
{"level":"info","message":"Environment: development","service":"telecom-billing","timestamp":"2025-12-12 13:31:02"}
{"level":"info","message":"Database: localhost:5432/telecom_billing","service":"telecom-billing","timestamp":"2025-12-12 13:31:02"}
{"0":"G","1":"E","2":"T","3":" ","4":"/","level":"debug","message":"info","service":"telecom-billing","timestamp":"2025-12-12 13:35:14"}
{"0":"G","1":"E","2":"T","3":" ","4":"/","level":"debug","message":"info","service":"telecom-billing","timestamp":"2025-12-12 13:35:14"}
{"0":"G","1":"E","2":"T","3":" ","4":"/","level":"debug","message":"info","service":"telecom-billing","timestamp":"2025-12-12 13:35:22"}
{"0":"G","1":"E","2":"T","3":" ","4":"/","level":"debug","message":"info","service":"telecom-billing","timestamp":"2025-12-12 13:35:22"}
{"0":"G","1":"E","10":"9","11":"b","12":"7","13":"-","14":"7","15":"6","16":"a","17":"f","18":"-","19":"4","2":"T","20":"c","21":"4","22":"7","23":"-","24":"b","25":"2","26":"7","27":"b","28":"-","29":"9","3":" ","30":"3","31":"3","32":"f","33":"3","34":"b","35":"2","36":"8","37":"c","38":"a","39":"e","4":"/","40":"9","5":"f","6":"3","7":"7","8":"7","9":"d","level":"debug","message":"info","service":"telecom-billing","timestamp":"2025-12-12 13:35:40"}
{"0":"G","1":"E","10":"9","11":"b","12":"7","13":"-","14":"7","15":"6","16":"a","17":"f","18":"-","19":"4","2":"T","20":"c","21":"4","22":"7","23":"-","24":"b","25":"2","26":"7","27":"b","28":"-","29":"9","3":" ","30":"3","31":"3","32":"f","33":"3","34":"b","35":"2","36":"8","37":"c","38":"a","39":"e","4":"/","40":"9","5":"f","6":"3","7":"7","8":"7","9":"d","level":"debug","message":"info","service":"telecom-billing","timestamp":"2025-12-12 13:35:41"}
{"0":"G","1":"E","10":"9","11":"b","12":"7","13":"-","14":"7","15":"6","16":"a","17":"f","18":"-","19":"4","2":"T","20":"c","21":"4","22":"7","23":"-","24":"b","25":"2","26":"7","27":"b","28":"-","29":"9","3":" ","30":"3","31":"3","32":"f","33":"3","34":"b","35":"2","36":"8","37":"c","38":"a","39":"e","4":"/","40":"9","41":"/","42":"b","43":"a","44":"l","45":"a","46":"n","47":"c","48":"e","5":"f","6":"3","7":"7","8":"7","9":"d","level":"debug","message":"info","service":"telecom-billing","timestamp":"2025-12-12 13:35:41"}
{"0":"G","1":"E","10":"9","11":"b","12":"7","13":"-","14":"7","15":"6","16":"a","17":"f","18":"-","19":"4","2":"T","20":"c","21":"4","22":"7","23":"-","24":"b","25":"2","26":"7","27":"b","28":"-","29":"9","3":" ","30":"3","31":"3","32":"f","33":"3","34":"b","35":"2","36":"8","37":"c","38":"a","39":"e","4":"/","40":"9","41":"/","42":"b","43":"a","44":"l","45":"a","46":"n","47":"c","48":"e","5":"f","6":"3","7":"7","8":"7","9":"d","level":"debug","message":"info","service":"telecom-billing","timestamp":"2025-12-12 13:35:41"}
{"0":"G","1":"E","10":"9","11":"b","12":"7","13":"-","14":"7","15":"6","16":"a","17":"f","18":"-","19":"4","2":"T","20":"c","21":"4","22":"7","23":"-","24":"b","25":"2","26":"7","27":"b","28":"-","29":"9","3":" ","30":"3","31":"3","32":"f","33":"3","34":"b","35":"2","36":"8","37":"c","38":"a","39":"e","4":"/","40":"9","41":"/","42":"b","43":"a","44":"l","45":"a","46":"n","47":"c","48":"e","49":"-","5":"f","50":"h","51":"i","52":"s","53":"t","54":"o","55":"r","56":"y","6":"3","7":"7","8":"7","9":"d","level":"debug","message":"info","service":"telecom-billing","timestamp":"2025-12-12 13:35:44"}
{"0":"G","1":"E","10":"9","11":"b","12":"7","13":"-","14":"7","15":"6","16":"a","17":"f","18":"-","19":"4","2":"T","20":"c","21":"4","22":"7","23":"-","24":"b","25":"2","26":"7","27":"b","28":"-","29":"9","3":" ","30":"3","31":"3","32":"f","33":"3","34":"b","35":"2","36":"8","37":"c","38":"a","39":"e","4":"/","40":"9","41":"/","42":"b","43":"a","44":"l","45":"a","46":"n","47":"c","48":"e","49":"-","5":"f","50":"h","51":"i","52":"s","53":"t","54":"o","55":"r","56":"y","6":"3","7":"7","8":"7","9":"d","level":"debug","message":"info","service":"telecom-billing","timestamp":"2025-12-12 13:35:44"}
{"0":"G","1":"E","10":"m","11":"e","12":"r","13":"/","14":"f","15":"3","16":"7","17":"7","18":"d","19":"9","2":"T","20":"b","21":"7","22":"-","23":"7","24":"6","25":"a","26":"f","27":"-","28":"4","29":"c","3":" ","30":"4","31":"7","32":"-","33":"b","34":"2","35":"7","36":"b","37":"-","38":"9","39":"3","4":"/","40":"3","41":"f","42":"3","43":"b","44":"2","45":"8","46":"c","47":"a","48":"e","49":"9","5":"c","6":"u","7":"s","8":"t","9":"o","level":"debug","message":"info","service":"telecom-billing","timestamp":"2025-12-12 13:36:38"}
{"0":"G","1":"E","10":"m","11":"e","12":"r","13":"/","14":"f","15":"3","16":"7","17":"7","18":"d","19":"9","2":"T","20":"b","21":"7","22":"-","23":"7","24":"6","25":"a","26":"f","27":"-","28":"4","29":"c","3":" ","30":"4","31":"7","32":"-","33":"b","34":"2","35":"7","36":"b","37":"-","38":"9","39":"3","4":"/","40":"3","41":"f","42":"3","43":"b","44":"2","45":"8","46":"c","47":"a","48":"e","49":"9","5":"c","6":"u","7":"s","8":"t","9":"o","level":"debug","message":"info","service":"telecom-billing","timestamp":"2025-12-12 13:36:38"}
{"0":"G","1":"E","2":"T","3":" ","4":"/","level":"debug","message":"info","service":"telecom-billing","timestamp":"2025-12-12 13:41:19"}
{"0":"G","1":"E","2":"T","3":" ","4":"/","level":"debug","message":"info","service":"telecom-billing","timestamp":"2025-12-12 13:41:19"}
{"0":"P","1":"O","10":"d","11":"9","12":"b","13":"7","14":"-","15":"7","16":"6","17":"a","18":"f","19":"-","2":"S","20":"4","21":"c","22":"4","23":"7","24":"-","25":"b","26":"2","27":"7","28":"b","29":"-","3":"T","30":"9","31":"3","32":"3","33":"f","34":"3","35":"b","36":"2","37":"8","38":"c","39":"a","4":" ","40":"e","41":"9","42":"/","43":"g","44":"e","45":"n","46":"e","47":"r","48":"a","49":"t","5":"/","50":"e","51":"-","52":"i","53":"n","54":"v","55":"o","56":"i","57":"c","58":"e","6":"f","7":"3","8":"7","9":"7","level":"debug","message":"info","service":"telecom-billing","timestamp":"2025-12-12 13:41:38"}
{"level":"info","message":"🚀 Server running on port 5000","service":"telecom-billing","timestamp":"2025-12-12 13:42:45"}
{"level":"info","message":"Environment: development","service":"telecom-billing","timestamp":"2025-12-12 13:42:45"}
{"level":"info","message":"Database: localhost:5432/telecom_billing","service":"telecom-billing","timestamp":"2025-12-12 13:42:45"}
{"level":"info","message":"🚀 Server running on port 5000","service":"telecom-billing","timestamp":"2025-12-12 13:42:45"}
{"level":"info","message":"Environment: development","service":"telecom-billing","timestamp":"2025-12-12 13:42:45"}
{"level":"info","message":"Database: localhost:5432/telecom_billing","service":"telecom-billing","timestamp":"2025-12-12 13:42:45"}
{"level":"info","message":"🚀 Server running on port 5000","service":"telecom-billing","timestamp":"2025-12-12 13:42:45"}
{"level":"info","message":"Environment: development","service":"telecom-billing","timestamp":"2025-12-12 13:42:45"}
{"level":"info","message":"Database: localhost:5432/telecom_billing","service":"telecom-billing","timestamp":"2025-12-12 13:42:45"}
{"level":"info","message":"🚀 Server running on port 5000","service":"telecom-billing","timestamp":"2025-12-12 13:42:45"}
{"level":"info","message":"Environment: development","service":"telecom-billing","timestamp":"2025-12-12 13:42:45"}
{"level":"info","message":"Database: localhost:5432/telecom_billing","service":"telecom-billing","timestamp":"2025-12-12 13:42:45"}
{"0":"C","1":"u","10":"a","11":"l","12":"a","13":"n","14":"c","15":"e","16":" ","17":"u","18":"p","19":"d","2":"s","20":"a","21":"t","22":"e","23":"d","3":"t","4":"o","5":"m","6":"e","7":"r","8":" ","9":"b","level":"debug","message":"info","service":"telecom-billing","timestamp":"2025-12-12 13:43:03"}
{"0":"C","1":"D","10":"g","11":" ","12":"u","13":"p","14":"d","15":"a","16":"t","17":"e","18":"d","2":"R","3":" ","4":"b","5":"i","6":"l","7":"l","8":"i","9":"n","level":"debug","message":"info","service":"telecom-billing","timestamp":"2025-12-12 13:43:03"}
{"0":"B","1":"a","10":"a","11":"n","12":"s","13":"a","14":"c","15":"t","16":"i","17":"o","18":"n","19":" ","2":"l","20":"r","21":"e","22":"c","23":"o","24":"r","25":"d","26":"e","27":"d","3":"a","4":"n","5":"c","6":"e","7":" ","8":"t","9":"r","level":"debug","message":"info","service":"telecom-billing","timestamp":"2025-12-12 13:43:03"}
{"0":"C","1":"D","10":"s","11":"e","12":"d","13":" ","14":"S","15":"u","16":"c","17":"c","18":"e","19":"s","2":"R","20":"s","21":"f","22":"u","23":"l","24":"l","25":"y","3":" ","4":"P","5":"r","6":"o","7":"c","8":"e","9":"s","level":"debug","message":"info","service":"telecom-billing","timestamp":"2025-12-12 13:43:03"}
{"0":"C","1":"u","10":"a","11":"l","12":"a","13":"n","14":"c","15":"e","16":" ","17":"u","18":"p","19":"d","2":"s","20":"a","21":"t","22":"e","23":"d","3":"t","4":"o","5":"m","6":"e","7":"r","8":" ","9":"b","level":"debug","message":"info","service":"telecom-billing","timestamp":"2025-12-12 13:43:03"}
{"0":"C","1":"D","10":"g","11":" ","12":"u","13":"p","14":"d","15":"a","16":"t","17":"e","18":"d","2":"R","3":" ","4":"b","5":"i","6":"l","7":"l","8":"i","9":"n","level":"debug","message":"info","service":"telecom-billing","timestamp":"2025-12-12 13:43:03"}
{"0":"B","1":"a","10":"a","11":"n","12":"s","13":"a","14":"c","15":"t","16":"i","17":"o","18":"n","19":" ","2":"l","20":"r","21":"e","22":"c","23":"o","24":"r","25":"d","26":"e","27":"d","3":"a","4":"n","5":"c","6":"e","7":" ","8":"t","9":"r","level":"debug","message":"info","service":"telecom-billing","timestamp":"2025-12-12 13:43:03"}
{"0":"C","1":"D","10":"s","11":"e","12":"d","13":" ","14":"S","15":"u","16":"c","17":"c","18":"e","19":"s","2":"R","20":"s","21":"f","22":"u","23":"l","24":"l","25":"y","3":" ","4":"P","5":"r","6":"o","7":"c","8":"e","9":"s","level":"debug","message":"info","service":"telecom-billing","timestamp":"2025-12-12 13:43:03"}
{"0":"C","1":"u","10":"a","11":"l","12":"a","13":"n","14":"c","15":"e","16":" ","17":"u","18":"p","19":"d","2":"s","20":"a","21":"t","22":"e","23":"d","3":"t","4":"o","5":"m","6":"e","7":"r","8":" ","9":"b","level":"debug","message":"info","service":"telecom-billing","timestamp":"2025-12-12 13:43:03"}
{"0":"C","1":"D","10":"g","11":" ","12":"u","13":"p","14":"d","15":"a","16":"t","17":"e","18":"d","2":"R","3":" ","4":"b","5":"i","6":"l","7":"l","8":"i","9":"n","level":"debug","message":"info","service":"telecom-billing","timestamp":"2025-12-12 13:43:03"}
{"0":"B","1":"a","10":"a","11":"n","12":"s","13":"a","14":"c","15":"t","16":"i","17":"o","18":"n","19":" ","2":"l","20":"r","21":"e","22":"c","23":"o","24":"r","25":"d","26":"e","27":"d","3":"a","4":"n","5":"c","6":"e","7":" ","8":"t","9":"r","level":"debug","message":"info","service":"telecom-billing","timestamp":"2025-12-12 13:43:03"}
{"0":"C","1":"D","10":"s","11":"e","12":"d","13":" ","14":"S","15":"u","16":"c","17":"c","18":"e","19":"s","2":"R","20":"s","21":"f","22":"u","23":"l","24":"l","25":"y","3":" ","4":"P","5":"r","6":"o","7":"c","8":"e","9":"s","level":"debug","message":"info","service":"telecom-billing","timestamp":"2025-12-12 13:43:03"}
{"0":"C","1":"u","10":"a","11":"l","12":"a","13":"n","14":"c","15":"e","16":" ","17":"u","18":"p","19":"d","2":"s","20":"a","21":"t","22":"e","23":"d","3":"t","4":"o","5":"m","6":"e","7":"r","8":" ","9":"b","level":"debug","message":"info","service":"telecom-billing","timestamp":"2025-12-12 13:43:03"}
{"0":"C","1":"D","10":"g","11":" ","12":"u","13":"p","14":"d","15":"a","16":"t","17":"e","18":"d","2":"R","3":" ","4":"b","5":"i","6":"l","7":"l","8":"i","9":"n","level":"debug","message":"info","service":"telecom-billing","timestamp":"2025-12-12 13:43:03"}
{"0":"B","1":"a","10":"a","11":"n","12":"s","13":"a","14":"c","15":"t","16":"i","17":"o","18":"n","19":" ","2":"l","20":"r","21":"e","22":"c","23":"o","24":"r","25":"d","26":"e","27":"d","3":"a","4":"n","5":"c","6":"e","7":" ","8":"t","9":"r","level":"debug","message":"info","service":"telecom-billing","timestamp":"2025-12-12 13:43:03"}
{"0":"C","1":"D","10":"s","11":"e","12":"d","13":" ","14":"S","15":"u","16":"c","17":"c","18":"e","19":"s","2":"R","20":"s","21":"f","22":"u","23":"l","24":"l","25":"y","3":" ","4":"P","5":"r","6":"o","7":"c","8":"e","9":"s","level":"debug","message":"info","service":"telecom-billing","timestamp":"2025-12-12 13:43:03"}
{"0":"C","1":"u","10":"a","11":"l","12":"a","13":"n","14":"c","15":"e","16":" ","17":"u","18":"p","19":"d","2":"s","20":"a","21":"t","22":"e","23":"d","3":"t","4":"o","5":"m","6":"e","7":"r","8":" ","9":"b","level":"debug","message":"info","service":"telecom-billing","timestamp":"2025-12-12 13:43:03"}
{"0":"C","1":"D","10":"g","11":" ","12":"u","13":"p","14":"d","15":"a","16":"t","17":"e","18":"d","2":"R","3":" ","4":"b","5":"i","6":"l","7":"l","8":"i","9":"n","level":"debug","message":"info","service":"telecom-billing","timestamp":"2025-12-12 13:43:03"}
{"0":"B","1":"a","10":"a","11":"n","12":"s","13":"a","14":"c","15":"t","16":"i","17":"o","18":"n","19":" ","2":"l","20":"r","21":"e","22":"c","23":"o","24":"r","25":"d","26":"e","27":"d","3":"a","4":"n","5":"c","6":"e","7":" ","8":"t","9":"r","level":"debug","message":"info","service":"telecom-billing","timestamp":"2025-12-12 13:43:03"}
{"0":"C","1":"D","10":"s","11":"e","12":"d","13":" ","14":"S","15":"u","16":"c","17":"c","18":"e","19":"s","2":"R","20":"s","21":"f","22":"u","23":"l","24":"l","25":"y","3":" ","4":"P","5":"r","6":"o","7":"c","8":"e","9":"s","level":"debug","message":"info","service":"telecom-billing","timestamp":"2025-12-12 13:43:03"}
{"0":"C","1":"u","10":"a","11":"l","12":"a","13":"n","14":"c","15":"e","16":" ","17":"u","18":"p","19":"d","2":"s","20":"a","21":"t","22":"e","23":"d","3":"t","4":"o","5":"m","6":"e","7":"r","8":" ","9":"b","level":"debug","message":"info","service":"telecom-billing","timestamp":"2025-12-12 13:43:03"}
{"0":"C","1":"D","10":"g","11":" ","12":"u","13":"p","14":"d","15":"a","16":"t","17":"e","18":"d","2":"R","3":" ","4":"b","5":"i","6":"l","7":"l","8":"i","9":"n","level":"debug","message":"info","service":"telecom-billing","timestamp":"2025-12-12 13:43:03"}
{"0":"B","1":"a","10":"a","11":"n","12":"s","13":"a","14":"c","15":"t","16":"i","17":"o","18":"n","19":" ","2":"l","20":"r","21":"e","22":"c","23":"o","24":"r","25":"d","26":"e","27":"d","3":"a","4":"n","5":"c","6":"e","7":" ","8":"t","9":"r","level":"debug","message":"info","service":"telecom-billing","timestamp":"2025-12-12 13:43:03"}
{"0":"C","1":"D","10":"s","11":"e","12":"d","13":" ","14":"S","15":"u","16":"c","17":"c","18":"e","19":"s","2":"R","20":"s","21":"f","22":"u","23":"l","24":"l","25":"y","3":" ","4":"P","5":"r","6":"o","7":"c","8":"e","9":"s","level":"debug","message":"info","service":"telecom-billing","timestamp":"2025-12-12 13:43:03"}
{"0":"C","1":"u","10":"a","11":"l","12":"a","13":"n","14":"c","15":"e","16":" ","17":"u","18":"p","19":"d","2":"s","20":"a","21":"t","22":"e","23":"d","3":"t","4":"o","5":"m","6":"e","7":"r","8":" ","9":"b","level":"debug","message":"info","service":"telecom-billing","timestamp":"2025-12-12 13:43:03"}
{"0":"C","1":"D","10":"g","11":" ","12":"u","13":"p","14":"d","15":"a","16":"t","17":"e","18":"d","2":"R","3":" ","4":"b","5":"i","6":"l","7":"l","8":"i","9":"n","level":"debug","message":"info","service":"telecom-billing","timestamp":"2025-12-12 13:43:03"}
{"0":"B","1":"a","10":"a","11":"n","12":"s","13":"a","14":"c","15":"t","16":"i","17":"o","18":"n","19":" ","2":"l","20":"r","21":"e","22":"c","23":"o","24":"r","25":"d","26":"e","27":"d","3":"a","4":"n","5":"c","6":"e","7":" ","8":"t","9":"r","level":"debug","message":"info","service":"telecom-billing","timestamp":"2025-12-12 13:43:03"}
{"0":"C","1":"D","10":"s","11":"e","12":"d","13":" ","14":"S","15":"u","16":"c","17":"c","18":"e","19":"s","2":"R","20":"s","21":"f","22":"u","23":"l","24":"l","25":"y","3":" ","4":"P","5":"r","6":"o","7":"c","8":"e","9":"s","level":"debug","message":"info","service":"telecom-billing","timestamp":"2025-12-12 13:43:03"}
{"0":"C","1":"u","10":"a","11":"l","12":"a","13":"n","14":"c","15":"e","16":" ","17":"u","18":"p","19":"d","2":"s","20":"a","21":"t","22":"e","23":"d","3":"t","4":"o","5":"m","6":"e","7":"r","8":" ","9":"b","level":"debug","message":"info","service":"telecom-billing","timestamp":"2025-12-12 13:43:03"}
{"0":"C","1":"D","10":"g","11":" ","12":"u","13":"p","14":"d","15":"a","16":"t","17":"e","18":"d","2":"R","3":" ","4":"b","5":"i","6":"l","7":"l","8":"i","9":"n","level":"debug","message":"info","service":"telecom-billing","timestamp":"2025-12-12 13:43:03"}
{"0":"B","1":"a","10":"a","11":"n","12":"s","13":"a","14":"c","15":"t","16":"i","17":"o","18":"n","19":" ","2":"l","20":"r","21":"e","22":"c","23":"o","24":"r","25":"d","26":"e","27":"d","3":"a","4":"n","5":"c","6":"e","7":" ","8":"t","9":"r","level":"debug","message":"info","service":"telecom-billing","timestamp":"2025-12-12 13:43:03"}
{"0":"C","1":"D","10":"s","11":"e","12":"d","13":" ","14":"S","15":"u","16":"c","17":"c","18":"e","19":"s","2":"R","20":"s","21":"f","22":"u","23":"l","24":"l","25":"y","3":" ","4":"P","5":"r","6":"o","7":"c","8":"e","9":"s","level":"debug","message":"info","service":"telecom-billing","timestamp":"2025-12-12 13:43:03"}
{"0":"C","1":"u","10":"a","11":"l","12":"a","13":"n","14":"c","15":"e","16":" ","17":"u","18":"p","19":"d","2":"s","20":"a","21":"t","22":"e","23":"d","3":"t","4":"o","5":"m","6":"e","7":"r","8":" ","9":"b","level":"debug","message":"info","service":"telecom-billing","timestamp":"2025-12-12 13:43:03"}
{"0":"C","1":"D","10":"g","11":" ","12":"u","13":"p","14":"d","15":"a","16":"t","17":"e","18":"d","2":"R","3":" ","4":"b","5":"i","6":"l","7":"l","8":"i","9":"n","level":"debug","message":"info","service":"telecom-billing","timestamp":"2025-12-12 13:43:03"}
{"0":"B","1":"a","10":"a","11":"n","12":"s","13":"a","14":"c","15":"t","16":"i","17":"o","18":"n","19":" ","2":"l","20":"r","21":"e","22":"c","23":"o","24":"r","25":"d","26":"e","27":"d","3":"a","4":"n","5":"c","6":"e","7":" ","8":"t","9":"r","level":"debug","message":"info","service":"telecom-billing","timestamp":"2025-12-12 13:43:03"}
{"0":"C","1":"D","10":"s","11":"e","12":"d","13":" ","14":"S","15":"u","16":"c","17":"c","18":"e","19":"s","2":"R","20":"s","21":"f","22":"u","23":"l","24":"l","25":"y","3":" ","4":"P","5":"r","6":"o","7":"c","8":"e","9":"s","level":"debug","message":"info","service":"telecom-billing","timestamp":"2025-12-12 13:43:03"}
{"0":"C","1":"u","10":"a","11":"l","12":"a","13":"n","14":"c","15":"e","16":" ","17":"u","18":"p","19":"d","2":"s","20":"a","21":"t","22":"e","23":"d","3":"t","4":"o","5":"m","6":"e","7":"r","8":" ","9":"b","level":"debug","message":"info","service":"telecom-billing","timestamp":"2025-12-12 13:43:03"}
{"0":"C","1":"D","10":"g","11":" ","12":"u","13":"p","14":"d","15":"a","16":"t","17":"e","18":"d","2":"R","3":" ","4":"b","5":"i","6":"l","7":"l","8":"i","9":"n","level":"debug","message":"info","service":"telecom-billing","timestamp":"2025-12-12 13:43:03"}
{"0":"B","1":"a","10":"a","11":"n","12":"s","13":"a","14":"c","15":"t","16":"i","17":"o","18":"n","19":" ","2":"l","20":"r","21":"e","22":"c","23":"o","24":"r","25":"d","26":"e","27":"d","3":"a","4":"n","5":"c","6":"e","7":" ","8":"t","9":"r","level":"debug","message":"info","service":"telecom-billing","timestamp":"2025-12-12 13:43:03"}
{"0":"C","1":"D","10":"s","11":"e","12":"d","13":" ","14":"S","15":"u","16":"c","17":"c","18":"e","19":"s","2":"R","20":"s","21":"f","22":"u","23":"l","24":"l","25":"y","3":" ","4":"P","5":"r","6":"o","7":"c","8":"e","9":"s","level":"debug","message":"info","service":"telecom-billing","timestamp":"2025-12-12 13:43:03"}
{"0":"C","1":"u","10":"a","11":"l","12":"a","13":"n","14":"c","15":"e","16":" ","17":"u","18":"p","19":"d","2":"s","20":"a","21":"t","22":"e","23":"d","3":"t","4":"o","5":"m","6":"e","7":"r","8":" ","9":"b","level":"debug","message":"info","service":"telecom-billing","timestamp":"2025-12-12 13:43:03"}
{"0":"C","1":"D","10":"g","11":" ","12":"u","13":"p","14":"d","15":"a","16":"t","17":"e","18":"d","2":"R","3":" ","4":"b","5":"i","6":"l","7":"l","8":"i","9":"n","level":"debug","message":"info","service":"telecom-billing","timestamp":"2025-12-12 13:43:03"}
{"0":"B","1":"a","10":"a","11":"n","12":"s","13":"a","14":"c","15":"t","16":"i","17":"o","18":"n","19":" ","2":"l","20":"r","21":"e","22":"c","23":"o","24":"r","25":"d","26":"e","27":"d","3":"a","4":"n","5":"c","6":"e","7":" ","8":"t","9":"r","level":"debug","message":"info","service":"telecom-billing","timestamp":"2025-12-12 13:43:03"}
{"0":"C","1":"D","10":"s","11":"e","12":"d","13":" ","14":"S","15":"u","16":"c","17":"c","18":"e","19":"s","2":"R","20":"s","21":"f","22":"u","23":"l","24":"l","25":"y","3":" ","4":"P","5":"r","6":"o","7":"c","8":"e","9":"s","level":"debug","message":"info","service":"telecom-billing","timestamp":"2025-12-12 13:43:03"}
{"0":"C","1":"u","10":"a","11":"l","12":"a","13":"n","14":"c","15":"e","16":" ","17":"u","18":"p","19":"d","2":"s","20":"a","21":"t","22":"e","23":"d","3":"t","4":"o","5":"m","6":"e","7":"r","8":" ","9":"b","level":"debug","message":"info","service":"telecom-billing","timestamp":"2025-12-12 13:43:03"}
{"0":"C","1":"D","10":"g","11":" ","12":"u","13":"p","14":"d","15":"a","16":"t","17":"e","18":"d","2":"R","3":" ","4":"b","5":"i","6":"l","7":"l","8":"i","9":"n","level":"debug","message":"info","service":"telecom-billing","timestamp":"2025-12-12 13:43:03"}
{"0":"B","1":"a","10":"a","11":"n","12":"s","13":"a","14":"c","15":"t","16":"i","17":"o","18":"n","19":" ","2":"l","20":"r","21":"e","22":"c","23":"o","24":"r","25":"d","26":"e","27":"d","3":"a","4":"n","5":"c","6":"e","7":" ","8":"t","9":"r","level":"debug","message":"info","service":"telecom-billing","timestamp":"2025-12-12 13:43:03"}
{"0":"C","1":"D","10":"s","11":"e","12":"d","13":" ","14":"S","15":"u","16":"c","17":"c","18":"e","19":"s","2":"R","20":"s","21":"f","22":"u","23":"l","24":"l","25":"y","3":" ","4":"P","5":"r","6":"o","7":"c","8":"e","9":"s","level":"debug","message":"info","service":"telecom-billing","timestamp":"2025-12-12 13:43:03"}
{"0":"C","1":"u","10":"a","11":"l","12":"a","13":"n","14":"c","15":"e","16":" ","17":"u","18":"p","19":"d","2":"s","20":"a","21":"t","22":"e","23":"d","3":"t","4":"o","5":"m","6":"e","7":"r","8":" ","9":"b","level":"debug","message":"info","service":"telecom-billing","timestamp":"2025-12-12 13:43:03"}
{"0":"C","1":"D","10":"g","11":" ","12":"u","13":"p","14":"d","15":"a","16":"t","17":"e","18":"d","2":"R","3":" ","4":"b","5":"i","6":"l","7":"l","8":"i","9":"n","level":"debug","message":"info","service":"telecom-billing","timestamp":"2025-12-12 13:43:03"}
{"0":"B","1":"a","10":"a","11":"n","12":"s","13":"a","14":"c","15":"t","16":"i","17":"o","18":"n","19":" ","2":"l","20":"r","21":"e","22":"c","23":"o","24":"r","25":"d","26":"e","27":"d","3":"a","4":"n","5":"c","6":"e","7":" ","8":"t","9":"r","level":"debug","message":"info","service":"telecom-billing","timestamp":"2025-12-12 13:43:03"}
{"0":"C","1":"D","10":"s","11":"e","12":"d","13":" ","14":"S","15":"u","16":"c","17":"c","18":"e","19":"s","2":"R","20":"s","21":"f","22":"u","23":"l","24":"l","25":"y","3":" ","4":"P","5":"r","6":"o","7":"c","8":"e","9":"s","level":"debug","message":"info","service":"telecom-billing","timestamp":"2025-12-12 13:43:03"}
{"0":"C","1":"u","10":"a","11":"l","12":"a","13":"n","14":"c","15":"e","16":" ","17":"u","18":"p","19":"d","2":"s","20":"a","21":"t","22":"e","23":"d","3":"t","4":"o","5":"m","6":"e","7":"r","8":" ","9":"b","level":"debug","message":"info","service":"telecom-billing","timestamp":"2025-12-12 13:43:03"}
{"0":"C","1":"D","10":"g","11":" ","12":"u","13":"p","14":"d","15":"a","16":"t","17":"e","18":"d","2":"R","3":" ","4":"b","5":"i","6":"l","7":"l","8":"i","9":"n","level":"debug","message":"info","service":"telecom-billing","timestamp":"2025-12-12 13:43:03"}
{"0":"B","1":"a","10":"a","11":"n","12":"s","13":"a","14":"c","15":"t","16":"i","17":"o","18":"n","19":" ","2":"l","20":"r","21":"e","22":"c","23":"o","24":"r","25":"d","26":"e","27":"d","3":"a","4":"n","5":"c","6":"e","7":" ","8":"t","9":"r","level":"debug","message":"info","service":"telecom-billing","timestamp":"2025-12-12 13:43:03"}
{"0":"C","1":"D","10":"s","11":"e","12":"d","13":" ","14":"S","15":"u","16":"c","17":"c","18":"e","19":"s","2":"R","20":"s","21":"f","22":"u","23":"l","24":"l","25":"y","3":" ","4":"P","5":"r","6":"o","7":"c","8":"e","9":"s","level":"debug","message":"info","service":"telecom-billing","timestamp":"2025-12-12 13:43:03"}
{"0":"C","1":"u","10":"a","11":"l","12":"a","13":"n","14":"c","15":"e","16":" ","17":"u","18":"p","19":"d","2":"s","20":"a","21":"t","22":"e","23":"d","3":"t","4":"o","5":"m","6":"e","7":"r","8":" ","9":"b","level":"debug","message":"info","service":"telecom-billing","timestamp":"2025-12-12 13:43:03"}
{"0":"C","1":"D","10":"g","11":" ","12":"u","13":"p","14":"d","15":"a","16":"t","17":"e","18":"d","2":"R","3":" ","4":"b","5":"i","6":"l","7":"l","8":"i","9":"n","level":"debug","message":"info","service":"telecom-billing","timestamp":"2025-12-12 13:43:03"}
{"0":"B","1":"a","10":"a","11":"n","12":"s","13":"a","14":"c","15":"t","16":"i","17":"o","18":"n","19":" ","2":"l","20":"r","21":"e","22":"c","23":"o","24":"r","25":"d","26":"e","27":"d","3":"a","4":"n","5":"c","6":"e","7":" ","8":"t","9":"r","level":"debug","message":"info","service":"telecom-billing","timestamp":"2025-12-12 13:43:03"}
{"0":"C","1":"D","10":"s","11":"e","12":"d","13":" ","14":"S","15":"u","16":"c","17":"c","18":"e","19":"s","2":"R","20":"s","21":"f","22":"u","23":"l","24":"l","25":"y","3":" ","4":"P","5":"r","6":"o","7":"c","8":"e","9":"s","level":"debug","message":"info","service":"telecom-billing","timestamp":"2025-12-12 13:43:03"}
{"0":"C","1":"u","10":"a","11":"l","12":"a","13":"n","14":"c","15":"e","16":" ","17":"u","18":"p","19":"d","2":"s","20":"a","21":"t","22":"e","23":"d","3":"t","4":"o","5":"m","6":"e","7":"r","8":" ","9":"b","level":"debug","message":"info","service":"telecom-billing","timestamp":"2025-12-12 13:43:03"}
{"0":"C","1":"D","10":"g","11":" ","12":"u","13":"p","14":"d","15":"a","16":"t","17":"e","18":"d","2":"R","3":" ","4":"b","5":"i","6":"l","7":"l","8":"i","9":"n","level":"debug","message":"info","service":"telecom-billing","timestamp":"2025-12-12 13:43:03"}
{"0":"B","1":"a","10":"a","11":"n","12":"s","13":"a","14":"c","15":"t","16":"i","17":"o","18":"n","19":" ","2":"l","20":"r","21":"e","22":"c","23":"o","24":"r","25":"d","26":"e","27":"d","3":"a","4":"n","5":"c","6":"e","7":" ","8":"t","9":"r","level":"debug","message":"info","service":"telecom-billing","timestamp":"2025-12-12 13:43:03"}
{"0":"C","1":"D","10":"s","11":"e","12":"d","13":" ","14":"S","15":"u","16":"c","17":"c","18":"e","19":"s","2":"R","20":"s","21":"f","22":"u","23":"l","24":"l","25":"y","3":" ","4":"P","5":"r","6":"o","7":"c","8":"e","9":"s","level":"debug","message":"info","service":"telecom-billing","timestamp":"2025-12-12 13:43:03"}
{"0":"C","1":"u","10":"a","11":"l","12":"a","13":"n","14":"c","15":"e","16":" ","17":"u","18":"p","19":"d","2":"s","20":"a","21":"t","22":"e","23":"d","3":"t","4":"o","5":"m","6":"e","7":"r","8":" ","9":"b","level":"debug","message":"info","service":"telecom-billing","timestamp":"2025-12-12 13:43:03"}
{"0":"C","1":"D","10":"g","11":" ","12":"u","13":"p","14":"d","15":"a","16":"t","17":"e","18":"d","2":"R","3":" ","4":"b","5":"i","6":"l","7":"l","8":"i","9":"n","level":"debug","message":"info","service":"telecom-billing","timestamp":"2025-12-12 13:43:03"}
{"0":"B","1":"a","10":"a","11":"n","12":"s","13":"a","14":"c","15":"t","16":"i","17":"o","18":"n","19":" ","2":"l","20":"r","21":"e","22":"c","23":"o","24":"r","25":"d","26":"e","27":"d","3":"a","4":"n","5":"c","6":"e","7":" ","8":"t","9":"r","level":"debug","message":"info","service":"telecom-billing","timestamp":"2025-12-12 13:43:03"}
{"0":"C","1":"D","10":"s","11":"e","12":"d","13":" ","14":"S","15":"u","16":"c","17":"c","18":"e","19":"s","2":"R","20":"s","21":"f","22":"u","23":"l","24":"l","25":"y","3":" ","4":"P","5":"r","6":"o","7":"c","8":"e","9":"s","level":"debug","message":"info","service":"telecom-billing","timestamp":"2025-12-12 13:43:03"}
{"0":"C","1":"u","10":"a","11":"l","12":"a","13":"n","14":"c","15":"e","16":" ","17":"u","18":"p","19":"d","2":"s","20":"a","21":"t","22":"e","23":"d","3":"t","4":"o","5":"m","6":"e","7":"r","8":" ","9":"b","level":"debug","message":"info","service":"telecom-billing","timestamp":"2025-12-12 13:43:03"}
{"0":"C","1":"D","10":"g","11":" ","12":"u","13":"p","14":"d","15":"a","16":"t","17":"e","18":"d","2":"R","3":" ","4":"b","5":"i","6":"l","7":"l","8":"i","9":"n","level":"debug","message":"info","service":"telecom-billing","timestamp":"2025-12-12 13:43:03"}
{"0":"B","1":"a","10":"a","11":"n","12":"s","13":"a","14":"c","15":"t","16":"i","17":"o","18":"n","19":" ","2":"l","20":"r","21":"e","22":"c","23":"o","24":"r","25":"d","26":"e","27":"d","3":"a","4":"n","5":"c","6":"e","7":" ","8":"t","9":"r","level":"debug","message":"info","service":"telecom-billing","timestamp":"2025-12-12 13:43:03"}
{"0":"C","1":"D","10":"s","11":"e","12":"d","13":" ","14":"S","15":"u","16":"c","17":"c","18":"e","19":"s","2":"R","20":"s","21":"f","22":"u","23":"l","24":"l","25":"y","3":" ","4":"P","5":"r","6":"o","7":"c","8":"e","9":"s","level":"debug","message":"info","service":"telecom-billing","timestamp":"2025-12-12 13:43:03"}
{"0":"C","1":"u","10":"a","11":"l","12":"a","13":"n","14":"c","15":"e","16":" ","17":"u","18":"p","19":"d","2":"s","20":"a","21":"t","22":"e","23":"d","3":"t","4":"o","5":"m","6":"e","7":"r","8":" ","9":"b","level":"debug","message":"info","service":"telecom-billing","timestamp":"2025-12-12 13:43:03"}
{"0":"C","1":"D","10":"g","11":" ","12":"u","13":"p","14":"d","15":"a","16":"t","17":"e","18":"d","2":"R","3":" ","4":"b","5":"i","6":"l","7":"l","8":"i","9":"n","level":"debug","message":"info","service":"telecom-billing","timestamp":"2025-12-12 13:43:03"}
{"0":"B","1":"a","10":"a","11":"n","12":"s","13":"a","14":"c","15":"t","16":"i","17":"o","18":"n","19":" ","2":"l","20":"r","21":"e","22":"c","23":"o","24":"r","25":"d","26":"e","27":"d","3":"a","4":"n","5":"c","6":"e","7":" ","8":"t","9":"r","level":"debug","message":"info","service":"telecom-billing","timestamp":"2025-12-12 13:43:03"}
{"0":"C","1":"D","10":"s","11":"e","12":"d","13":" ","14":"S","15":"u","16":"c","17":"c","18":"e","19":"s","2":"R","20":"s","21":"f","22":"u","23":"l","24":"l","25":"y","3":" ","4":"P","5":"r","6":"o","7":"c","8":"e","9":"s","level":"debug","message":"info","service":"telecom-billing","timestamp":"2025-12-12 13:43:03"}
{"0":"C","1":"u","10":"a","11":"l","12":"a","13":"n","14":"c","15":"e","16":" ","17":"u","18":"p","19":"d","2":"s","20":"a","21":"t","22":"e","23":"d","3":"t","4":"o","5":"m","6":"e","7":"r","8":" ","9":"b","level":"debug","message":"info","service":"telecom-billing","timestamp":"2025-12-12 13:43:03"}
{"0":"C","1":"D","10":"g","11":" ","12":"u","13":"p","14":"d","15":"a","16":"t","17":"e","18":"d","2":"R","3":" ","4":"b","5":"i","6":"l","7":"l","8":"i","9":"n","level":"debug","message":"info","service":"telecom-billing","timestamp":"2025-12-12 13:43:03"}
{"0":"B","1":"a","10":"a","11":"n","12":"s","13":"a","14":"c","15":"t","16":"i","17":"o","18":"n","19":" ","2":"l","20":"r","21":"e","22":"c","23":"o","24":"r","25":"d","26":"e","27":"d","3":"a","4":"n","5":"c","6":"e","7":" ","8":"t","9":"r","level":"debug","message":"info","service":"telecom-billing","timestamp":"2025-12-12 13:43:03"}
{"0":"C","1":"D","10":"s","11":"e","12":"d","13":" ","14":"S","15":"u","16":"c","17":"c","18":"e","19":"s","2":"R","20":"s","21":"f","22":"u","23":"l","24":"l","25":"y","3":" ","4":"P","5":"r","6":"o","7":"c","8":"e","9":"s","level":"debug","message":"info","service":"telecom-billing","timestamp":"2025-12-12 13:43:03"}
{"0":"C","1":"u","10":"a","11":"l","12":"a","13":"n","14":"c","15":"e","16":" ","17":"u","18":"p","19":"d","2":"s","20":"a","21":"t","22":"e","23":"d","3":"t","4":"o","5":"m","6":"e","7":"r","8":" ","9":"b","level":"debug","message":"info","service":"telecom-billing","timestamp":"2025-12-12 13:43:03"}
{"0":"C","1":"D","10":"g","11":" ","12":"u","13":"p","14":"d","15":"a","16":"t","17":"e","18":"d","2":"R","3":" ","4":"b","5":"i","6":"l","7":"l","8":"i","9":"n","level":"debug","message":"info","service":"telecom-billing","timestamp":"2025-12-12 13:43:03"}
{"0":"B","1":"a","10":"a","11":"n","12":"s","13":"a","14":"c","15":"t","16":"i","17":"o","18":"n","19":" ","2":"l","20":"r","21":"e","22":"c","23":"o","24":"r","25":"d","26":"e","27":"d","3":"a","4":"n","5":"c","6":"e","7":" ","8":"t","9":"r","level":"debug","message":"info","service":"telecom-billing","timestamp":"2025-12-12 13:43:03"}
{"0":"C","1":"D","10":"s","11":"e","12":"d","13":" ","14":"S","15":"u","16":"c","17":"c","18":"e","19":"s","2":"R","20":"s","21":"f","22":"u","23":"l","24":"l","25":"y","3":" ","4":"P","5":"r","6":"o","7":"c","8":"e","9":"s","level":"debug","message":"info","service":"telecom-billing","timestamp":"2025-12-12 13:43:03"}
{"0":"C","1":"u","10":"a","11":"l","12":"a","13":"n","14":"c","15":"e","16":" ","17":"u","18":"p","19":"d","2":"s","20":"a","21":"t","22":"e","23":"d","3":"t","4":"o","5":"m","6":"e","7":"r","8":" ","9":"b","level":"debug","message":"info","service":"telecom-billing","timestamp":"2025-12-12 13:43:03"}
{"0":"C","1":"D","10":"g","11":" ","12":"u","13":"p","14":"d","15":"a","16":"t","17":"e","18":"d","2":"R","3":" ","4":"b","5":"i","6":"l","7":"l","8":"i","9":"n","level":"debug","message":"info","service":"telecom-billing","timestamp":"2025-12-12 13:43:03"}
{"0":"B","1":"a","10":"a","11":"n","12":"s","13":"a","14":"c","15":"t","16":"i","17":"o","18":"n","19":" ","2":"l","20":"r","21":"e","22":"c","23":"o","24":"r","25":"d","26":"e","27":"d","3":"a","4":"n","5":"c","6":"e","7":" ","8":"t","9":"r","level":"debug","message":"info","service":"telecom-billing","timestamp":"2025-12-12 13:43:03"}
{"0":"C","1":"D","10":"s","11":"e","12":"d","13":" ","14":"S","15":"u","16":"c","17":"c","18":"e","19":"s","2":"R","20":"s","21":"f","22":"u","23":"l","24":"l","25":"y","3":" ","4":"P","5":"r","6":"o","7":"c","8":"e","9":"s","level":"debug","message":"info","service":"telecom-billing","timestamp":"2025-12-12 13:43:03"}
{"0":"C","1":"u","10":"a","11":"l","12":"a","13":"n","14":"c","15":"e","16":" ","17":"u","18":"p","19":"d","2":"s","20":"a","21":"t","22":"e","23":"d","3":"t","4":"o","5":"m","6":"e","7":"r","8":" ","9":"b","level":"debug","message":"info","service":"telecom-billing","timestamp":"2025-12-12 13:43:03"}
{"0":"C","1":"D","10":"g","11":" ","12":"u","13":"p","14":"d","15":"a","16":"t","17":"e","18":"d","2":"R","3":" ","4":"b","5":"i","6":"l","7":"l","8":"i","9":"n","level":"debug","message":"info","service":"telecom-billing","timestamp":"2025-12-12 13:43:03"}
{"0":"B","1":"a","10":"a","11":"n","12":"s","13":"a","14":"c","15":"t","16":"i","17":"o","18":"n","19":" ","2":"l","20":"r","21":"e","22":"c","23":"o","24":"r","25":"d","26":"e","27":"d","3":"a","4":"n","5":"c","6":"e","7":" ","8":"t","9":"r","level":"debug","message":"info","service":"telecom-billing","timestamp":"2025-12-12 13:43:03"}
{"0":"C","1":"D","10":"s","11":"e","12":"d","13":" ","14":"S","15":"u","16":"c","17":"c","18":"e","19":"s","2":"R","20":"s","21":"f","22":"u","23":"l","24":"l","25":"y","3":" ","4":"P","5":"r","6":"o","7":"c","8":"e","9":"s","level":"debug","message":"info","service":"telecom-billing","timestamp":"2025-12-12 13:43:03"}
{"0":"C","1":"u","10":"a","11":"l","12":"a","13":"n","14":"c","15":"e","16":" ","17":"u","18":"p","19":"d","2":"s","20":"a","21":"t","22":"e","23":"d","3":"t","4":"o","5":"m","6":"e","7":"r","8":" ","9":"b","level":"debug","message":"info","service":"telecom-billing","timestamp":"2025-12-12 13:43:03"}
{"0":"C","1":"D","10":"g","11":" ","12":"u","13":"p","14":"d","15":"a","16":"t","17":"e","18":"d","2":"R","3":" ","4":"b","5":"i","6":"l","7":"l","8":"i","9":"n","level":"debug","message":"info","service":"telecom-billing","timestamp":"2025-12-12 13:43:03"}
{"0":"B","1":"a","10":"a","11":"n","12":"s","13":"a","14":"c","15":"t","16":"i","17":"o","18":"n","19":" ","2":"l","20":"r","21":"e","22":"c","23":"o","24":"r","25":"d","26":"e","27":"d","3":"a","4":"n","5":"c","6":"e","7":" ","8":"t","9":"r","level":"debug","message":"info","service":"telecom-billing","timestamp":"2025-12-12 13:43:03"}
{"0":"C","1":"D","10":"s","11":"e","12":"d","13":" ","14":"S","15":"u","16":"c","17":"c","18":"e","19":"s","2":"R","20":"s","21":"f","22":"u","23":"l","24":"l","25":"y","3":" ","4":"P","5":"r","6":"o","7":"c","8":"e","9":"s","level":"debug","message":"info","service":"telecom-billing","timestamp":"2025-12-12 13:43:03"}
{"0":"C","1":"u","10":"a","11":"l","12":"a","13":"n","14":"c","15":"e","16":" ","17":"u","18":"p","19":"d","2":"s","20":"a","21":"t","22":"e","23":"d","3":"t","4":"o","5":"m","6":"e","7":"r","8":" ","9":"b","level":"debug","message":"info","service":"telecom-billing","timestamp":"2025-12-12 13:43:03"}
{"0":"C","1":"D","10":"g","11":" ","12":"u","13":"p","14":"d","15":"a","16":"t","17":"e","18":"d","2":"R","3":" ","4":"b","5":"i","6":"l","7":"l","8":"i","9":"n","level":"debug","message":"info","service":"telecom-billing","timestamp":"2025-12-12 13:43:03"}
{"0":"B","1":"a","10":"a","11":"n","12":"s","13":"a","14":"c","15":"t","16":"i","17":"o","18":"n","19":" ","2":"l","20":"r","21":"e","22":"c","23":"o","24":"r","25":"d","26":"e","27":"d","3":"a","4":"n","5":"c","6":"e","7":" ","8":"t","9":"r","level":"debug","message":"info","service":"telecom-billing","timestamp":"2025-12-12 13:43:03"}
{"0":"C","1":"D","10":"s","11":"e","12":"d","13":" ","14":"S","15":"u","16":"c","17":"c","18":"e","19":"s","2":"R","20":"s","21":"f","22":"u","23":"l","24":"l","25":"y","3":" ","4":"P","5":"r","6":"o","7":"c","8":"e","9":"s","level":"debug","message":"info","service":"telecom-billing","timestamp":"2025-12-12 13:43:03"}
{"0":"C","1":"u","10":"a","11":"l","12":"a","13":"n","14":"c","15":"e","16":" ","17":"u","18":"p","19":"d","2":"s","20":"a","21":"t","22":"e","23":"d","3":"t","4":"o","5":"m","6":"e","7":"r","8":" ","9":"b","level":"debug","message":"info","service":"telecom-billing","timestamp":"2025-12-12 13:43:03"}
{"0":"C","1":"D","10":"g","11":" ","12":"u","13":"p","14":"d","15":"a","16":"t","17":"e","18":"d","2":"R","3":" ","4":"b","5":"i","6":"l","7":"l","8":"i","9":"n","level":"debug","message":"info","service":"telecom-billing","timestamp":"2025-12-12 13:43:03"}
{"0":"B","1":"a","10":"a","11":"n","12":"s","13":"a","14":"c","15":"t","16":"i","17":"o","18":"n","19":" ","2":"l","20":"r","21":"e","22":"c","23":"o","24":"r","25":"d","26":"e","27":"d","3":"a","4":"n","5":"c","6":"e","7":" ","8":"t","9":"r","level":"debug","message":"info","service":"telecom-billing","timestamp":"2025-12-12 13:43:03"}
{"0":"C","1":"D","10":"s","11":"e","12":"d","13":" ","14":"S","15":"u","16":"c","17":"c","18":"e","19":"s","2":"R","20":"s","21":"f","22":"u","23":"l","24":"l","25":"y","3":" ","4":"P","5":"r","6":"o","7":"c","8":"e","9":"s","level":"debug","message":"info","service":"telecom-billing","timestamp":"2025-12-12 13:43:03"}
{"0":"C","1":"u","10":"a","11":"l","12":"a","13":"n","14":"c","15":"e","16":" ","17":"u","18":"p","19":"d","2":"s","20":"a","21":"t","22":"e","23":"d","3":"t","4":"o","5":"m","6":"e","7":"r","8":" ","9":"b","level":"debug","message":"info","service":"telecom-billing","timestamp":"2025-12-12 13:43:03"}
{"0":"C","1":"D","10":"g","11":" ","12":"u","13":"p","14":"d","15":"a","16":"t","17":"e","18":"d","2":"R","3":" ","4":"b","5":"i","6":"l","7":"l","8":"i","9":"n","level":"debug","message":"info","service":"telecom-billing","timestamp":"2025-12-12 13:43:03"}
{"0":"B","1":"a","10":"a","11":"n","12":"s","13":"a","14":"c","15":"t","16":"i","17":"o","18":"n","19":" ","2":"l","20":"r","21":"e","22":"c","23":"o","24":"r","25":"d","26":"e","27":"d","3":"a","4":"n","5":"c","6":"e","7":" ","8":"t","9":"r","level":"debug","message":"info","service":"telecom-billing","timestamp":"2025-12-12 13:43:03"}
{"0":"C","1":"D","10":"s","11":"e","12":"d","13":" ","14":"S","15":"u","16":"c","17":"c","18":"e","19":"s","2":"R","20":"s","21":"f","22":"u","23":"l","24":"l","25":"y","3":" ","4":"P","5":"r","6":"o","7":"c","8":"e","9":"s","level":"debug","message":"info","service":"telecom-billing","timestamp":"2025-12-12 13:43:03"}
{"0":"C","1":"u","10":"a","11":"l","12":"a","13":"n","14":"c","15":"e","16":" ","17":"u","18":"p","19":"d","2":"s","20":"a","21":"t","22":"e","23":"d","3":"t","4":"o","5":"m","6":"e","7":"r","8":" ","9":"b","level":"debug","message":"info","service":"telecom-billing","timestamp":"2025-12-12 13:43:03"}
{"0":"C","1":"D","10":"g","11":" ","12":"u","13":"p","14":"d","15":"a","16":"t","17":"e","18":"d","2":"R","3":" ","4":"b","5":"i","6":"l","7":"l","8":"i","9":"n","level":"debug","message":"info","service":"telecom-billing","timestamp":"2025-12-12 13:43:03"}
{"0":"B","1":"a","10":"a","11":"n","12":"s","13":"a","14":"c","15":"t","16":"i","17":"o","18":"n","19":" ","2":"l","20":"r","21":"e","22":"c","23":"o","24":"r","25":"d","26":"e","27":"d","3":"a","4":"n","5":"c","6":"e","7":" ","8":"t","9":"r","level":"debug","message":"info","service":"telecom-billing","timestamp":"2025-12-12 13:43:03"}
{"0":"C","1":"D","10":"s","11":"e","12":"d","13":" ","14":"S","15":"u","16":"c","17":"c","18":"e","19":"s","2":"R","20":"s","21":"f","22":"u","23":"l","24":"l","25":"y","3":" ","4":"P","5":"r","6":"o","7":"c","8":"e","9":"s","level":"debug","message":"info","service":"telecom-billing","timestamp":"2025-12-12 13:43:03"}
{"0":"C","1":"u","10":"a","11":"l","12":"a","13":"n","14":"c","15":"e","16":" ","17":"u","18":"p","19":"d","2":"s","20":"a","21":"t","22":"e","23":"d","3":"t","4":"o","5":"m","6":"e","7":"r","8":" ","9":"b","level":"debug","message":"info","service":"telecom-billing","timestamp":"2025-12-12 13:43:03"}
{"0":"C","1":"D","10":"g","11":" ","12":"u","13":"p","14":"d","15":"a","16":"t","17":"e","18":"d","2":"R","3":" ","4":"b","5":"i","6":"l","7":"l","8":"i","9":"n","level":"debug","message":"info","service":"telecom-billing","timestamp":"2025-12-12 13:43:03"}
{"0":"B","1":"a","10":"a","11":"n","12":"s","13":"a","14":"c","15":"t","16":"i","17":"o","18":"n","19":" ","2":"l","20":"r","21":"e","22":"c","23":"o","24":"r","25":"d","26":"e","27":"d","3":"a","4":"n","5":"c","6":"e","7":" ","8":"t","9":"r","level":"debug","message":"info","service":"telecom-billing","timestamp":"2025-12-12 13:43:03"}
{"0":"C","1":"D","10":"s","11":"e","12":"d","13":" ","14":"S","15":"u","16":"c","17":"c","18":"e","19":"s","2":"R","20":"s","21":"f","22":"u","23":"l","24":"l","25":"y","3":" ","4":"P","5":"r","6":"o","7":"c","8":"e","9":"s","level":"debug","message":"info","service":"telecom-billing","timestamp":"2025-12-12 13:43:03"}
{"0":"C","1":"u","10":"a","11":"l","12":"a","13":"n","14":"c","15":"e","16":" ","17":"u","18":"p","19":"d","2":"s","20":"a","21":"t","22":"e","23":"d","3":"t","4":"o","5":"m","6":"e","7":"r","8":" ","9":"b","level":"debug","message":"info","service":"telecom-billing","timestamp":"2025-12-12 13:43:03"}
{"0":"C","1":"D","10":"g","11":" ","12":"u","13":"p","14":"d","15":"a","16":"t","17":"e","18":"d","2":"R","3":" ","4":"b","5":"i","6":"l","7":"l","8":"i","9":"n","level":"debug","message":"info","service":"telecom-billing","timestamp":"2025-12-12 13:43:03"}
{"0":"B","1":"a","10":"a","11":"n","12":"s","13":"a","14":"c","15":"t","16":"i","17":"o","18":"n","19":" ","2":"l","20":"r","21":"e","22":"c","23":"o","24":"r","25":"d","26":"e","27":"d","3":"a","4":"n","5":"c","6":"e","7":" ","8":"t","9":"r","level":"debug","message":"info","service":"telecom-billing","timestamp":"2025-12-12 13:43:03"}
{"0":"C","1":"D","10":"s","11":"e","12":"d","13":" ","14":"S","15":"u","16":"c","17":"c","18":"e","19":"s","2":"R","20":"s","21":"f","22":"u","23":"l","24":"l","25":"y","3":" ","4":"P","5":"r","6":"o","7":"c","8":"e","9":"s","level":"debug","message":"info","service":"telecom-billing","timestamp":"2025-12-12 13:43:03"}
{"0":"C","1":"u","10":"a","11":"l","12":"a","13":"n","14":"c","15":"e","16":" ","17":"u","18":"p","19":"d","2":"s","20":"a","21":"t","22":"e","23":"d","3":"t","4":"o","5":"m","6":"e","7":"r","8":" ","9":"b","level":"debug","message":"info","service":"telecom-billing","timestamp":"2025-12-12 13:43:03"}
{"0":"C","1":"D","10":"g","11":" ","12":"u","13":"p","14":"d","15":"a","16":"t","17":"e","18":"d","2":"R","3":" ","4":"b","5":"i","6":"l","7":"l","8":"i","9":"n","level":"debug","message":"info","service":"telecom-billing","timestamp":"2025-12-12 13:43:03"}
{"0":"B","1":"a","10":"a","11":"n","12":"s","13":"a","14":"c","15":"t","16":"i","17":"o","18":"n","19":" ","2":"l","20":"r","21":"e","22":"c","23":"o","24":"r","25":"d","26":"e","27":"d","3":"a","4":"n","5":"c","6":"e","7":" ","8":"t","9":"r","level":"debug","message":"info","service":"telecom-billing","timestamp":"2025-12-12 13:43:03"}
{"0":"C","1":"D","10":"s","11":"e","12":"d","13":" ","14":"S","15":"u","16":"c","17":"c","18":"e","19":"s","2":"R","20":"s","21":"f","22":"u","23":"l","24":"l","25":"y","3":" ","4":"P","5":"r","6":"o","7":"c","8":"e","9":"s","level":"debug","message":"info","service":"telecom-billing","timestamp":"2025-12-12 13:43:03"}
{"0":"C","1":"u","10":"a","11":"l","12":"a","13":"n","14":"c","15":"e","16":" ","17":"u","18":"p","19":"d","2":"s","20":"a","21":"t","22":"e","23":"d","3":"t","4":"o","5":"m","6":"e","7":"r","8":" ","9":"b","level":"debug","message":"info","service":"telecom-billing","timestamp":"2025-12-12 13:43:03"}
{"0":"C","1":"D","10":"g","11":" ","12":"u","13":"p","14":"d","15":"a","16":"t","17":"e","18":"d","2":"R","3":" ","4":"b","5":"i","6":"l","7":"l","8":"i","9":"n","level":"debug","message":"info","service":"telecom-billing","timestamp":"2025-12-12 13:43:03"}
{"0":"B","1":"a","10":"a","11":"n","12":"s","13":"a","14":"c","15":"t","16":"i","17":"o","18":"n","19":" ","2":"l","20":"r","21":"e","22":"c","23":"o","24":"r","25":"d","26":"e","27":"d","3":"a","4":"n","5":"c","6":"e","7":" ","8":"t","9":"r","level":"debug","message":"info","service":"telecom-billing","timestamp":"2025-12-12 13:43:03"}
{"0":"C","1":"D","10":"s","11":"e","12":"d","13":" ","14":"S","15":"u","16":"c","17":"c","18":"e","19":"s","2":"R","20":"s","21":"f","22":"u","23":"l","24":"l","25":"y","3":" ","4":"P","5":"r","6":"o","7":"c","8":"e","9":"s","level":"debug","message":"info","service":"telecom-billing","timestamp":"2025-12-12 13:43:03"}
{"0":"C","1":"u","10":"a","11":"l","12":"a","13":"n","14":"c","15":"e","16":" ","17":"u","18":"p","19":"d","2":"s","20":"a","21":"t","22":"e","23":"d","3":"t","4":"o","5":"m","6":"e","7":"r","8":" ","9":"b","level":"debug","message":"info","service":"telecom-billing","timestamp":"2025-12-12 13:43:03"}
{"0":"C","1":"D","10":"g","11":" ","12":"u","13":"p","14":"d","15":"a","16":"t","17":"e","18":"d","2":"R","3":" ","4":"b","5":"i","6":"l","7":"l","8":"i","9":"n","level":"debug","message":"info","service":"telecom-billing","timestamp":"2025-12-12 13:43:03"}
{"0":"B","1":"a","10":"a","11":"n","12":"s","13":"a","14":"c","15":"t","16":"i","17":"o","18":"n","19":" ","2":"l","20":"r","21":"e","22":"c","23":"o","24":"r","25":"d","26":"e","27":"d","3":"a","4":"n","5":"c","6":"e","7":" ","8":"t","9":"r","level":"debug","message":"info","service":"telecom-billing","timestamp":"2025-12-12 13:43:03"}
{"0":"C","1":"D","10":"s","11":"e","12":"d","13":" ","14":"S","15":"u","16":"c","17":"c","18":"e","19":"s","2":"R","20":"s","21":"f","22":"u","23":"l","24":"l","25":"y","3":" ","4":"P","5":"r","6":"o","7":"c","8":"e","9":"s","level":"debug","message":"info","service":"telecom-billing","timestamp":"2025-12-12 13:43:03"}
{"0":"C","1":"u","10":"a","11":"l","12":"a","13":"n","14":"c","15":"e","16":" ","17":"u","18":"p","19":"d","2":"s","20":"a","21":"t","22":"e","23":"d","3":"t","4":"o","5":"m","6":"e","7":"r","8":" ","9":"b","level":"debug","message":"info","service":"telecom-billing","timestamp":"2025-12-12 13:43:03"}
{"0":"C","1":"D","10":"g","11":" ","12":"u","13":"p","14":"d","15":"a","16":"t","17":"e","18":"d","2":"R","3":" ","4":"b","5":"i","6":"l","7":"l","8":"i","9":"n","level":"debug","message":"info","service":"telecom-billing","timestamp":"2025-12-12 13:43:03"}
{"0":"B","1":"a","10":"a","11":"n","12":"s","13":"a","14":"c","15":"t","16":"i","17":"o","18":"n","19":" ","2":"l","20":"r","21":"e","22":"c","23":"o","24":"r","25":"d","26":"e","27":"d","3":"a","4":"n","5":"c","6":"e","7":" ","8":"t","9":"r","level":"debug","message":"info","service":"telecom-billing","timestamp":"2025-12-12 13:43:03"}
{"0":"C","1":"D","10":"s","11":"e","12":"d","13":" ","14":"S","15":"u","16":"c","17":"c","18":"e","19":"s","2":"R","20":"s","21":"f","22":"u","23":"l","24":"l","25":"y","3":" ","4":"P","5":"r","6":"o","7":"c","8":"e","9":"s","level":"debug","message":"info","service":"telecom-billing","timestamp":"2025-12-12 13:43:03"}
{"0":"C","1":"u","10":"a","11":"l","12":"a","13":"n","14":"c","15":"e","16":" ","17":"u","18":"p","19":"d","2":"s","20":"a","21":"t","22":"e","23":"d","3":"t","4":"o","5":"m","6":"e","7":"r","8":" ","9":"b","level":"debug","message":"info","service":"telecom-billing","timestamp":"2025-12-12 13:43:03"}
{"0":"C","1":"D","10":"g","11":" ","12":"u","13":"p","14":"d","15":"a","16":"t","17":"e","18":"d","2":"R","3":" ","4":"b","5":"i","6":"l","7":"l","8":"i","9":"n","level":"debug","message":"info","service":"telecom-billing","timestamp":"2025-12-12 13:43:03"}
{"0":"B","1":"a","10":"a","11":"n","12":"s","13":"a","14":"c","15":"t","16":"i","17":"o","18":"n","19":" ","2":"l","20":"r","21":"e","22":"c","23":"o","24":"r","25":"d","26":"e","27":"d","3":"a","4":"n","5":"c","6":"e","7":" ","8":"t","9":"r","level":"debug","message":"info","service":"telecom-billing","timestamp":"2025-12-12 13:43:03"}
{"0":"C","1":"D","10":"s","11":"e","12":"d","13":" ","14":"S","15":"u","16":"c","17":"c","18":"e","19":"s","2":"R","20":"s","21":"f","22":"u","23":"l","24":"l","25":"y","3":" ","4":"P","5":"r","6":"o","7":"c","8":"e","9":"s","level":"debug","message":"info","service":"telecom-billing","timestamp":"2025-12-12 13:43:03"}
{"0":"C","1":"u","10":"a","11":"l","12":"a","13":"n","14":"c","15":"e","16":" ","17":"u","18":"p","19":"d","2":"s","20":"a","21":"t","22":"e","23":"d","3":"t","4":"o","5":"m","6":"e","7":"r","8":" ","9":"b","level":"debug","message":"info","service":"telecom-billing","timestamp":"2025-12-12 13:43:03"}
{"0":"C","1":"D","10":"g","11":" ","12":"u","13":"p","14":"d","15":"a","16":"t","17":"e","18":"d","2":"R","3":" ","4":"b","5":"i","6":"l","7":"l","8":"i","9":"n","level":"debug","message":"info","service":"telecom-billing","timestamp":"2025-12-12 13:43:03"}
{"0":"B","1":"a","10":"a","11":"n","12":"s","13":"a","14":"c","15":"t","16":"i","17":"o","18":"n","19":" ","2":"l","20":"r","21":"e","22":"c","23":"o","24":"r","25":"d","26":"e","27":"d","3":"a","4":"n","5":"c","6":"e","7":" ","8":"t","9":"r","level":"debug","message":"info","service":"telecom-billing","timestamp":"2025-12-12 13:43:03"}
{"0":"C","1":"D","10":"s","11":"e","12":"d","13":" ","14":"S","15":"u","16":"c","17":"c","18":"e","19":"s","2":"R","20":"s","21":"f","22":"u","23":"l","24":"l","25":"y","3":" ","4":"P","5":"r","6":"o","7":"c","8":"e","9":"s","level":"debug","message":"info","service":"telecom-billing","timestamp":"2025-12-12 13:43:03"}
{"0":"C","1":"u","10":"a","11":"l","12":"a","13":"n","14":"c","15":"e","16":" ","17":"u","18":"p","19":"d","2":"s","20":"a","21":"t","22":"e","23":"d","3":"t","4":"o","5":"m","6":"e","7":"r","8":" ","9":"b","level":"debug","message":"info","service":"telecom-billing","timestamp":"2025-12-12 13:43:03"}
{"0":"C","1":"D","10":"g","11":" ","12":"u","13":"p","14":"d","15":"a","16":"t","17":"e","18":"d","2":"R","3":" ","4":"b","5":"i","6":"l","7":"l","8":"i","9":"n","level":"debug","message":"info","service":"telecom-billing","timestamp":"2025-12-12 13:43:03"}
{"0":"B","1":"a","10":"a","11":"n","12":"s","13":"a","14":"c","15":"t","16":"i","17":"o","18":"n","19":" ","2":"l","20":"r","21":"e","22":"c","23":"o","24":"r","25":"d","26":"e","27":"d","3":"a","4":"n","5":"c","6":"e","7":" ","8":"t","9":"r","level":"debug","message":"info","service":"telecom-billing","timestamp":"2025-12-12 13:43:03"}
{"0":"C","1":"D","10":"s","11":"e","12":"d","13":" ","14":"S","15":"u","16":"c","17":"c","18":"e","19":"s","2":"R","20":"s","21":"f","22":"u","23":"l","24":"l","25":"y","3":" ","4":"P","5":"r","6":"o","7":"c","8":"e","9":"s","level":"debug","message":"info","service":"telecom-billing","timestamp":"2025-12-12 13:43:03"}
{"0":"C","1":"u","10":"a","11":"l","12":"a","13":"n","14":"c","15":"e","16":" ","17":"u","18":"p","19":"d","2":"s","20":"a","21":"t","22":"e","23":"d","3":"t","4":"o","5":"m","6":"e","7":"r","8":" ","9":"b","level":"debug","message":"info","service":"telecom-billing","timestamp":"2025-12-12 13:43:03"}
{"0":"C","1":"D","10":"g","11":" ","12":"u","13":"p","14":"d","15":"a","16":"t","17":"e","18":"d","2":"R","3":" ","4":"b","5":"i","6":"l","7":"l","8":"i","9":"n","level":"debug","message":"info","service":"telecom-billing","timestamp":"2025-12-12 13:43:03"}
{"0":"B","1":"a","10":"a","11":"n","12":"s","13":"a","14":"c","15":"t","16":"i","17":"o","18":"n","19":" ","2":"l","20":"r","21":"e","22":"c","23":"o","24":"r","25":"d","26":"e","27":"d","3":"a","4":"n","5":"c","6":"e","7":" ","8":"t","9":"r","level":"debug","message":"info","service":"telecom-billing","timestamp":"2025-12-12 13:43:03"}
{"0":"C","1":"D","10":"s","11":"e","12":"d","13":" ","14":"S","15":"u","16":"c","17":"c","18":"e","19":"s","2":"R","20":"s","21":"f","22":"u","23":"l","24":"l","25":"y","3":" ","4":"P","5":"r","6":"o","7":"c","8":"e","9":"s","level":"debug","message":"info","service":"telecom-billing","timestamp":"2025-12-12 13:43:03"}
{"0":"C","1":"u","10":"a","11":"l","12":"a","13":"n","14":"c","15":"e","16":" ","17":"u","18":"p","19":"d","2":"s","20":"a","21":"t","22":"e","23":"d","3":"t","4":"o","5":"m","6":"e","7":"r","8":" ","9":"b","level":"debug","message":"info","service":"telecom-billing","timestamp":"2025-12-12 13:43:03"}
{"0":"C","1":"D","10":"g","11":" ","12":"u","13":"p","14":"d","15":"a","16":"t","17":"e","18":"d","2":"R","3":" ","4":"b","5":"i","6":"l","7":"l","8":"i","9":"n","level":"debug","message":"info","service":"telecom-billing","timestamp":"2025-12-12 13:43:03"}
{"0":"B","1":"a","10":"a","11":"n","12":"s","13":"a","14":"c","15":"t","16":"i","17":"o","18":"n","19":" ","2":"l","20":"r","21":"e","22":"c","23":"o","24":"r","25":"d","26":"e","27":"d","3":"a","4":"n","5":"c","6":"e","7":" ","8":"t","9":"r","level":"debug","message":"info","service":"telecom-billing","timestamp":"2025-12-12 13:43:03"}
{"0":"C","1":"D","10":"s","11":"e","12":"d","13":" ","14":"S","15":"u","16":"c","17":"c","18":"e","19":"s","2":"R","20":"s","21":"f","22":"u","23":"l","24":"l","25":"y","3":" ","4":"P","5":"r","6":"o","7":"c","8":"e","9":"s","level":"debug","message":"info","service":"telecom-billing","timestamp":"2025-12-12 13:43:03"}
{"0":"C","1":"u","10":"a","11":"l","12":"a","13":"n","14":"c","15":"e","16":" ","17":"u","18":"p","19":"d","2":"s","20":"a","21":"t","22":"e","23":"d","3":"t","4":"o","5":"m","6":"e","7":"r","8":" ","9":"b","level":"debug","message":"info","service":"telecom-billing","timestamp":"2025-12-12 13:43:03"}
{"0":"C","1":"D","10":"g","11":" ","12":"u","13":"p","14":"d","15":"a","16":"t","17":"e","18":"d","2":"R","3":" ","4":"b","5":"i","6":"l","7":"l","8":"i","9":"n","level":"debug","message":"info","service":"telecom-billing","timestamp":"2025-12-12 13:43:03"}
{"0":"B","1":"a","10":"a","11":"n","12":"s","13":"a","14":"c","15":"t","16":"i","17":"o","18":"n","19":" ","2":"l","20":"r","21":"e","22":"c","23":"o","24":"r","25":"d","26":"e","27":"d","3":"a","4":"n","5":"c","6":"e","7":" ","8":"t","9":"r","level":"debug","message":"info","service":"telecom-billing","timestamp":"2025-12-12 13:43:03"}
{"0":"C","1":"D","10":"s","11":"e","12":"d","13":" ","14":"S","15":"u","16":"c","17":"c","18":"e","19":"s","2":"R","20":"s","21":"f","22":"u","23":"l","24":"l","25":"y","3":" ","4":"P","5":"r","6":"o","7":"c","8":"e","9":"s","level":"debug","message":"info","service":"telecom-billing","timestamp":"2025-12-12 13:43:03"}
{"0":"C","1":"u","10":"a","11":"l","12":"a","13":"n","14":"c","15":"e","16":" ","17":"u","18":"p","19":"d","2":"s","20":"a","21":"t","22":"e","23":"d","3":"t","4":"o","5":"m","6":"e","7":"r","8":" ","9":"b","level":"debug","message":"info","service":"telecom-billing","timestamp":"2025-12-12 13:43:03"}
{"0":"C","1":"D","10":"g","11":" ","12":"u","13":"p","14":"d","15":"a","16":"t","17":"e","18":"d","2":"R","3":" ","4":"b","5":"i","6":"l","7":"l","8":"i","9":"n","level":"debug","message":"info","service":"telecom-billing","timestamp":"2025-12-12 13:43:03"}
{"0":"B","1":"a","10":"a","11":"n","12":"s","13":"a","14":"c","15":"t","16":"i","17":"o","18":"n","19":" ","2":"l","20":"r","21":"e","22":"c","23":"o","24":"r","25":"d","26":"e","27":"d","3":"a","4":"n","5":"c","6":"e","7":" ","8":"t","9":"r","level":"debug","message":"info","service":"telecom-billing","timestamp":"2025-12-12 13:43:03"}
{"0":"C","1":"D","10":"s","11":"e","12":"d","13":" ","14":"S","15":"u","16":"c","17":"c","18":"e","19":"s","2":"R","20":"s","21":"f","22":"u","23":"l","24":"l","25":"y","3":" ","4":"P","5":"r","6":"o","7":"c","8":"e","9":"s","level":"debug","message":"info","service":"telecom-billing","timestamp":"2025-12-12 13:43:03"}
{"0":"C","1":"u","10":"a","11":"l","12":"a","13":"n","14":"c","15":"e","16":" ","17":"u","18":"p","19":"d","2":"s","20":"a","21":"t","22":"e","23":"d","3":"t","4":"o","5":"m","6":"e","7":"r","8":" ","9":"b","level":"debug","message":"info","service":"telecom-billing","timestamp":"2025-12-12 13:43:03"}
{"0":"C","1":"D","10":"g","11":" ","12":"u","13":"p","14":"d","15":"a","16":"t","17":"e","18":"d","2":"R","3":" ","4":"b","5":"i","6":"l","7":"l","8":"i","9":"n","level":"debug","message":"info","service":"telecom-billing","timestamp":"2025-12-12 13:43:03"}
{"0":"B","1":"a","10":"a","11":"n","12":"s","13":"a","14":"c","15":"t","16":"i","17":"o","18":"n","19":" ","2":"l","20":"r","21":"e","22":"c","23":"o","24":"r","25":"d","26":"e","27":"d","3":"a","4":"n","5":"c","6":"e","7":" ","8":"t","9":"r","level":"debug","message":"info","service":"telecom-billing","timestamp":"2025-12-12 13:43:03"}
{"0":"C","1":"D","10":"s","11":"e","12":"d","13":" ","14":"S","15":"u","16":"c","17":"c","18":"e","19":"s","2":"R","20":"s","21":"f","22":"u","23":"l","24":"l","25":"y","3":" ","4":"P","5":"r","6":"o","7":"c","8":"e","9":"s","level":"debug","message":"info","service":"telecom-billing","timestamp":"2025-12-12 13:43:03"}
{"0":"C","1":"u","10":"a","11":"l","12":"a","13":"n","14":"c","15":"e","16":" ","17":"u","18":"p","19":"d","2":"s","20":"a","21":"t","22":"e","23":"d","3":"t","4":"o","5":"m","6":"e","7":"r","8":" ","9":"b","level":"debug","message":"info","service":"telecom-billing","timestamp":"2025-12-12 13:43:03"}
{"0":"C","1":"D","10":"g","11":" ","12":"u","13":"p","14":"d","15":"a","16":"t","17":"e","18":"d","2":"R","3":" ","4":"b","5":"i","6":"l","7":"l","8":"i","9":"n","level":"debug","message":"info","service":"telecom-billing","timestamp":"2025-12-12 13:43:03"}
{"0":"B","1":"a","10":"a","11":"n","12":"s","13":"a","14":"c","15":"t","16":"i","17":"o","18":"n","19":" ","2":"l","20":"r","21":"e","22":"c","23":"o","24":"r","25":"d","26":"e","27":"d","3":"a","4":"n","5":"c","6":"e","7":" ","8":"t","9":"r","level":"debug","message":"info","service":"telecom-billing","timestamp":"2025-12-12 13:43:03"}
{"0":"C","1":"D","10":"s","11":"e","12":"d","13":" ","14":"S","15":"u","16":"c","17":"c","18":"e","19":"s","2":"R","20":"s","21":"f","22":"u","23":"l","24":"l","25":"y","3":" ","4":"P","5":"r","6":"o","7":"c","8":"e","9":"s","level":"debug","message":"info","service":"telecom-billing","timestamp":"2025-12-12 13:43:03"}
{"0":"C","1":"u","10":"a","11":"l","12":"a","13":"n","14":"c","15":"e","16":" ","17":"u","18":"p","19":"d","2":"s","20":"a","21":"t","22":"e","23":"d","3":"t","4":"o","5":"m","6":"e","7":"r","8":" ","9":"b","level":"debug","message":"info","service":"telecom-billing","timestamp":"2025-12-12 13:43:03"}
{"0":"C","1":"D","10":"g","11":" ","12":"u","13":"p","14":"d","15":"a","16":"t","17":"e","18":"d","2":"R","3":" ","4":"b","5":"i","6":"l","7":"l","8":"i","9":"n","level":"debug","message":"info","service":"telecom-billing","timestamp":"2025-12-12 13:43:03"}
{"0":"B","1":"a","10":"a","11":"n","12":"s","13":"a","14":"c","15":"t","16":"i","17":"o","18":"n","19":" ","2":"l","20":"r","21":"e","22":"c","23":"o","24":"r","25":"d","26":"e","27":"d","3":"a","4":"n","5":"c","6":"e","7":" ","8":"t","9":"r","level":"debug","message":"info","service":"telecom-billing","timestamp":"2025-12-12 13:43:03"}
{"0":"C","1":"D","10":"s","11":"e","12":"d","13":" ","14":"S","15":"u","16":"c","17":"c","18":"e","19":"s","2":"R","20":"s","21":"f","22":"u","23":"l","24":"l","25":"y","3":" ","4":"P","5":"r","6":"o","7":"c","8":"e","9":"s","level":"debug","message":"info","service":"telecom-billing","timestamp":"2025-12-12 13:43:03"}
{"0":"C","1":"u","10":"a","11":"l","12":"a","13":"n","14":"c","15":"e","16":" ","17":"u","18":"p","19":"d","2":"s","20":"a","21":"t","22":"e","23":"d","3":"t","4":"o","5":"m","6":"e","7":"r","8":" ","9":"b","level":"debug","message":"info","service":"telecom-billing","timestamp":"2025-12-12 13:43:03"}
{"0":"C","1":"D","10":"g","11":" ","12":"u","13":"p","14":"d","15":"a","16":"t","17":"e","18":"d","2":"R","3":" ","4":"b","5":"i","6":"l","7":"l","8":"i","9":"n","level":"debug","message":"info","service":"telecom-billing","timestamp":"2025-12-12 13:43:03"}
{"0":"B","1":"a","10":"a","11":"n","12":"s","13":"a","14":"c","15":"t","16":"i","17":"o","18":"n","19":" ","2":"l","20":"r","21":"e","22":"c","23":"o","24":"r","25":"d","26":"e","27":"d","3":"a","4":"n","5":"c","6":"e","7":" ","8":"t","9":"r","level":"debug","message":"info","service":"telecom-billing","timestamp":"2025-12-12 13:43:03"}
{"0":"C","1":"D","10":"s","11":"e","12":"d","13":" ","14":"S","15":"u","16":"c","17":"c","18":"e","19":"s","2":"R","20":"s","21":"f","22":"u","23":"l","24":"l","25":"y","3":" ","4":"P","5":"r","6":"o","7":"c","8":"e","9":"s","level":"debug","message":"info","service":"telecom-billing","timestamp":"2025-12-12 13:43:03"}
{"0":"C","1":"u","10":"a","11":"l","12":"a","13":"n","14":"c","15":"e","16":" ","17":"u","18":"p","19":"d","2":"s","20":"a","21":"t","22":"e","23":"d","3":"t","4":"o","5":"m","6":"e","7":"r","8":" ","9":"b","level":"debug","message":"info","service":"telecom-billing","timestamp":"2025-12-12 13:43:03"}
{"0":"C","1":"D","10":"g","11":" ","12":"u","13":"p","14":"d","15":"a","16":"t","17":"e","18":"d","2":"R","3":" ","4":"b","5":"i","6":"l","7":"l","8":"i","9":"n","level":"debug","message":"info","service":"telecom-billing","timestamp":"2025-12-12 13:43:03"}
{"0":"B","1":"a","10":"a","11":"n","12":"s","13":"a","14":"c","15":"t","16":"i","17":"o","18":"n","19":" ","2":"l","20":"r","21":"e","22":"c","23":"o","24":"r","25":"d","26":"e","27":"d","3":"a","4":"n","5":"c","6":"e","7":" ","8":"t","9":"r","level":"debug","message":"info","service":"telecom-billing","timestamp":"2025-12-12 13:43:03"}
{"0":"C","1":"D","10":"s","11":"e","12":"d","13":" ","14":"S","15":"u","16":"c","17":"c","18":"e","19":"s","2":"R","20":"s","21":"f","22":"u","23":"l","24":"l","25":"y","3":" ","4":"P","5":"r","6":"o","7":"c","8":"e","9":"s","level":"debug","message":"info","service":"telecom-billing","timestamp":"2025-12-12 13:43:03"}
{"0":"C","1":"u","10":"a","11":"l","12":"a","13":"n","14":"c","15":"e","16":" ","17":"u","18":"p","19":"d","2":"s","20":"a","21":"t","22":"e","23":"d","3":"t","4":"o","5":"m","6":"e","7":"r","8":" ","9":"b","level":"debug","message":"info","service":"telecom-billing","timestamp":"2025-12-12 13:43:03"}
{"0":"C","1":"D","10":"g","11":" ","12":"u","13":"p","14":"d","15":"a","16":"t","17":"e","18":"d","2":"R","3":" ","4":"b","5":"i","6":"l","7":"l","8":"i","9":"n","level":"debug","message":"info","service":"telecom-billing","timestamp":"2025-12-12 13:43:03"}
{"0":"B","1":"a","10":"a","11":"n","12":"s","13":"a","14":"c","15":"t","16":"i","17":"o","18":"n","19":" ","2":"l","20":"r","21":"e","22":"c","23":"o","24":"r","25":"d","26":"e","27":"d","3":"a","4":"n","5":"c","6":"e","7":" ","8":"t","9":"r","level":"debug","message":"info","service":"telecom-billing","timestamp":"2025-12-12 13:43:03"}
{"0":"C","1":"D","10":"s","11":"e","12":"d","13":" ","14":"S","15":"u","16":"c","17":"c","18":"e","19":"s","2":"R","20":"s","21":"f","22":"u","23":"l","24":"l","25":"y","3":" ","4":"P","5":"r","6":"o","7":"c","8":"e","9":"s","level":"debug","message":"info","service":"telecom-billing","timestamp":"2025-12-12 13:43:03"}
{"0":"C","1":"u","10":"a","11":"l","12":"a","13":"n","14":"c","15":"e","16":" ","17":"u","18":"p","19":"d","2":"s","20":"a","21":"t","22":"e","23":"d","3":"t","4":"o","5":"m","6":"e","7":"r","8":" ","9":"b","level":"debug","message":"info","service":"telecom-billing","timestamp":"2025-12-12 13:43:03"}
{"0":"C","1":"D","10":"g","11":" ","12":"u","13":"p","14":"d","15":"a","16":"t","17":"e","18":"d","2":"R","3":" ","4":"b","5":"i","6":"l","7":"l","8":"i","9":"n","level":"debug","message":"info","service":"telecom-billing","timestamp":"2025-12-12 13:43:03"}
{"0":"B","1":"a","10":"a","11":"n","12":"s","13":"a","14":"c","15":"t","16":"i","17":"o","18":"n","19":" ","2":"l","20":"r","21":"e","22":"c","23":"o","24":"r","25":"d","26":"e","27":"d","3":"a","4":"n","5":"c","6":"e","7":" ","8":"t","9":"r","level":"debug","message":"info","service":"telecom-billing","timestamp":"2025-12-12 13:43:03"}
{"0":"C","1":"D","10":"s","11":"e","12":"d","13":" ","14":"S","15":"u","16":"c","17":"c","18":"e","19":"s","2":"R","20":"s","21":"f","22":"u","23":"l","24":"l","25":"y","3":" ","4":"P","5":"r","6":"o","7":"c","8":"e","9":"s","level":"debug","message":"info","service":"telecom-billing","timestamp":"2025-12-12 13:43:03"}
{"0":"C","1":"u","10":"a","11":"l","12":"a","13":"n","14":"c","15":"e","16":" ","17":"u","18":"p","19":"d","2":"s","20":"a","21":"t","22":"e","23":"d","3":"t","4":"o","5":"m","6":"e","7":"r","8":" ","9":"b","level":"debug","message":"info","service":"telecom-billing","timestamp":"2025-12-12 13:43:03"}
{"0":"C","1":"D","10":"g","11":" ","12":"u","13":"p","14":"d","15":"a","16":"t","17":"e","18":"d","2":"R","3":" ","4":"b","5":"i","6":"l","7":"l","8":"i","9":"n","level":"debug","message":"info","service":"telecom-billing","timestamp":"2025-12-12 13:43:03"}
{"0":"B","1":"a","10":"a","11":"n","12":"s","13":"a","14":"c","15":"t","16":"i","17":"o","18":"n","19":" ","2":"l","20":"r","21":"e","22":"c","23":"o","24":"r","25":"d","26":"e","27":"d","3":"a","4":"n","5":"c","6":"e","7":" ","8":"t","9":"r","level":"debug","message":"info","service":"telecom-billing","timestamp":"2025-12-12 13:43:03"}
{"0":"C","1":"D","10":"s","11":"e","12":"d","13":" ","14":"S","15":"u","16":"c","17":"c","18":"e","19":"s","2":"R","20":"s","21":"f","22":"u","23":"l","24":"l","25":"y","3":" ","4":"P","5":"r","6":"o","7":"c","8":"e","9":"s","level":"debug","message":"info","service":"telecom-billing","timestamp":"2025-12-12 13:43:03"}
{"0":"C","1":"u","10":"a","11":"l","12":"a","13":"n","14":"c","15":"e","16":" ","17":"u","18":"p","19":"d","2":"s","20":"a","21":"t","22":"e","23":"d","3":"t","4":"o","5":"m","6":"e","7":"r","8":" ","9":"b","level":"debug","message":"info","service":"telecom-billing","timestamp":"2025-12-12 13:43:03"}
{"0":"C","1":"D","10":"g","11":" ","12":"u","13":"p","14":"d","15":"a","16":"t","17":"e","18":"d","2":"R","3":" ","4":"b","5":"i","6":"l","7":"l","8":"i","9":"n","level":"debug","message":"info","service":"telecom-billing","timestamp":"2025-12-12 13:43:03"}
{"0":"B","1":"a","10":"a","11":"n","12":"s","13":"a","14":"c","15":"t","16":"i","17":"o","18":"n","19":" ","2":"l","20":"r","21":"e","22":"c","23":"o","24":"r","25":"d","26":"e","27":"d","3":"a","4":"n","5":"c","6":"e","7":" ","8":"t","9":"r","level":"debug","message":"info","service":"telecom-billing","timestamp":"2025-12-12 13:43:03"}
{"0":"C","1":"D","10":"s","11":"e","12":"d","13":" ","14":"S","15":"u","16":"c","17":"c","18":"e","19":"s","2":"R","20":"s","21":"f","22":"u","23":"l","24":"l","25":"y","3":" ","4":"P","5":"r","6":"o","7":"c","8":"e","9":"s","level":"debug","message":"info","service":"telecom-billing","timestamp":"2025-12-12 13:43:03"}
{"0":"C","1":"u","10":"a","11":"l","12":"a","13":"n","14":"c","15":"e","16":" ","17":"u","18":"p","19":"d","2":"s","20":"a","21":"t","22":"e","23":"d","3":"t","4":"o","5":"m","6":"e","7":"r","8":" ","9":"b","level":"debug","message":"info","service":"telecom-billing","timestamp":"2025-12-12 13:43:03"}
{"0":"C","1":"D","10":"g","11":" ","12":"u","13":"p","14":"d","15":"a","16":"t","17":"e","18":"d","2":"R","3":" ","4":"b","5":"i","6":"l","7":"l","8":"i","9":"n","level":"debug","message":"info","service":"telecom-billing","timestamp":"2025-12-12 13:43:03"}
{"0":"B","1":"a","10":"a","11":"n","12":"s","13":"a","14":"c","15":"t","16":"i","17":"o","18":"n","19":" ","2":"l","20":"r","21":"e","22":"c","23":"o","24":"r","25":"d","26":"e","27":"d","3":"a","4":"n","5":"c","6":"e","7":" ","8":"t","9":"r","level":"debug","message":"info","service":"telecom-billing","timestamp":"2025-12-12 13:43:03"}
{"0":"C","1":"D","10":"s","11":"e","12":"d","13":" ","14":"S","15":"u","16":"c","17":"c","18":"e","19":"s","2":"R","20":"s","21":"f","22":"u","23":"l","24":"l","25":"y","3":" ","4":"P","5":"r","6":"o","7":"c","8":"e","9":"s","level":"debug","message":"info","service":"telecom-billing","timestamp":"2025-12-12 13:43:03"}
{"0":"C","1":"u","10":"a","11":"l","12":"a","13":"n","14":"c","15":"e","16":" ","17":"u","18":"p","19":"d","2":"s","20":"a","21":"t","22":"e","23":"d","3":"t","4":"o","5":"m","6":"e","7":"r","8":" ","9":"b","level":"debug","message":"info","service":"telecom-billing","timestamp":"2025-12-12 13:43:03"}
{"0":"C","1":"D","10":"g","11":" ","12":"u","13":"p","14":"d","15":"a","16":"t","17":"e","18":"d","2":"R","3":" ","4":"b","5":"i","6":"l","7":"l","8":"i","9":"n","level":"debug","message":"info","service":"telecom-billing","timestamp":"2025-12-12 13:43:03"}
{"0":"B","1":"a","10":"a","11":"n","12":"s","13":"a","14":"c","15":"t","16":"i","17":"o","18":"n","19":" ","2":"l","20":"r","21":"e","22":"c","23":"o","24":"r","25":"d","26":"e","27":"d","3":"a","4":"n","5":"c","6":"e","7":" ","8":"t","9":"r","level":"debug","message":"info","service":"telecom-billing","timestamp":"2025-12-12 13:43:03"}
{"0":"C","1":"D","10":"s","11":"e","12":"d","13":" ","14":"S","15":"u","16":"c","17":"c","18":"e","19":"s","2":"R","20":"s","21":"f","22":"u","23":"l","24":"l","25":"y","3":" ","4":"P","5":"r","6":"o","7":"c","8":"e","9":"s","level":"debug","message":"info","service":"telecom-billing","timestamp":"2025-12-12 13:43:03"}
{"0":"C","1":"u","10":"a","11":"l","12":"a","13":"n","14":"c","15":"e","16":" ","17":"u","18":"p","19":"d","2":"s","20":"a","21":"t","22":"e","23":"d","3":"t","4":"o","5":"m","6":"e","7":"r","8":" ","9":"b","level":"debug","message":"info","service":"telecom-billing","timestamp":"2025-12-12 13:43:03"}
{"0":"C","1":"D","10":"g","11":" ","12":"u","13":"p","14":"d","15":"a","16":"t","17":"e","18":"d","2":"R","3":" ","4":"b","5":"i","6":"l","7":"l","8":"i","9":"n","level":"debug","message":"info","service":"telecom-billing","timestamp":"2025-12-12 13:43:03"}
{"0":"B","1":"a","10":"a","11":"n","12":"s","13":"a","14":"c","15":"t","16":"i","17":"o","18":"n","19":" ","2":"l","20":"r","21":"e","22":"c","23":"o","24":"r","25":"d","26":"e","27":"d","3":"a","4":"n","5":"c","6":"e","7":" ","8":"t","9":"r","level":"debug","message":"info","service":"telecom-billing","timestamp":"2025-12-12 13:43:03"}
{"0":"C","1":"D","10":"s","11":"e","12":"d","13":" ","14":"S","15":"u","16":"c","17":"c","18":"e","19":"s","2":"R","20":"s","21":"f","22":"u","23":"l","24":"l","25":"y","3":" ","4":"P","5":"r","6":"o","7":"c","8":"e","9":"s","level":"debug","message":"info","service":"telecom-billing","timestamp":"2025-12-12 13:43:03"}
{"0":"C","1":"u","10":"a","11":"l","12":"a","13":"n","14":"c","15":"e","16":" ","17":"u","18":"p","19":"d","2":"s","20":"a","21":"t","22":"e","23":"d","3":"t","4":"o","5":"m","6":"e","7":"r","8":" ","9":"b","level":"debug","message":"info","service":"telecom-billing","timestamp":"2025-12-12 13:43:03"}
{"0":"C","1":"D","10":"g","11":" ","12":"u","13":"p","14":"d","15":"a","16":"t","17":"e","18":"d","2":"R","3":" ","4":"b","5":"i","6":"l","7":"l","8":"i","9":"n","level":"debug","message":"info","service":"telecom-billing","timestamp":"2025-12-12 13:43:03"}
{"0":"B","1":"a","10":"a","11":"n","12":"s","13":"a","14":"c","15":"t","16":"i","17":"o","18":"n","19":" ","2":"l","20":"r","21":"e","22":"c","23":"o","24":"r","25":"d","26":"e","27":"d","3":"a","4":"n","5":"c","6":"e","7":" ","8":"t","9":"r","level":"debug","message":"info","service":"telecom-billing","timestamp":"2025-12-12 13:43:03"}
{"0":"C","1":"D","10":"s","11":"e","12":"d","13":" ","14":"S","15":"u","16":"c","17":"c","18":"e","19":"s","2":"R","20":"s","21":"f","22":"u","23":"l","24":"l","25":"y","3":" ","4":"P","5":"r","6":"o","7":"c","8":"e","9":"s","level":"debug","message":"info","service":"telecom-billing","timestamp":"2025-12-12 13:43:03"}
{"0":"C","1":"u","10":"a","11":"l","12":"a","13":"n","14":"c","15":"e","16":" ","17":"u","18":"p","19":"d","2":"s","20":"a","21":"t","22":"e","23":"d","3":"t","4":"o","5":"m","6":"e","7":"r","8":" ","9":"b","level":"debug","message":"info","service":"telecom-billing","timestamp":"2025-12-12 13:43:03"}
{"0":"C","1":"D","10":"g","11":" ","12":"u","13":"p","14":"d","15":"a","16":"t","17":"e","18":"d","2":"R","3":" ","4":"b","5":"i","6":"l","7":"l","8":"i","9":"n","level":"debug","message":"info","service":"telecom-billing","timestamp":"2025-12-12 13:43:03"}
{"0":"B","1":"a","10":"a","11":"n","12":"s","13":"a","14":"c","15":"t","16":"i","17":"o","18":"n","19":" ","2":"l","20":"r","21":"e","22":"c","23":"o","24":"r","25":"d","26":"e","27":"d","3":"a","4":"n","5":"c","6":"e","7":" ","8":"t","9":"r","level":"debug","message":"info","service":"telecom-billing","timestamp":"2025-12-12 13:43:03"}
{"0":"C","1":"D","10":"s","11":"e","12":"d","13":" ","14":"S","15":"u","16":"c","17":"c","18":"e","19":"s","2":"R","20":"s","21":"f","22":"u","23":"l","24":"l","25":"y","3":" ","4":"P","5":"r","6":"o","7":"c","8":"e","9":"s","level":"debug","message":"info","service":"telecom-billing","timestamp":"2025-12-12 13:43:03"}
{"0":"C","1":"u","10":"a","11":"l","12":"a","13":"n","14":"c","15":"e","16":" ","17":"u","18":"p","19":"d","2":"s","20":"a","21":"t","22":"e","23":"d","3":"t","4":"o","5":"m","6":"e","7":"r","8":" ","9":"b","level":"debug","message":"info","service":"telecom-billing","timestamp":"2025-12-12 13:43:03"}
{"0":"C","1":"D","10":"g","11":" ","12":"u","13":"p","14":"d","15":"a","16":"t","17":"e","18":"d","2":"R","3":" ","4":"b","5":"i","6":"l","7":"l","8":"i","9":"n","level":"debug","message":"info","service":"telecom-billing","timestamp":"2025-12-12 13:43:03"}
{"0":"B","1":"a","10":"a","11":"n","12":"s","13":"a","14":"c","15":"t","16":"i","17":"o","18":"n","19":" ","2":"l","20":"r","21":"e","22":"c","23":"o","24":"r","25":"d","26":"e","27":"d","3":"a","4":"n","5":"c","6":"e","7":" ","8":"t","9":"r","level":"debug","message":"info","service":"telecom-billing","timestamp":"2025-12-12 13:43:03"}
{"0":"C","1":"D","10":"s","11":"e","12":"d","13":" ","14":"S","15":"u","16":"c","17":"c","18":"e","19":"s","2":"R","20":"s","21":"f","22":"u","23":"l","24":"l","25":"y","3":" ","4":"P","5":"r","6":"o","7":"c","8":"e","9":"s","level":"debug","message":"info","service":"telecom-billing","timestamp":"2025-12-12 13:43:03"}
{"0":"C","1":"u","10":"a","11":"l","12":"a","13":"n","14":"c","15":"e","16":" ","17":"u","18":"p","19":"d","2":"s","20":"a","21":"t","22":"e","23":"d","3":"t","4":"o","5":"m","6":"e","7":"r","8":" ","9":"b","level":"debug","message":"info","service":"telecom-billing","timestamp":"2025-12-12 13:43:03"}
{"0":"C","1":"D","10":"g","11":" ","12":"u","13":"p","14":"d","15":"a","16":"t","17":"e","18":"d","2":"R","3":" ","4":"b","5":"i","6":"l","7":"l","8":"i","9":"n","level":"debug","message":"info","service":"telecom-billing","timestamp":"2025-12-12 13:43:03"}
{"0":"B","1":"a","10":"a","11":"n","12":"s","13":"a","14":"c","15":"t","16":"i","17":"o","18":"n","19":" ","2":"l","20":"r","21":"e","22":"c","23":"o","24":"r","25":"d","26":"e","27":"d","3":"a","4":"n","5":"c","6":"e","7":" ","8":"t","9":"r","level":"debug","message":"info","service":"telecom-billing","timestamp":"2025-12-12 13:43:03"}
{"0":"C","1":"D","10":"s","11":"e","12":"d","13":" ","14":"S","15":"u","16":"c","17":"c","18":"e","19":"s","2":"R","20":"s","21":"f","22":"u","23":"l","24":"l","25":"y","3":" ","4":"P","5":"r","6":"o","7":"c","8":"e","9":"s","level":"debug","message":"info","service":"telecom-billing","timestamp":"2025-12-12 13:43:03"}
{"0":"C","1":"u","10":"a","11":"l","12":"a","13":"n","14":"c","15":"e","16":" ","17":"u","18":"p","19":"d","2":"s","20":"a","21":"t","22":"e","23":"d","3":"t","4":"o","5":"m","6":"e","7":"r","8":" ","9":"b","level":"debug","message":"info","service":"telecom-billing","timestamp":"2025-12-12 13:43:03"}
{"0":"C","1":"D","10":"g","11":" ","12":"u","13":"p","14":"d","15":"a","16":"t","17":"e","18":"d","2":"R","3":" ","4":"b","5":"i","6":"l","7":"l","8":"i","9":"n","level":"debug","message":"info","service":"telecom-billing","timestamp":"2025-12-12 13:43:03"}
{"0":"B","1":"a","10":"a","11":"n","12":"s","13":"a","14":"c","15":"t","16":"i","17":"o","18":"n","19":" ","2":"l","20":"r","21":"e","22":"c","23":"o","24":"r","25":"d","26":"e","27":"d","3":"a","4":"n","5":"c","6":"e","7":" ","8":"t","9":"r","level":"debug","message":"info","service":"telecom-billing","timestamp":"2025-12-12 13:43:03"}
{"0":"C","1":"D","10":"s","11":"e","12":"d","13":" ","14":"S","15":"u","16":"c","17":"c","18":"e","19":"s","2":"R","20":"s","21":"f","22":"u","23":"l","24":"l","25":"y","3":" ","4":"P","5":"r","6":"o","7":"c","8":"e","9":"s","level":"debug","message":"info","service":"telecom-billing","timestamp":"2025-12-12 13:43:03"}
{"0":"C","1":"u","10":"a","11":"l","12":"a","13":"n","14":"c","15":"e","16":" ","17":"u","18":"p","19":"d","2":"s","20":"a","21":"t","22":"e","23":"d","3":"t","4":"o","5":"m","6":"e","7":"r","8":" ","9":"b","level":"debug","message":"info","service":"telecom-billing","timestamp":"2025-12-12 13:43:03"}
{"0":"C","1":"D","10":"g","11":" ","12":"u","13":"p","14":"d","15":"a","16":"t","17":"e","18":"d","2":"R","3":" ","4":"b","5":"i","6":"l","7":"l","8":"i","9":"n","level":"debug","message":"info","service":"telecom-billing","timestamp":"2025-12-12 13:43:03"}
{"0":"B","1":"a","10":"a","11":"n","12":"s","13":"a","14":"c","15":"t","16":"i","17":"o","18":"n","19":" ","2":"l","20":"r","21":"e","22":"c","23":"o","24":"r","25":"d","26":"e","27":"d","3":"a","4":"n","5":"c","6":"e","7":" ","8":"t","9":"r","level":"debug","message":"info","service":"telecom-billing","timestamp":"2025-12-12 13:43:03"}
{"0":"C","1":"D","10":"s","11":"e","12":"d","13":" ","14":"S","15":"u","16":"c","17":"c","18":"e","19":"s","2":"R","20":"s","21":"f","22":"u","23":"l","24":"l","25":"y","3":" ","4":"P","5":"r","6":"o","7":"c","8":"e","9":"s","level":"debug","message":"info","service":"telecom-billing","timestamp":"2025-12-12 13:43:03"}
{"0":"C","1":"u","10":"a","11":"l","12":"a","13":"n","14":"c","15":"e","16":" ","17":"u","18":"p","19":"d","2":"s","20":"a","21":"t","22":"e","23":"d","3":"t","4":"o","5":"m","6":"e","7":"r","8":" ","9":"b","level":"debug","message":"info","service":"telecom-billing","timestamp":"2025-12-12 13:43:03"}
{"0":"C","1":"D","10":"g","11":" ","12":"u","13":"p","14":"d","15":"a","16":"t","17":"e","18":"d","2":"R","3":" ","4":"b","5":"i","6":"l","7":"l","8":"i","9":"n","level":"debug","message":"info","service":"telecom-billing","timestamp":"2025-12-12 13:43:03"}
{"0":"B","1":"a","10":"a","11":"n","12":"s","13":"a","14":"c","15":"t","16":"i","17":"o","18":"n","19":" ","2":"l","20":"r","21":"e","22":"c","23":"o","24":"r","25":"d","26":"e","27":"d","3":"a","4":"n","5":"c","6":"e","7":" ","8":"t","9":"r","level":"debug","message":"info","service":"telecom-billing","timestamp":"2025-12-12 13:43:03"}
{"0":"C","1":"D","10":"s","11":"e","12":"d","13":" ","14":"S","15":"u","16":"c","17":"c","18":"e","19":"s","2":"R","20":"s","21":"f","22":"u","23":"l","24":"l","25":"y","3":" ","4":"P","5":"r","6":"o","7":"c","8":"e","9":"s","level":"debug","message":"info","service":"telecom-billing","timestamp":"2025-12-12 13:43:03"}
{"0":"C","1":"u","10":"a","11":"l","12":"a","13":"n","14":"c","15":"e","16":" ","17":"u","18":"p","19":"d","2":"s","20":"a","21":"t","22":"e","23":"d","3":"t","4":"o","5":"m","6":"e","7":"r","8":" ","9":"b","level":"debug","message":"info","service":"telecom-billing","timestamp":"2025-12-12 13:43:03"}
{"0":"C","1":"D","10":"g","11":" ","12":"u","13":"p","14":"d","15":"a","16":"t","17":"e","18":"d","2":"R","3":" ","4":"b","5":"i","6":"l","7":"l","8":"i","9":"n","level":"debug","message":"info","service":"telecom-billing","timestamp":"2025-12-12 13:43:03"}
{"0":"B","1":"a","10":"a","11":"n","12":"s","13":"a","14":"c","15":"t","16":"i","17":"o","18":"n","19":" ","2":"l","20":"r","21":"e","22":"c","23":"o","24":"r","25":"d","26":"e","27":"d","3":"a","4":"n","5":"c","6":"e","7":" ","8":"t","9":"r","level":"debug","message":"info","service":"telecom-billing","timestamp":"2025-12-12 13:43:03"}
{"0":"C","1":"D","10":"s","11":"e","12":"d","13":" ","14":"S","15":"u","16":"c","17":"c","18":"e","19":"s","2":"R","20":"s","21":"f","22":"u","23":"l","24":"l","25":"y","3":" ","4":"P","5":"r","6":"o","7":"c","8":"e","9":"s","level":"debug","message":"info","service":"telecom-billing","timestamp":"2025-12-12 13:43:03"}
{"0":"C","1":"u","10":"a","11":"l","12":"a","13":"n","14":"c","15":"e","16":" ","17":"u","18":"p","19":"d","2":"s","20":"a","21":"t","22":"e","23":"d","3":"t","4":"o","5":"m","6":"e","7":"r","8":" ","9":"b","level":"debug","message":"info","service":"telecom-billing","timestamp":"2025-12-12 13:43:03"}
{"0":"C","1":"D","10":"g","11":" ","12":"u","13":"p","14":"d","15":"a","16":"t","17":"e","18":"d","2":"R","3":" ","4":"b","5":"i","6":"l","7":"l","8":"i","9":"n","level":"debug","message":"info","service":"telecom-billing","timestamp":"2025-12-12 13:43:03"}
{"0":"B","1":"a","10":"a","11":"n","12":"s","13":"a","14":"c","15":"t","16":"i","17":"o","18":"n","19":" ","2":"l","20":"r","21":"e","22":"c","23":"o","24":"r","25":"d","26":"e","27":"d","3":"a","4":"n","5":"c","6":"e","7":" ","8":"t","9":"r","level":"debug","message":"info","service":"telecom-billing","timestamp":"2025-12-12 13:43:03"}
{"0":"C","1":"D","10":"s","11":"e","12":"d","13":" ","14":"S","15":"u","16":"c","17":"c","18":"e","19":"s","2":"R","20":"s","21":"f","22":"u","23":"l","24":"l","25":"y","3":" ","4":"P","5":"r","6":"o","7":"c","8":"e","9":"s","level":"debug","message":"info","service":"telecom-billing","timestamp":"2025-12-12 13:43:03"}
{"0":"C","1":"u","10":"a","11":"l","12":"a","13":"n","14":"c","15":"e","16":" ","17":"u","18":"p","19":"d","2":"s","20":"a","21":"t","22":"e","23":"d","3":"t","4":"o","5":"m","6":"e","7":"r","8":" ","9":"b","level":"debug","message":"info","service":"telecom-billing","timestamp":"2025-12-12 13:43:03"}
{"0":"C","1":"D","10":"g","11":" ","12":"u","13":"p","14":"d","15":"a","16":"t","17":"e","18":"d","2":"R","3":" ","4":"b","5":"i","6":"l","7":"l","8":"i","9":"n","level":"debug","message":"info","service":"telecom-billing","timestamp":"2025-12-12 13:43:03"}
{"0":"B","1":"a","10":"a","11":"n","12":"s","13":"a","14":"c","15":"t","16":"i","17":"o","18":"n","19":" ","2":"l","20":"r","21":"e","22":"c","23":"o","24":"r","25":"d","26":"e","27":"d","3":"a","4":"n","5":"c","6":"e","7":" ","8":"t","9":"r","level":"debug","message":"info","service":"telecom-billing","timestamp":"2025-12-12 13:43:03"}
{"0":"C","1":"D","10":"s","11":"e","12":"d","13":" ","14":"S","15":"u","16":"c","17":"c","18":"e","19":"s","2":"R","20":"s","21":"f","22":"u","23":"l","24":"l","25":"y","3":" ","4":"P","5":"r","6":"o","7":"c","8":"e","9":"s","level":"debug","message":"info","service":"telecom-billing","timestamp":"2025-12-12 13:43:03"}
{"0":"C","1":"u","10":"a","11":"l","12":"a","13":"n","14":"c","15":"e","16":" ","17":"u","18":"p","19":"d","2":"s","20":"a","21":"t","22":"e","23":"d","3":"t","4":"o","5":"m","6":"e","7":"r","8":" ","9":"b","level":"debug","message":"info","service":"telecom-billing","timestamp":"2025-12-12 13:43:03"}
{"0":"C","1":"D","10":"g","11":" ","12":"u","13":"p","14":"d","15":"a","16":"t","17":"e","18":"d","2":"R","3":" ","4":"b","5":"i","6":"l","7":"l","8":"i","9":"n","level":"debug","message":"info","service":"telecom-billing","timestamp":"2025-12-12 13:43:03"}
{"0":"B","1":"a","10":"a","11":"n","12":"s","13":"a","14":"c","15":"t","16":"i","17":"o","18":"n","19":" ","2":"l","20":"r","21":"e","22":"c","23":"o","24":"r","25":"d","26":"e","27":"d","3":"a","4":"n","5":"c","6":"e","7":" ","8":"t","9":"r","level":"debug","message":"info","service":"telecom-billing","timestamp":"2025-12-12 13:43:03"}
{"0":"C","1":"D","10":"s","11":"e","12":"d","13":" ","14":"S","15":"u","16":"c","17":"c","18":"e","19":"s","2":"R","20":"s","21":"f","22":"u","23":"l","24":"l","25":"y","3":" ","4":"P","5":"r","6":"o","7":"c","8":"e","9":"s","level":"debug","message":"info","service":"telecom-billing","timestamp":"2025-12-12 13:43:03"}
{"0":"C","1":"u","10":"a","11":"l","12":"a","13":"n","14":"c","15":"e","16":" ","17":"u","18":"p","19":"d","2":"s","20":"a","21":"t","22":"e","23":"d","3":"t","4":"o","5":"m","6":"e","7":"r","8":" ","9":"b","level":"debug","message":"info","service":"telecom-billing","timestamp":"2025-12-12 13:43:03"}
{"0":"C","1":"D","10":"g","11":" ","12":"u","13":"p","14":"d","15":"a","16":"t","17":"e","18":"d","2":"R","3":" ","4":"b","5":"i","6":"l","7":"l","8":"i","9":"n","level":"debug","message":"info","service":"telecom-billing","timestamp":"2025-12-12 13:43:03"}
{"0":"B","1":"a","10":"a","11":"n","12":"s","13":"a","14":"c","15":"t","16":"i","17":"o","18":"n","19":" ","2":"l","20":"r","21":"e","22":"c","23":"o","24":"r","25":"d","26":"e","27":"d","3":"a","4":"n","5":"c","6":"e","7":" ","8":"t","9":"r","level":"debug","message":"info","service":"telecom-billing","timestamp":"2025-12-12 13:43:03"}
{"0":"C","1":"D","10":"s","11":"e","12":"d","13":" ","14":"S","15":"u","16":"c","17":"c","18":"e","19":"s","2":"R","20":"s","21":"f","22":"u","23":"l","24":"l","25":"y","3":" ","4":"P","5":"r","6":"o","7":"c","8":"e","9":"s","level":"debug","message":"info","service":"telecom-billing","timestamp":"2025-12-12 13:43:03"}
{"0":"C","1":"u","10":"a","11":"l","12":"a","13":"n","14":"c","15":"e","16":" ","17":"u","18":"p","19":"d","2":"s","20":"a","21":"t","22":"e","23":"d","3":"t","4":"o","5":"m","6":"e","7":"r","8":" ","9":"b","level":"debug","message":"info","service":"telecom-billing","timestamp":"2025-12-12 13:43:03"}
{"0":"C","1":"D","10":"g","11":" ","12":"u","13":"p","14":"d","15":"a","16":"t","17":"e","18":"d","2":"R","3":" ","4":"b","5":"i","6":"l","7":"l","8":"i","9":"n","level":"debug","message":"info","service":"telecom-billing","timestamp":"2025-12-12 13:43:03"}
{"0":"B","1":"a","10":"a","11":"n","12":"s","13":"a","14":"c","15":"t","16":"i","17":"o","18":"n","19":" ","2":"l","20":"r","21":"e","22":"c","23":"o","24":"r","25":"d","26":"e","27":"d","3":"a","4":"n","5":"c","6":"e","7":" ","8":"t","9":"r","level":"debug","message":"info","service":"telecom-billing","timestamp":"2025-12-12 13:43:03"}
{"0":"C","1":"D","10":"s","11":"e","12":"d","13":" ","14":"S","15":"u","16":"c","17":"c","18":"e","19":"s","2":"R","20":"s","21":"f","22":"u","23":"l","24":"l","25":"y","3":" ","4":"P","5":"r","6":"o","7":"c","8":"e","9":"s","level":"debug","message":"info","service":"telecom-billing","timestamp":"2025-12-12 13:43:03"}
{"0":"C","1":"u","10":"a","11":"l","12":"a","13":"n","14":"c","15":"e","16":" ","17":"u","18":"p","19":"d","2":"s","20":"a","21":"t","22":"e","23":"d","3":"t","4":"o","5":"m","6":"e","7":"r","8":" ","9":"b","level":"debug","message":"info","service":"telecom-billing","timestamp":"2025-12-12 13:43:03"}
{"0":"C","1":"D","10":"g","11":" ","12":"u","13":"p","14":"d","15":"a","16":"t","17":"e","18":"d","2":"R","3":" ","4":"b","5":"i","6":"l","7":"l","8":"i","9":"n","level":"debug","message":"info","service":"telecom-billing","timestamp":"2025-12-12 13:43:03"}
{"0":"B","1":"a","10":"a","11":"n","12":"s","13":"a","14":"c","15":"t","16":"i","17":"o","18":"n","19":" ","2":"l","20":"r","21":"e","22":"c","23":"o","24":"r","25":"d","26":"e","27":"d","3":"a","4":"n","5":"c","6":"e","7":" ","8":"t","9":"r","level":"debug","message":"info","service":"telecom-billing","timestamp":"2025-12-12 13:43:03"}
{"0":"C","1":"D","10":"s","11":"e","12":"d","13":" ","14":"S","15":"u","16":"c","17":"c","18":"e","19":"s","2":"R","20":"s","21":"f","22":"u","23":"l","24":"l","25":"y","3":" ","4":"P","5":"r","6":"o","7":"c","8":"e","9":"s","level":"debug","message":"info","service":"telecom-billing","timestamp":"2025-12-12 13:43:03"}
{"0":"C","1":"u","10":"a","11":"l","12":"a","13":"n","14":"c","15":"e","16":" ","17":"u","18":"p","19":"d","2":"s","20":"a","21":"t","22":"e","23":"d","3":"t","4":"o","5":"m","6":"e","7":"r","8":" ","9":"b","level":"debug","message":"info","service":"telecom-billing","timestamp":"2025-12-12 13:43:03"}
{"0":"C","1":"D","10":"g","11":" ","12":"u","13":"p","14":"d","15":"a","16":"t","17":"e","18":"d","2":"R","3":" ","4":"b","5":"i","6":"l","7":"l","8":"i","9":"n","level":"debug","message":"info","service":"telecom-billing","timestamp":"2025-12-12 13:43:03"}
{"0":"B","1":"a","10":"a","11":"n","12":"s","13":"a","14":"c","15":"t","16":"i","17":"o","18":"n","19":" ","2":"l","20":"r","21":"e","22":"c","23":"o","24":"r","25":"d","26":"e","27":"d","3":"a","4":"n","5":"c","6":"e","7":" ","8":"t","9":"r","level":"debug","message":"info","service":"telecom-billing","timestamp":"2025-12-12 13:43:03"}
{"0":"C","1":"D","10":"s","11":"e","12":"d","13":" ","14":"S","15":"u","16":"c","17":"c","18":"e","19":"s","2":"R","20":"s","21":"f","22":"u","23":"l","24":"l","25":"y","3":" ","4":"P","5":"r","6":"o","7":"c","8":"e","9":"s","level":"debug","message":"info","service":"telecom-billing","timestamp":"2025-12-12 13:43:03"}
{"0":"C","1":"u","10":"a","11":"l","12":"a","13":"n","14":"c","15":"e","16":" ","17":"u","18":"p","19":"d","2":"s","20":"a","21":"t","22":"e","23":"d","3":"t","4":"o","5":"m","6":"e","7":"r","8":" ","9":"b","level":"debug","message":"info","service":"telecom-billing","timestamp":"2025-12-12 13:43:03"}
{"0":"C","1":"D","10":"g","11":" ","12":"u","13":"p","14":"d","15":"a","16":"t","17":"e","18":"d","2":"R","3":" ","4":"b","5":"i","6":"l","7":"l","8":"i","9":"n","level":"debug","message":"info","service":"telecom-billing","timestamp":"2025-12-12 13:43:03"}
{"0":"B","1":"a","10":"a","11":"n","12":"s","13":"a","14":"c","15":"t","16":"i","17":"o","18":"n","19":" ","2":"l","20":"r","21":"e","22":"c","23":"o","24":"r","25":"d","26":"e","27":"d","3":"a","4":"n","5":"c","6":"e","7":" ","8":"t","9":"r","level":"debug","message":"info","service":"telecom-billing","timestamp":"2025-12-12 13:43:03"}
{"0":"C","1":"D","10":"s","11":"e","12":"d","13":" ","14":"S","15":"u","16":"c","17":"c","18":"e","19":"s","2":"R","20":"s","21":"f","22":"u","23":"l","24":"l","25":"y","3":" ","4":"P","5":"r","6":"o","7":"c","8":"e","9":"s","level":"debug","message":"info","service":"telecom-billing","timestamp":"2025-12-12 13:43:03"}
{"0":"C","1":"u","10":"a","11":"l","12":"a","13":"n","14":"c","15":"e","16":" ","17":"u","18":"p","19":"d","2":"s","20":"a","21":"t","22":"e","23":"d","3":"t","4":"o","5":"m","6":"e","7":"r","8":" ","9":"b","level":"debug","message":"info","service":"telecom-billing","timestamp":"2025-12-12 13:43:03"}
{"0":"C","1":"D","10":"g","11":" ","12":"u","13":"p","14":"d","15":"a","16":"t","17":"e","18":"d","2":"R","3":" ","4":"b","5":"i","6":"l","7":"l","8":"i","9":"n","level":"debug","message":"info","service":"telecom-billing","timestamp":"2025-12-12 13:43:03"}
{"0":"B","1":"a","10":"a","11":"n","12":"s","13":"a","14":"c","15":"t","16":"i","17":"o","18":"n","19":" ","2":"l","20":"r","21":"e","22":"c","23":"o","24":"r","25":"d","26":"e","27":"d","3":"a","4":"n","5":"c","6":"e","7":" ","8":"t","9":"r","level":"debug","message":"info","service":"telecom-billing","timestamp":"2025-12-12 13:43:03"}
{"0":"C","1":"D","10":"s","11":"e","12":"d","13":" ","14":"S","15":"u","16":"c","17":"c","18":"e","19":"s","2":"R","20":"s","21":"f","22":"u","23":"l","24":"l","25":"y","3":" ","4":"P","5":"r","6":"o","7":"c","8":"e","9":"s","level":"debug","message":"info","service":"telecom-billing","timestamp":"2025-12-12 13:43:03"}
{"0":"C","1":"u","10":"a","11":"l","12":"a","13":"n","14":"c","15":"e","16":" ","17":"u","18":"p","19":"d","2":"s","20":"a","21":"t","22":"e","23":"d","3":"t","4":"o","5":"m","6":"e","7":"r","8":" ","9":"b","level":"debug","message":"info","service":"telecom-billing","timestamp":"2025-12-12 13:43:03"}
{"0":"C","1":"D","10":"g","11":" ","12":"u","13":"p","14":"d","15":"a","16":"t","17":"e","18":"d","2":"R","3":" ","4":"b","5":"i","6":"l","7":"l","8":"i","9":"n","level":"debug","message":"info","service":"telecom-billing","timestamp":"2025-12-12 13:43:03"}
{"0":"B","1":"a","10":"a","11":"n","12":"s","13":"a","14":"c","15":"t","16":"i","17":"o","18":"n","19":" ","2":"l","20":"r","21":"e","22":"c","23":"o","24":"r","25":"d","26":"e","27":"d","3":"a","4":"n","5":"c","6":"e","7":" ","8":"t","9":"r","level":"debug","message":"info","service":"telecom-billing","timestamp":"2025-12-12 13:43:03"}
{"0":"C","1":"D","10":"s","11":"e","12":"d","13":" ","14":"S","15":"u","16":"c","17":"c","18":"e","19":"s","2":"R","20":"s","21":"f","22":"u","23":"l","24":"l","25":"y","3":" ","4":"P","5":"r","6":"o","7":"c","8":"e","9":"s","level":"debug","message":"info","service":"telecom-billing","timestamp":"2025-12-12 13:43:03"}
{"0":"C","1":"u","10":"a","11":"l","12":"a","13":"n","14":"c","15":"e","16":" ","17":"u","18":"p","19":"d","2":"s","20":"a","21":"t","22":"e","23":"d","3":"t","4":"o","5":"m","6":"e","7":"r","8":" ","9":"b","level":"debug","message":"info","service":"telecom-billing","timestamp":"2025-12-12 13:43:03"}
{"0":"C","1":"D","10":"g","11":" ","12":"u","13":"p","14":"d","15":"a","16":"t","17":"e","18":"d","2":"R","3":" ","4":"b","5":"i","6":"l","7":"l","8":"i","9":"n","level":"debug","message":"info","service":"telecom-billing","timestamp":"2025-12-12 13:43:03"}
{"0":"B","1":"a","10":"a","11":"n","12":"s","13":"a","14":"c","15":"t","16":"i","17":"o","18":"n","19":" ","2":"l","20":"r","21":"e","22":"c","23":"o","24":"r","25":"d","26":"e","27":"d","3":"a","4":"n","5":"c","6":"e","7":" ","8":"t","9":"r","level":"debug","message":"info","service":"telecom-billing","timestamp":"2025-12-12 13:43:03"}
{"0":"C","1":"D","10":"s","11":"e","12":"d","13":" ","14":"S","15":"u","16":"c","17":"c","18":"e","19":"s","2":"R","20":"s","21":"f","22":"u","23":"l","24":"l","25":"y","3":" ","4":"P","5":"r","6":"o","7":"c","8":"e","9":"s","level":"debug","message":"info","service":"telecom-billing","timestamp":"2025-12-12 13:43:03"}
{"0":"C","1":"u","10":"a","11":"l","12":"a","13":"n","14":"c","15":"e","16":" ","17":"u","18":"p","19":"d","2":"s","20":"a","21":"t","22":"e","23":"d","3":"t","4":"o","5":"m","6":"e","7":"r","8":" ","9":"b","level":"debug","message":"info","service":"telecom-billing","timestamp":"2025-12-12 13:43:03"}
{"0":"C","1":"D","10":"g","11":" ","12":"u","13":"p","14":"d","15":"a","16":"t","17":"e","18":"d","2":"R","3":" ","4":"b","5":"i","6":"l","7":"l","8":"i","9":"n","level":"debug","message":"info","service":"telecom-billing","timestamp":"2025-12-12 13:43:03"}
{"0":"B","1":"a","10":"a","11":"n","12":"s","13":"a","14":"c","15":"t","16":"i","17":"o","18":"n","19":" ","2":"l","20":"r","21":"e","22":"c","23":"o","24":"r","25":"d","26":"e","27":"d","3":"a","4":"n","5":"c","6":"e","7":" ","8":"t","9":"r","level":"debug","message":"info","service":"telecom-billing","timestamp":"2025-12-12 13:43:03"}
{"0":"C","1":"D","10":"s","11":"e","12":"d","13":" ","14":"S","15":"u","16":"c","17":"c","18":"e","19":"s","2":"R","20":"s","21":"f","22":"u","23":"l","24":"l","25":"y","3":" ","4":"P","5":"r","6":"o","7":"c","8":"e","9":"s","level":"debug","message":"info","service":"telecom-billing","timestamp":"2025-12-12 13:43:03"}
{"0":"C","1":"u","10":"a","11":"l","12":"a","13":"n","14":"c","15":"e","16":" ","17":"u","18":"p","19":"d","2":"s","20":"a","21":"t","22":"e","23":"d","3":"t","4":"o","5":"m","6":"e","7":"r","8":" ","9":"b","level":"debug","message":"info","service":"telecom-billing","timestamp":"2025-12-12 13:43:03"}
{"0":"C","1":"D","10":"g","11":" ","12":"u","13":"p","14":"d","15":"a","16":"t","17":"e","18":"d","2":"R","3":" ","4":"b","5":"i","6":"l","7":"l","8":"i","9":"n","level":"debug","message":"info","service":"telecom-billing","timestamp":"2025-12-12 13:43:03"}
{"0":"B","1":"a","10":"a","11":"n","12":"s","13":"a","14":"c","15":"t","16":"i","17":"o","18":"n","19":" ","2":"l","20":"r","21":"e","22":"c","23":"o","24":"r","25":"d","26":"e","27":"d","3":"a","4":"n","5":"c","6":"e","7":" ","8":"t","9":"r","level":"debug","message":"info","service":"telecom-billing","timestamp":"2025-12-12 13:43:03"}
{"0":"C","1":"D","10":"s","11":"e","12":"d","13":" ","14":"S","15":"u","16":"c","17":"c","18":"e","19":"s","2":"R","20":"s","21":"f","22":"u","23":"l","24":"l","25":"y","3":" ","4":"P","5":"r","6":"o","7":"c","8":"e","9":"s","level":"debug","message":"info","service":"telecom-billing","timestamp":"2025-12-12 13:43:03"}
{"0":"C","1":"u","10":"a","11":"l","12":"a","13":"n","14":"c","15":"e","16":" ","17":"u","18":"p","19":"d","2":"s","20":"a","21":"t","22":"e","23":"d","3":"t","4":"o","5":"m","6":"e","7":"r","8":" ","9":"b","level":"debug","message":"info","service":"telecom-billing","timestamp":"2025-12-12 13:43:03"}
{"0":"C","1":"D","10":"g","11":" ","12":"u","13":"p","14":"d","15":"a","16":"t","17":"e","18":"d","2":"R","3":" ","4":"b","5":"i","6":"l","7":"l","8":"i","9":"n","level":"debug","message":"info","service":"telecom-billing","timestamp":"2025-12-12 13:43:03"}
{"0":"B","1":"a","10":"a","11":"n","12":"s","13":"a","14":"c","15":"t","16":"i","17":"o","18":"n","19":" ","2":"l","20":"r","21":"e","22":"c","23":"o","24":"r","25":"d","26":"e","27":"d","3":"a","4":"n","5":"c","6":"e","7":" ","8":"t","9":"r","level":"debug","message":"info","service":"telecom-billing","timestamp":"2025-12-12 13:43:03"}
{"0":"C","1":"D","10":"s","11":"e","12":"d","13":" ","14":"S","15":"u","16":"c","17":"c","18":"e","19":"s","2":"R","20":"s","21":"f","22":"u","23":"l","24":"l","25":"y","3":" ","4":"P","5":"r","6":"o","7":"c","8":"e","9":"s","level":"debug","message":"info","service":"telecom-billing","timestamp":"2025-12-12 13:43:03"}
{"0":"C","1":"u","10":"a","11":"l","12":"a","13":"n","14":"c","15":"e","16":" ","17":"u","18":"p","19":"d","2":"s","20":"a","21":"t","22":"e","23":"d","3":"t","4":"o","5":"m","6":"e","7":"r","8":" ","9":"b","level":"debug","message":"info","service":"telecom-billing","timestamp":"2025-12-12 13:43:03"}
{"0":"C","1":"D","10":"g","11":" ","12":"u","13":"p","14":"d","15":"a","16":"t","17":"e","18":"d","2":"R","3":" ","4":"b","5":"i","6":"l","7":"l","8":"i","9":"n","level":"debug","message":"info","service":"telecom-billing","timestamp":"2025-12-12 13:43:03"}
{"0":"B","1":"a","10":"a","11":"n","12":"s","13":"a","14":"c","15":"t","16":"i","17":"o","18":"n","19":" ","2":"l","20":"r","21":"e","22":"c","23":"o","24":"r","25":"d","26":"e","27":"d","3":"a","4":"n","5":"c","6":"e","7":" ","8":"t","9":"r","level":"debug","message":"info","service":"telecom-billing","timestamp":"2025-12-12 13:43:03"}
{"0":"C","1":"D","10":"s","11":"e","12":"d","13":" ","14":"S","15":"u","16":"c","17":"c","18":"e","19":"s","2":"R","20":"s","21":"f","22":"u","23":"l","24":"l","25":"y","3":" ","4":"P","5":"r","6":"o","7":"c","8":"e","9":"s","level":"debug","message":"info","service":"telecom-billing","timestamp":"2025-12-12 13:43:03"}
{"0":"C","1":"u","10":"a","11":"l","12":"a","13":"n","14":"c","15":"e","16":" ","17":"u","18":"p","19":"d","2":"s","20":"a","21":"t","22":"e","23":"d","3":"t","4":"o","5":"m","6":"e","7":"r","8":" ","9":"b","level":"debug","message":"info","service":"telecom-billing","timestamp":"2025-12-12 13:43:03"}
{"0":"C","1":"D","10":"g","11":" ","12":"u","13":"p","14":"d","15":"a","16":"t","17":"e","18":"d","2":"R","3":" ","4":"b","5":"i","6":"l","7":"l","8":"i","9":"n","level":"debug","message":"info","service":"telecom-billing","timestamp":"2025-12-12 13:43:03"}
{"0":"B","1":"a","10":"a","11":"n","12":"s","13":"a","14":"c","15":"t","16":"i","17":"o","18":"n","19":" ","2":"l","20":"r","21":"e","22":"c","23":"o","24":"r","25":"d","26":"e","27":"d","3":"a","4":"n","5":"c","6":"e","7":" ","8":"t","9":"r","level":"debug","message":"info","service":"telecom-billing","timestamp":"2025-12-12 13:43:03"}
{"0":"C","1":"D","10":"s","11":"e","12":"d","13":" ","14":"S","15":"u","16":"c","17":"c","18":"e","19":"s","2":"R","20":"s","21":"f","22":"u","23":"l","24":"l","25":"y","3":" ","4":"P","5":"r","6":"o","7":"c","8":"e","9":"s","level":"debug","message":"info","service":"telecom-billing","timestamp":"2025-12-12 13:43:03"}
{"0":"C","1":"u","10":"a","11":"l","12":"a","13":"n","14":"c","15":"e","16":" ","17":"u","18":"p","19":"d","2":"s","20":"a","21":"t","22":"e","23":"d","3":"t","4":"o","5":"m","6":"e","7":"r","8":" ","9":"b","level":"debug","message":"info","service":"telecom-billing","timestamp":"2025-12-12 13:43:03"}
{"0":"C","1":"D","10":"g","11":" ","12":"u","13":"p","14":"d","15":"a","16":"t","17":"e","18":"d","2":"R","3":" ","4":"b","5":"i","6":"l","7":"l","8":"i","9":"n","level":"debug","message":"info","service":"telecom-billing","timestamp":"2025-12-12 13:43:03"}
{"0":"B","1":"a","10":"a","11":"n","12":"s","13":"a","14":"c","15":"t","16":"i","17":"o","18":"n","19":" ","2":"l","20":"r","21":"e","22":"c","23":"o","24":"r","25":"d","26":"e","27":"d","3":"a","4":"n","5":"c","6":"e","7":" ","8":"t","9":"r","level":"debug","message":"info","service":"telecom-billing","timestamp":"2025-12-12 13:43:03"}
{"0":"C","1":"D","10":"s","11":"e","12":"d","13":" ","14":"S","15":"u","16":"c","17":"c","18":"e","19":"s","2":"R","20":"s","21":"f","22":"u","23":"l","24":"l","25":"y","3":" ","4":"P","5":"r","6":"o","7":"c","8":"e","9":"s","level":"debug","message":"info","service":"telecom-billing","timestamp":"2025-12-12 13:43:03"}
{"0":"C","1":"u","10":"a","11":"l","12":"a","13":"n","14":"c","15":"e","16":" ","17":"u","18":"p","19":"d","2":"s","20":"a","21":"t","22":"e","23":"d","3":"t","4":"o","5":"m","6":"e","7":"r","8":" ","9":"b","level":"debug","message":"info","service":"telecom-billing","timestamp":"2025-12-12 13:43:03"}
{"0":"C","1":"D","10":"g","11":" ","12":"u","13":"p","14":"d","15":"a","16":"t","17":"e","18":"d","2":"R","3":" ","4":"b","5":"i","6":"l","7":"l","8":"i","9":"n","level":"debug","message":"info","service":"telecom-billing","timestamp":"2025-12-12 13:43:03"}
{"0":"B","1":"a","10":"a","11":"n","12":"s","13":"a","14":"c","15":"t","16":"i","17":"o","18":"n","19":" ","2":"l","20":"r","21":"e","22":"c","23":"o","24":"r","25":"d","26":"e","27":"d","3":"a","4":"n","5":"c","6":"e","7":" ","8":"t","9":"r","level":"debug","message":"info","service":"telecom-billing","timestamp":"2025-12-12 13:43:03"}
{"0":"C","1":"D","10":"s","11":"e","12":"d","13":" ","14":"S","15":"u","16":"c","17":"c","18":"e","19":"s","2":"R","20":"s","21":"f","22":"u","23":"l","24":"l","25":"y","3":" ","4":"P","5":"r","6":"o","7":"c","8":"e","9":"s","level":"debug","message":"info","service":"telecom-billing","timestamp":"2025-12-12 13:43:03"}
{"0":"C","1":"u","10":"a","11":"l","12":"a","13":"n","14":"c","15":"e","16":" ","17":"u","18":"p","19":"d","2":"s","20":"a","21":"t","22":"e","23":"d","3":"t","4":"o","5":"m","6":"e","7":"r","8":" ","9":"b","level":"debug","message":"info","service":"telecom-billing","timestamp":"2025-12-12 13:43:03"}
{"0":"C","1":"D","10":"g","11":" ","12":"u","13":"p","14":"d","15":"a","16":"t","17":"e","18":"d","2":"R","3":" ","4":"b","5":"i","6":"l","7":"l","8":"i","9":"n","level":"debug","message":"info","service":"telecom-billing","timestamp":"2025-12-12 13:43:03"}
{"0":"B","1":"a","10":"a","11":"n","12":"s","13":"a","14":"c","15":"t","16":"i","17":"o","18":"n","19":" ","2":"l","20":"r","21":"e","22":"c","23":"o","24":"r","25":"d","26":"e","27":"d","3":"a","4":"n","5":"c","6":"e","7":" ","8":"t","9":"r","level":"debug","message":"info","service":"telecom-billing","timestamp":"2025-12-12 13:43:03"}
{"0":"C","1":"D","10":"s","11":"e","12":"d","13":" ","14":"S","15":"u","16":"c","17":"c","18":"e","19":"s","2":"R","20":"s","21":"f","22":"u","23":"l","24":"l","25":"y","3":" ","4":"P","5":"r","6":"o","7":"c","8":"e","9":"s","level":"debug","message":"info","service":"telecom-billing","timestamp":"2025-12-12 13:43:03"}
{"0":"C","1":"u","10":"a","11":"l","12":"a","13":"n","14":"c","15":"e","16":" ","17":"u","18":"p","19":"d","2":"s","20":"a","21":"t","22":"e","23":"d","3":"t","4":"o","5":"m","6":"e","7":"r","8":" ","9":"b","level":"debug","message":"info","service":"telecom-billing","timestamp":"2025-12-12 13:43:03"}
{"0":"C","1":"D","10":"g","11":" ","12":"u","13":"p","14":"d","15":"a","16":"t","17":"e","18":"d","2":"R","3":" ","4":"b","5":"i","6":"l","7":"l","8":"i","9":"n","level":"debug","message":"info","service":"telecom-billing","timestamp":"2025-12-12 13:43:03"}
{"0":"B","1":"a","10":"a","11":"n","12":"s","13":"a","14":"c","15":"t","16":"i","17":"o","18":"n","19":" ","2":"l","20":"r","21":"e","22":"c","23":"o","24":"r","25":"d","26":"e","27":"d","3":"a","4":"n","5":"c","6":"e","7":" ","8":"t","9":"r","level":"debug","message":"info","service":"telecom-billing","timestamp":"2025-12-12 13:43:03"}
{"0":"C","1":"D","10":"s","11":"e","12":"d","13":" ","14":"S","15":"u","16":"c","17":"c","18":"e","19":"s","2":"R","20":"s","21":"f","22":"u","23":"l","24":"l","25":"y","3":" ","4":"P","5":"r","6":"o","7":"c","8":"e","9":"s","level":"debug","message":"info","service":"telecom-billing","timestamp":"2025-12-12 13:43:03"}
{"0":"C","1":"u","10":"a","11":"l","12":"a","13":"n","14":"c","15":"e","16":" ","17":"u","18":"p","19":"d","2":"s","20":"a","21":"t","22":"e","23":"d","3":"t","4":"o","5":"m","6":"e","7":"r","8":" ","9":"b","level":"debug","message":"info","service":"telecom-billing","timestamp":"2025-12-12 13:43:03"}
{"0":"C","1":"D","10":"g","11":" ","12":"u","13":"p","14":"d","15":"a","16":"t","17":"e","18":"d","2":"R","3":" ","4":"b","5":"i","6":"l","7":"l","8":"i","9":"n","level":"debug","message":"info","service":"telecom-billing","timestamp":"2025-12-12 13:43:03"}
{"0":"B","1":"a","10":"a","11":"n","12":"s","13":"a","14":"c","15":"t","16":"i","17":"o","18":"n","19":" ","2":"l","20":"r","21":"e","22":"c","23":"o","24":"r","25":"d","26":"e","27":"d","3":"a","4":"n","5":"c","6":"e","7":" ","8":"t","9":"r","level":"debug","message":"info","service":"telecom-billing","timestamp":"2025-12-12 13:43:03"}
{"0":"C","1":"D","10":"s","11":"e","12":"d","13":" ","14":"S","15":"u","16":"c","17":"c","18":"e","19":"s","2":"R","20":"s","21":"f","22":"u","23":"l","24":"l","25":"y","3":" ","4":"P","5":"r","6":"o","7":"c","8":"e","9":"s","level":"debug","message":"info","service":"telecom-billing","timestamp":"2025-12-12 13:43:03"}
{"0":"C","1":"u","10":"a","11":"l","12":"a","13":"n","14":"c","15":"e","16":" ","17":"u","18":"p","19":"d","2":"s","20":"a","21":"t","22":"e","23":"d","3":"t","4":"o","5":"m","6":"e","7":"r","8":" ","9":"b","level":"debug","message":"info","service":"telecom-billing","timestamp":"2025-12-12 13:43:03"}
{"0":"C","1":"D","10":"g","11":" ","12":"u","13":"p","14":"d","15":"a","16":"t","17":"e","18":"d","2":"R","3":" ","4":"b","5":"i","6":"l","7":"l","8":"i","9":"n","level":"debug","message":"info","service":"telecom-billing","timestamp":"2025-12-12 13:43:03"}
{"0":"B","1":"a","10":"a","11":"n","12":"s","13":"a","14":"c","15":"t","16":"i","17":"o","18":"n","19":" ","2":"l","20":"r","21":"e","22":"c","23":"o","24":"r","25":"d","26":"e","27":"d","3":"a","4":"n","5":"c","6":"e","7":" ","8":"t","9":"r","level":"debug","message":"info","service":"telecom-billing","timestamp":"2025-12-12 13:43:03"}
{"0":"C","1":"D","10":"s","11":"e","12":"d","13":" ","14":"S","15":"u","16":"c","17":"c","18":"e","19":"s","2":"R","20":"s","21":"f","22":"u","23":"l","24":"l","25":"y","3":" ","4":"P","5":"r","6":"o","7":"c","8":"e","9":"s","level":"debug","message":"info","service":"telecom-billing","timestamp":"2025-12-12 13:43:03"}
{"0":"C","1":"u","10":"a","11":"l","12":"a","13":"n","14":"c","15":"e","16":" ","17":"u","18":"p","19":"d","2":"s","20":"a","21":"t","22":"e","23":"d","3":"t","4":"o","5":"m","6":"e","7":"r","8":" ","9":"b","level":"debug","message":"info","service":"telecom-billing","timestamp":"2025-12-12 13:43:03"}
{"0":"C","1":"D","10":"g","11":" ","12":"u","13":"p","14":"d","15":"a","16":"t","17":"e","18":"d","2":"R","3":" ","4":"b","5":"i","6":"l","7":"l","8":"i","9":"n","level":"debug","message":"info","service":"telecom-billing","timestamp":"2025-12-12 13:43:03"}
{"0":"B","1":"a","10":"a","11":"n","12":"s","13":"a","14":"c","15":"t","16":"i","17":"o","18":"n","19":" ","2":"l","20":"r","21":"e","22":"c","23":"o","24":"r","25":"d","26":"e","27":"d","3":"a","4":"n","5":"c","6":"e","7":" ","8":"t","9":"r","level":"debug","message":"info","service":"telecom-billing","timestamp":"2025-12-12 13:43:03"}
{"0":"C","1":"D","10":"s","11":"e","12":"d","13":" ","14":"S","15":"u","16":"c","17":"c","18":"e","19":"s","2":"R","20":"s","21":"f","22":"u","23":"l","24":"l","25":"y","3":" ","4":"P","5":"r","6":"o","7":"c","8":"e","9":"s","level":"debug","message":"info","service":"telecom-billing","timestamp":"2025-12-12 13:43:03"}
{"0":"C","1":"u","10":"a","11":"l","12":"a","13":"n","14":"c","15":"e","16":" ","17":"u","18":"p","19":"d","2":"s","20":"a","21":"t","22":"e","23":"d","3":"t","4":"o","5":"m","6":"e","7":"r","8":" ","9":"b","level":"debug","message":"info","service":"telecom-billing","timestamp":"2025-12-12 13:43:03"}
{"0":"C","1":"D","10":"g","11":" ","12":"u","13":"p","14":"d","15":"a","16":"t","17":"e","18":"d","2":"R","3":" ","4":"b","5":"i","6":"l","7":"l","8":"i","9":"n","level":"debug","message":"info","service":"telecom-billing","timestamp":"2025-12-12 13:43:03"}
{"0":"B","1":"a","10":"a","11":"n","12":"s","13":"a","14":"c","15":"t","16":"i","17":"o","18":"n","19":" ","2":"l","20":"r","21":"e","22":"c","23":"o","24":"r","25":"d","26":"e","27":"d","3":"a","4":"n","5":"c","6":"e","7":" ","8":"t","9":"r","level":"debug","message":"info","service":"telecom-billing","timestamp":"2025-12-12 13:43:03"}
{"0":"C","1":"D","10":"s","11":"e","12":"d","13":" ","14":"S","15":"u","16":"c","17":"c","18":"e","19":"s","2":"R","20":"s","21":"f","22":"u","23":"l","24":"l","25":"y","3":" ","4":"P","5":"r","6":"o","7":"c","8":"e","9":"s","level":"debug","message":"info","service":"telecom-billing","timestamp":"2025-12-12 13:43:03"}
{"0":"C","1":"u","10":"a","11":"l","12":"a","13":"n","14":"c","15":"e","16":" ","17":"u","18":"p","19":"d","2":"s","20":"a","21":"t","22":"e","23":"d","3":"t","4":"o","5":"m","6":"e","7":"r","8":" ","9":"b","level":"debug","message":"info","service":"telecom-billing","timestamp":"2025-12-12 13:43:03"}
{"0":"C","1":"D","10":"g","11":" ","12":"u","13":"p","14":"d","15":"a","16":"t","17":"e","18":"d","2":"R","3":" ","4":"b","5":"i","6":"l","7":"l","8":"i","9":"n","level":"debug","message":"info","service":"telecom-billing","timestamp":"2025-12-12 13:43:03"}
{"0":"B","1":"a","10":"a","11":"n","12":"s","13":"a","14":"c","15":"t","16":"i","17":"o","18":"n","19":" ","2":"l","20":"r","21":"e","22":"c","23":"o","24":"r","25":"d","26":"e","27":"d","3":"a","4":"n","5":"c","6":"e","7":" ","8":"t","9":"r","level":"debug","message":"info","service":"telecom-billing","timestamp":"2025-12-12 13:43:03"}
{"0":"C","1":"D","10":"s","11":"e","12":"d","13":" ","14":"S","15":"u","16":"c","17":"c","18":"e","19":"s","2":"R","20":"s","21":"f","22":"u","23":"l","24":"l","25":"y","3":" ","4":"P","5":"r","6":"o","7":"c","8":"e","9":"s","level":"debug","message":"info","service":"telecom-billing","timestamp":"2025-12-12 13:43:03"}
{"0":"C","1":"u","10":"a","11":"l","12":"a","13":"n","14":"c","15":"e","16":" ","17":"u","18":"p","19":"d","2":"s","20":"a","21":"t","22":"e","23":"d","3":"t","4":"o","5":"m","6":"e","7":"r","8":" ","9":"b","level":"debug","message":"info","service":"telecom-billing","timestamp":"2025-12-12 13:43:03"}
{"0":"C","1":"D","10":"g","11":" ","12":"u","13":"p","14":"d","15":"a","16":"t","17":"e","18":"d","2":"R","3":" ","4":"b","5":"i","6":"l","7":"l","8":"i","9":"n","level":"debug","message":"info","service":"telecom-billing","timestamp":"2025-12-12 13:43:03"}
{"0":"B","1":"a","10":"a","11":"n","12":"s","13":"a","14":"c","15":"t","16":"i","17":"o","18":"n","19":" ","2":"l","20":"r","21":"e","22":"c","23":"o","24":"r","25":"d","26":"e","27":"d","3":"a","4":"n","5":"c","6":"e","7":" ","8":"t","9":"r","level":"debug","message":"info","service":"telecom-billing","timestamp":"2025-12-12 13:43:03"}
{"0":"C","1":"D","10":"s","11":"e","12":"d","13":" ","14":"S","15":"u","16":"c","17":"c","18":"e","19":"s","2":"R","20":"s","21":"f","22":"u","23":"l","24":"l","25":"y","3":" ","4":"P","5":"r","6":"o","7":"c","8":"e","9":"s","level":"debug","message":"info","service":"telecom-billing","timestamp":"2025-12-12 13:43:03"}
{"0":"C","1":"u","10":"a","11":"l","12":"a","13":"n","14":"c","15":"e","16":" ","17":"u","18":"p","19":"d","2":"s","20":"a","21":"t","22":"e","23":"d","3":"t","4":"o","5":"m","6":"e","7":"r","8":" ","9":"b","level":"debug","message":"info","service":"telecom-billing","timestamp":"2025-12-12 13:43:03"}
{"0":"C","1":"D","10":"g","11":" ","12":"u","13":"p","14":"d","15":"a","16":"t","17":"e","18":"d","2":"R","3":" ","4":"b","5":"i","6":"l","7":"l","8":"i","9":"n","level":"debug","message":"info","service":"telecom-billing","timestamp":"2025-12-12 13:43:03"}
{"0":"B","1":"a","10":"a","11":"n","12":"s","13":"a","14":"c","15":"t","16":"i","17":"o","18":"n","19":" ","2":"l","20":"r","21":"e","22":"c","23":"o","24":"r","25":"d","26":"e","27":"d","3":"a","4":"n","5":"c","6":"e","7":" ","8":"t","9":"r","level":"debug","message":"info","service":"telecom-billing","timestamp":"2025-12-12 13:43:03"}
{"0":"C","1":"D","10":"s","11":"e","12":"d","13":" ","14":"S","15":"u","16":"c","17":"c","18":"e","19":"s","2":"R","20":"s","21":"f","22":"u","23":"l","24":"l","25":"y","3":" ","4":"P","5":"r","6":"o","7":"c","8":"e","9":"s","level":"debug","message":"info","service":"telecom-billing","timestamp":"2025-12-12 13:43:03"}
{"0":"C","1":"u","10":"a","11":"l","12":"a","13":"n","14":"c","15":"e","16":" ","17":"u","18":"p","19":"d","2":"s","20":"a","21":"t","22":"e","23":"d","3":"t","4":"o","5":"m","6":"e","7":"r","8":" ","9":"b","level":"debug","message":"info","service":"telecom-billing","timestamp":"2025-12-12 13:43:03"}
{"0":"C","1":"D","10":"g","11":" ","12":"u","13":"p","14":"d","15":"a","16":"t","17":"e","18":"d","2":"R","3":" ","4":"b","5":"i","6":"l","7":"l","8":"i","9":"n","level":"debug","message":"info","service":"telecom-billing","timestamp":"2025-12-12 13:43:03"}
{"0":"B","1":"a","10":"a","11":"n","12":"s","13":"a","14":"c","15":"t","16":"i","17":"o","18":"n","19":" ","2":"l","20":"r","21":"e","22":"c","23":"o","24":"r","25":"d","26":"e","27":"d","3":"a","4":"n","5":"c","6":"e","7":" ","8":"t","9":"r","level":"debug","message":"info","service":"telecom-billing","timestamp":"2025-12-12 13:43:03"}
{"0":"C","1":"D","10":"s","11":"e","12":"d","13":" ","14":"S","15":"u","16":"c","17":"c","18":"e","19":"s","2":"R","20":"s","21":"f","22":"u","23":"l","24":"l","25":"y","3":" ","4":"P","5":"r","6":"o","7":"c","8":"e","9":"s","level":"debug","message":"info","service":"telecom-billing","timestamp":"2025-12-12 13:43:03"}
{"0":"C","1":"u","10":"a","11":"l","12":"a","13":"n","14":"c","15":"e","16":" ","17":"u","18":"p","19":"d","2":"s","20":"a","21":"t","22":"e","23":"d","3":"t","4":"o","5":"m","6":"e","7":"r","8":" ","9":"b","level":"debug","message":"info","service":"telecom-billing","timestamp":"2025-12-12 13:43:03"}
{"0":"C","1":"D","10":"g","11":" ","12":"u","13":"p","14":"d","15":"a","16":"t","17":"e","18":"d","2":"R","3":" ","4":"b","5":"i","6":"l","7":"l","8":"i","9":"n","level":"debug","message":"info","service":"telecom-billing","timestamp":"2025-12-12 13:43:03"}
{"0":"B","1":"a","10":"a","11":"n","12":"s","13":"a","14":"c","15":"t","16":"i","17":"o","18":"n","19":" ","2":"l","20":"r","21":"e","22":"c","23":"o","24":"r","25":"d","26":"e","27":"d","3":"a","4":"n","5":"c","6":"e","7":" ","8":"t","9":"r","level":"debug","message":"info","service":"telecom-billing","timestamp":"2025-12-12 13:43:03"}
{"0":"C","1":"D","10":"s","11":"e","12":"d","13":" ","14":"S","15":"u","16":"c","17":"c","18":"e","19":"s","2":"R","20":"s","21":"f","22":"u","23":"l","24":"l","25":"y","3":" ","4":"P","5":"r","6":"o","7":"c","8":"e","9":"s","level":"debug","message":"info","service":"telecom-billing","timestamp":"2025-12-12 13:43:03"}
{"0":"C","1":"u","10":"a","11":"l","12":"a","13":"n","14":"c","15":"e","16":" ","17":"u","18":"p","19":"d","2":"s","20":"a","21":"t","22":"e","23":"d","3":"t","4":"o","5":"m","6":"e","7":"r","8":" ","9":"b","level":"debug","message":"info","service":"telecom-billing","timestamp":"2025-12-12 13:43:03"}
{"0":"C","1":"D","10":"g","11":" ","12":"u","13":"p","14":"d","15":"a","16":"t","17":"e","18":"d","2":"R","3":" ","4":"b","5":"i","6":"l","7":"l","8":"i","9":"n","level":"debug","message":"info","service":"telecom-billing","timestamp":"2025-12-12 13:43:03"}
{"0":"B","1":"a","10":"a","11":"n","12":"s","13":"a","14":"c","15":"t","16":"i","17":"o","18":"n","19":" ","2":"l","20":"r","21":"e","22":"c","23":"o","24":"r","25":"d","26":"e","27":"d","3":"a","4":"n","5":"c","6":"e","7":" ","8":"t","9":"r","level":"debug","message":"info","service":"telecom-billing","timestamp":"2025-12-12 13:43:03"}
{"0":"C","1":"D","10":"s","11":"e","12":"d","13":" ","14":"S","15":"u","16":"c","17":"c","18":"e","19":"s","2":"R","20":"s","21":"f","22":"u","23":"l","24":"l","25":"y","3":" ","4":"P","5":"r","6":"o","7":"c","8":"e","9":"s","level":"debug","message":"info","service":"telecom-billing","timestamp":"2025-12-12 13:43:03"}
{"0":"C","1":"u","10":"a","11":"l","12":"a","13":"n","14":"c","15":"e","16":" ","17":"u","18":"p","19":"d","2":"s","20":"a","21":"t","22":"e","23":"d","3":"t","4":"o","5":"m","6":"e","7":"r","8":" ","9":"b","level":"debug","message":"info","service":"telecom-billing","timestamp":"2025-12-12 13:43:03"}
{"0":"C","1":"D","10":"g","11":" ","12":"u","13":"p","14":"d","15":"a","16":"t","17":"e","18":"d","2":"R","3":" ","4":"b","5":"i","6":"l","7":"l","8":"i","9":"n","level":"debug","message":"info","service":"telecom-billing","timestamp":"2025-12-12 13:43:03"}
{"0":"B","1":"a","10":"a","11":"n","12":"s","13":"a","14":"c","15":"t","16":"i","17":"o","18":"n","19":" ","2":"l","20":"r","21":"e","22":"c","23":"o","24":"r","25":"d","26":"e","27":"d","3":"a","4":"n","5":"c","6":"e","7":" ","8":"t","9":"r","level":"debug","message":"info","service":"telecom-billing","timestamp":"2025-12-12 13:43:03"}
{"0":"C","1":"D","10":"s","11":"e","12":"d","13":" ","14":"S","15":"u","16":"c","17":"c","18":"e","19":"s","2":"R","20":"s","21":"f","22":"u","23":"l","24":"l","25":"y","3":" ","4":"P","5":"r","6":"o","7":"c","8":"e","9":"s","level":"debug","message":"info","service":"telecom-billing","timestamp":"2025-12-12 13:43:03"}
{"0":"C","1":"u","10":"a","11":"l","12":"a","13":"n","14":"c","15":"e","16":" ","17":"u","18":"p","19":"d","2":"s","20":"a","21":"t","22":"e","23":"d","3":"t","4":"o","5":"m","6":"e","7":"r","8":" ","9":"b","level":"debug","message":"info","service":"telecom-billing","timestamp":"2025-12-12 13:43:03"}
{"0":"C","1":"D","10":"g","11":" ","12":"u","13":"p","14":"d","15":"a","16":"t","17":"e","18":"d","2":"R","3":" ","4":"b","5":"i","6":"l","7":"l","8":"i","9":"n","level":"debug","message":"info","service":"telecom-billing","timestamp":"2025-12-12 13:43:03"}
{"0":"B","1":"a","10":"a","11":"n","12":"s","13":"a","14":"c","15":"t","16":"i","17":"o","18":"n","19":" ","2":"l","20":"r","21":"e","22":"c","23":"o","24":"r","25":"d","26":"e","27":"d","3":"a","4":"n","5":"c","6":"e","7":" ","8":"t","9":"r","level":"debug","message":"info","service":"telecom-billing","timestamp":"2025-12-12 13:43:03"}
{"0":"C","1":"D","10":"s","11":"e","12":"d","13":" ","14":"S","15":"u","16":"c","17":"c","18":"e","19":"s","2":"R","20":"s","21":"f","22":"u","23":"l","24":"l","25":"y","3":" ","4":"P","5":"r","6":"o","7":"c","8":"e","9":"s","level":"debug","message":"info","service":"telecom-billing","timestamp":"2025-12-12 13:43:03"}
{"0":"C","1":"u","10":"a","11":"l","12":"a","13":"n","14":"c","15":"e","16":" ","17":"u","18":"p","19":"d","2":"s","20":"a","21":"t","22":"e","23":"d","3":"t","4":"o","5":"m","6":"e","7":"r","8":" ","9":"b","level":"debug","message":"info","service":"telecom-billing","timestamp":"2025-12-12 13:43:03"}
{"0":"C","1":"D","10":"g","11":" ","12":"u","13":"p","14":"d","15":"a","16":"t","17":"e","18":"d","2":"R","3":" ","4":"b","5":"i","6":"l","7":"l","8":"i","9":"n","level":"debug","message":"info","service":"telecom-billing","timestamp":"2025-12-12 13:43:03"}
{"0":"B","1":"a","10":"a","11":"n","12":"s","13":"a","14":"c","15":"t","16":"i","17":"o","18":"n","19":" ","2":"l","20":"r","21":"e","22":"c","23":"o","24":"r","25":"d","26":"e","27":"d","3":"a","4":"n","5":"c","6":"e","7":" ","8":"t","9":"r","level":"debug","message":"info","service":"telecom-billing","timestamp":"2025-12-12 13:43:03"}
{"0":"C","1":"D","10":"s","11":"e","12":"d","13":" ","14":"S","15":"u","16":"c","17":"c","18":"e","19":"s","2":"R","20":"s","21":"f","22":"u","23":"l","24":"l","25":"y","3":" ","4":"P","5":"r","6":"o","7":"c","8":"e","9":"s","level":"debug","message":"info","service":"telecom-billing","timestamp":"2025-12-12 13:43:03"}
{"0":"C","1":"u","10":"a","11":"l","12":"a","13":"n","14":"c","15":"e","16":" ","17":"u","18":"p","19":"d","2":"s","20":"a","21":"t","22":"e","23":"d","3":"t","4":"o","5":"m","6":"e","7":"r","8":" ","9":"b","level":"debug","message":"info","service":"telecom-billing","timestamp":"2025-12-12 13:43:03"}
{"0":"C","1":"D","10":"g","11":" ","12":"u","13":"p","14":"d","15":"a","16":"t","17":"e","18":"d","2":"R","3":" ","4":"b","5":"i","6":"l","7":"l","8":"i","9":"n","level":"debug","message":"info","service":"telecom-billing","timestamp":"2025-12-12 13:43:03"}
{"0":"B","1":"a","10":"a","11":"n","12":"s","13":"a","14":"c","15":"t","16":"i","17":"o","18":"n","19":" ","2":"l","20":"r","21":"e","22":"c","23":"o","24":"r","25":"d","26":"e","27":"d","3":"a","4":"n","5":"c","6":"e","7":" ","8":"t","9":"r","level":"debug","message":"info","service":"telecom-billing","timestamp":"2025-12-12 13:43:03"}
{"0":"C","1":"D","10":"s","11":"e","12":"d","13":" ","14":"S","15":"u","16":"c","17":"c","18":"e","19":"s","2":"R","20":"s","21":"f","22":"u","23":"l","24":"l","25":"y","3":" ","4":"P","5":"r","6":"o","7":"c","8":"e","9":"s","level":"debug","message":"info","service":"telecom-billing","timestamp":"2025-12-12 13:43:03"}
{"0":"C","1":"u","10":"a","11":"l","12":"a","13":"n","14":"c","15":"e","16":" ","17":"u","18":"p","19":"d","2":"s","20":"a","21":"t","22":"e","23":"d","3":"t","4":"o","5":"m","6":"e","7":"r","8":" ","9":"b","level":"debug","message":"info","service":"telecom-billing","timestamp":"2025-12-12 13:43:03"}
{"0":"C","1":"D","10":"g","11":" ","12":"u","13":"p","14":"d","15":"a","16":"t","17":"e","18":"d","2":"R","3":" ","4":"b","5":"i","6":"l","7":"l","8":"i","9":"n","level":"debug","message":"info","service":"telecom-billing","timestamp":"2025-12-12 13:43:03"}
{"0":"B","1":"a","10":"a","11":"n","12":"s","13":"a","14":"c","15":"t","16":"i","17":"o","18":"n","19":" ","2":"l","20":"r","21":"e","22":"c","23":"o","24":"r","25":"d","26":"e","27":"d","3":"a","4":"n","5":"c","6":"e","7":" ","8":"t","9":"r","level":"debug","message":"info","service":"telecom-billing","timestamp":"2025-12-12 13:43:03"}
{"0":"C","1":"D","10":"s","11":"e","12":"d","13":" ","14":"S","15":"u","16":"c","17":"c","18":"e","19":"s","2":"R","20":"s","21":"f","22":"u","23":"l","24":"l","25":"y","3":" ","4":"P","5":"r","6":"o","7":"c","8":"e","9":"s","level":"debug","message":"info","service":"telecom-billing","timestamp":"2025-12-12 13:43:03"}
{"0":"C","1":"u","10":"a","11":"l","12":"a","13":"n","14":"c","15":"e","16":" ","17":"u","18":"p","19":"d","2":"s","20":"a","21":"t","22":"e","23":"d","3":"t","4":"o","5":"m","6":"e","7":"r","8":" ","9":"b","level":"debug","message":"info","service":"telecom-billing","timestamp":"2025-12-12 13:43:03"}
{"0":"C","1":"D","10":"g","11":" ","12":"u","13":"p","14":"d","15":"a","16":"t","17":"e","18":"d","2":"R","3":" ","4":"b","5":"i","6":"l","7":"l","8":"i","9":"n","level":"debug","message":"info","service":"telecom-billing","timestamp":"2025-12-12 13:43:03"}
{"0":"B","1":"a","10":"a","11":"n","12":"s","13":"a","14":"c","15":"t","16":"i","17":"o","18":"n","19":" ","2":"l","20":"r","21":"e","22":"c","23":"o","24":"r","25":"d","26":"e","27":"d","3":"a","4":"n","5":"c","6":"e","7":" ","8":"t","9":"r","level":"debug","message":"info","service":"telecom-billing","timestamp":"2025-12-12 13:43:03"}
{"0":"C","1":"D","10":"s","11":"e","12":"d","13":" ","14":"S","15":"u","16":"c","17":"c","18":"e","19":"s","2":"R","20":"s","21":"f","22":"u","23":"l","24":"l","25":"y","3":" ","4":"P","5":"r","6":"o","7":"c","8":"e","9":"s","level":"debug","message":"info","service":"telecom-billing","timestamp":"2025-12-12 13:43:03"}
{"0":"C","1":"u","10":"a","11":"l","12":"a","13":"n","14":"c","15":"e","16":" ","17":"u","18":"p","19":"d","2":"s","20":"a","21":"t","22":"e","23":"d","3":"t","4":"o","5":"m","6":"e","7":"r","8":" ","9":"b","level":"debug","message":"info","service":"telecom-billing","timestamp":"2025-12-12 13:43:03"}
{"0":"C","1":"D","10":"g","11":" ","12":"u","13":"p","14":"d","15":"a","16":"t","17":"e","18":"d","2":"R","3":" ","4":"b","5":"i","6":"l","7":"l","8":"i","9":"n","level":"debug","message":"info","service":"telecom-billing","timestamp":"2025-12-12 13:43:03"}
{"0":"B","1":"a","10":"a","11":"n","12":"s","13":"a","14":"c","15":"t","16":"i","17":"o","18":"n","19":" ","2":"l","20":"r","21":"e","22":"c","23":"o","24":"r","25":"d","26":"e","27":"d","3":"a","4":"n","5":"c","6":"e","7":" ","8":"t","9":"r","level":"debug","message":"info","service":"telecom-billing","timestamp":"2025-12-12 13:43:03"}
{"0":"C","1":"D","10":"s","11":"e","12":"d","13":" ","14":"S","15":"u","16":"c","17":"c","18":"e","19":"s","2":"R","20":"s","21":"f","22":"u","23":"l","24":"l","25":"y","3":" ","4":"P","5":"r","6":"o","7":"c","8":"e","9":"s","level":"debug","message":"info","service":"telecom-billing","timestamp":"2025-12-12 13:43:03"}
{"0":"C","1":"u","10":"a","11":"l","12":"a","13":"n","14":"c","15":"e","16":" ","17":"u","18":"p","19":"d","2":"s","20":"a","21":"t","22":"e","23":"d","3":"t","4":"o","5":"m","6":"e","7":"r","8":" ","9":"b","level":"debug","message":"info","service":"telecom-billing","timestamp":"2025-12-12 13:43:03"}
{"0":"C","1":"D","10":"g","11":" ","12":"u","13":"p","14":"d","15":"a","16":"t","17":"e","18":"d","2":"R","3":" ","4":"b","5":"i","6":"l","7":"l","8":"i","9":"n","level":"debug","message":"info","service":"telecom-billing","timestamp":"2025-12-12 13:43:03"}
{"0":"B","1":"a","10":"a","11":"n","12":"s","13":"a","14":"c","15":"t","16":"i","17":"o","18":"n","19":" ","2":"l","20":"r","21":"e","22":"c","23":"o","24":"r","25":"d","26":"e","27":"d","3":"a","4":"n","5":"c","6":"e","7":" ","8":"t","9":"r","level":"debug","message":"info","service":"telecom-billing","timestamp":"2025-12-12 13:43:03"}
{"0":"C","1":"D","10":"s","11":"e","12":"d","13":" ","14":"S","15":"u","16":"c","17":"c","18":"e","19":"s","2":"R","20":"s","21":"f","22":"u","23":"l","24":"l","25":"y","3":" ","4":"P","5":"r","6":"o","7":"c","8":"e","9":"s","level":"debug","message":"info","service":"telecom-billing","timestamp":"2025-12-12 13:43:03"}
{"0":"C","1":"u","10":"a","11":"l","12":"a","13":"n","14":"c","15":"e","16":" ","17":"u","18":"p","19":"d","2":"s","20":"a","21":"t","22":"e","23":"d","3":"t","4":"o","5":"m","6":"e","7":"r","8":" ","9":"b","level":"debug","message":"info","service":"telecom-billing","timestamp":"2025-12-12 13:43:03"}
{"0":"C","1":"D","10":"g","11":" ","12":"u","13":"p","14":"d","15":"a","16":"t","17":"e","18":"d","2":"R","3":" ","4":"b","5":"i","6":"l","7":"l","8":"i","9":"n","level":"debug","message":"info","service":"telecom-billing","timestamp":"2025-12-12 13:43:03"}
{"0":"B","1":"a","10":"a","11":"n","12":"s","13":"a","14":"c","15":"t","16":"i","17":"o","18":"n","19":" ","2":"l","20":"r","21":"e","22":"c","23":"o","24":"r","25":"d","26":"e","27":"d","3":"a","4":"n","5":"c","6":"e","7":" ","8":"t","9":"r","level":"debug","message":"info","service":"telecom-billing","timestamp":"2025-12-12 13:43:03"}
{"0":"C","1":"D","10":"s","11":"e","12":"d","13":" ","14":"S","15":"u","16":"c","17":"c","18":"e","19":"s","2":"R","20":"s","21":"f","22":"u","23":"l","24":"l","25":"y","3":" ","4":"P","5":"r","6":"o","7":"c","8":"e","9":"s","level":"debug","message":"info","service":"telecom-billing","timestamp":"2025-12-12 13:43:03"}
{"0":"C","1":"u","10":"a","11":"l","12":"a","13":"n","14":"c","15":"e","16":" ","17":"u","18":"p","19":"d","2":"s","20":"a","21":"t","22":"e","23":"d","3":"t","4":"o","5":"m","6":"e","7":"r","8":" ","9":"b","level":"debug","message":"info","service":"telecom-billing","timestamp":"2025-12-12 13:43:03"}
{"0":"C","1":"D","10":"g","11":" ","12":"u","13":"p","14":"d","15":"a","16":"t","17":"e","18":"d","2":"R","3":" ","4":"b","5":"i","6":"l","7":"l","8":"i","9":"n","level":"debug","message":"info","service":"telecom-billing","timestamp":"2025-12-12 13:43:03"}
{"0":"B","1":"a","10":"a","11":"n","12":"s","13":"a","14":"c","15":"t","16":"i","17":"o","18":"n","19":" ","2":"l","20":"r","21":"e","22":"c","23":"o","24":"r","25":"d","26":"e","27":"d","3":"a","4":"n","5":"c","6":"e","7":" ","8":"t","9":"r","level":"debug","message":"info","service":"telecom-billing","timestamp":"2025-12-12 13:43:03"}
{"0":"C","1":"D","10":"s","11":"e","12":"d","13":" ","14":"S","15":"u","16":"c","17":"c","18":"e","19":"s","2":"R","20":"s","21":"f","22":"u","23":"l","24":"l","25":"y","3":" ","4":"P","5":"r","6":"o","7":"c","8":"e","9":"s","level":"debug","message":"info","service":"telecom-billing","timestamp":"2025-12-12 13:43:03"}
{"0":"C","1":"u","10":"a","11":"l","12":"a","13":"n","14":"c","15":"e","16":" ","17":"u","18":"p","19":"d","2":"s","20":"a","21":"t","22":"e","23":"d","3":"t","4":"o","5":"m","6":"e","7":"r","8":" ","9":"b","level":"debug","message":"info","service":"telecom-billing","timestamp":"2025-12-12 13:43:03"}
{"0":"C","1":"D","10":"g","11":" ","12":"u","13":"p","14":"d","15":"a","16":"t","17":"e","18":"d","2":"R","3":" ","4":"b","5":"i","6":"l","7":"l","8":"i","9":"n","level":"debug","message":"info","service":"telecom-billing","timestamp":"2025-12-12 13:43:03"}
{"0":"B","1":"a","10":"a","11":"n","12":"s","13":"a","14":"c","15":"t","16":"i","17":"o","18":"n","19":" ","2":"l","20":"r","21":"e","22":"c","23":"o","24":"r","25":"d","26":"e","27":"d","3":"a","4":"n","5":"c","6":"e","7":" ","8":"t","9":"r","level":"debug","message":"info","service":"telecom-billing","timestamp":"2025-12-12 13:43:03"}
{"0":"C","1":"D","10":"s","11":"e","12":"d","13":" ","14":"S","15":"u","16":"c","17":"c","18":"e","19":"s","2":"R","20":"s","21":"f","22":"u","23":"l","24":"l","25":"y","3":" ","4":"P","5":"r","6":"o","7":"c","8":"e","9":"s","level":"debug","message":"info","service":"telecom-billing","timestamp":"2025-12-12 13:43:03"}
{"0":"C","1":"u","10":"a","11":"l","12":"a","13":"n","14":"c","15":"e","16":" ","17":"u","18":"p","19":"d","2":"s","20":"a","21":"t","22":"e","23":"d","3":"t","4":"o","5":"m","6":"e","7":"r","8":" ","9":"b","level":"debug","message":"info","service":"telecom-billing","timestamp":"2025-12-12 13:43:03"}
{"0":"C","1":"D","10":"g","11":" ","12":"u","13":"p","14":"d","15":"a","16":"t","17":"e","18":"d","2":"R","3":" ","4":"b","5":"i","6":"l","7":"l","8":"i","9":"n","level":"debug","message":"info","service":"telecom-billing","timestamp":"2025-12-12 13:43:03"}
{"0":"B","1":"a","10":"a","11":"n","12":"s","13":"a","14":"c","15":"t","16":"i","17":"o","18":"n","19":" ","2":"l","20":"r","21":"e","22":"c","23":"o","24":"r","25":"d","26":"e","27":"d","3":"a","4":"n","5":"c","6":"e","7":" ","8":"t","9":"r","level":"debug","message":"info","service":"telecom-billing","timestamp":"2025-12-12 13:43:03"}
{"0":"C","1":"D","10":"s","11":"e","12":"d","13":" ","14":"S","15":"u","16":"c","17":"c","18":"e","19":"s","2":"R","20":"s","21":"f","22":"u","23":"l","24":"l","25":"y","3":" ","4":"P","5":"r","6":"o","7":"c","8":"e","9":"s","level":"debug","message":"info","service":"telecom-billing","timestamp":"2025-12-12 13:43:03"}
{"0":"C","1":"u","10":"a","11":"l","12":"a","13":"n","14":"c","15":"e","16":" ","17":"u","18":"p","19":"d","2":"s","20":"a","21":"t","22":"e","23":"d","3":"t","4":"o","5":"m","6":"e","7":"r","8":" ","9":"b","level":"debug","message":"info","service":"telecom-billing","timestamp":"2025-12-12 13:43:03"}
{"0":"C","1":"D","10":"g","11":" ","12":"u","13":"p","14":"d","15":"a","16":"t","17":"e","18":"d","2":"R","3":" ","4":"b","5":"i","6":"l","7":"l","8":"i","9":"n","level":"debug","message":"info","service":"telecom-billing","timestamp":"2025-12-12 13:43:03"}
{"0":"B","1":"a","10":"a","11":"n","12":"s","13":"a","14":"c","15":"t","16":"i","17":"o","18":"n","19":" ","2":"l","20":"r","21":"e","22":"c","23":"o","24":"r","25":"d","26":"e","27":"d","3":"a","4":"n","5":"c","6":"e","7":" ","8":"t","9":"r","level":"debug","message":"info","service":"telecom-billing","timestamp":"2025-12-12 13:43:03"}
{"0":"C","1":"D","10":"s","11":"e","12":"d","13":" ","14":"S","15":"u","16":"c","17":"c","18":"e","19":"s","2":"R","20":"s","21":"f","22":"u","23":"l","24":"l","25":"y","3":" ","4":"P","5":"r","6":"o","7":"c","8":"e","9":"s","level":"debug","message":"info","service":"telecom-billing","timestamp":"2025-12-12 13:43:03"}
{"0":"C","1":"u","10":"a","11":"l","12":"a","13":"n","14":"c","15":"e","16":" ","17":"u","18":"p","19":"d","2":"s","20":"a","21":"t","22":"e","23":"d","3":"t","4":"o","5":"m","6":"e","7":"r","8":" ","9":"b","level":"debug","message":"info","service":"telecom-billing","timestamp":"2025-12-12 13:43:03"}
{"0":"C","1":"D","10":"g","11":" ","12":"u","13":"p","14":"d","15":"a","16":"t","17":"e","18":"d","2":"R","3":" ","4":"b","5":"i","6":"l","7":"l","8":"i","9":"n","level":"debug","message":"info","service":"telecom-billing","timestamp":"2025-12-12 13:43:03"}
{"0":"B","1":"a","10":"a","11":"n","12":"s","13":"a","14":"c","15":"t","16":"i","17":"o","18":"n","19":" ","2":"l","20":"r","21":"e","22":"c","23":"o","24":"r","25":"d","26":"e","27":"d","3":"a","4":"n","5":"c","6":"e","7":" ","8":"t","9":"r","level":"debug","message":"info","service":"telecom-billing","timestamp":"2025-12-12 13:43:03"}
{"0":"C","1":"D","10":"s","11":"e","12":"d","13":" ","14":"S","15":"u","16":"c","17":"c","18":"e","19":"s","2":"R","20":"s","21":"f","22":"u","23":"l","24":"l","25":"y","3":" ","4":"P","5":"r","6":"o","7":"c","8":"e","9":"s","level":"debug","message":"info","service":"telecom-billing","timestamp":"2025-12-12 13:43:03"}
{"0":"C","1":"u","10":"a","11":"l","12":"a","13":"n","14":"c","15":"e","16":" ","17":"u","18":"p","19":"d","2":"s","20":"a","21":"t","22":"e","23":"d","3":"t","4":"o","5":"m","6":"e","7":"r","8":" ","9":"b","level":"debug","message":"info","service":"telecom-billing","timestamp":"2025-12-12 13:43:03"}
{"0":"C","1":"D","10":"g","11":" ","12":"u","13":"p","14":"d","15":"a","16":"t","17":"e","18":"d","2":"R","3":" ","4":"b","5":"i","6":"l","7":"l","8":"i","9":"n","level":"debug","message":"info","service":"telecom-billing","timestamp":"2025-12-12 13:43:03"}
{"0":"B","1":"a","10":"a","11":"n","12":"s","13":"a","14":"c","15":"t","16":"i","17":"o","18":"n","19":" ","2":"l","20":"r","21":"e","22":"c","23":"o","24":"r","25":"d","26":"e","27":"d","3":"a","4":"n","5":"c","6":"e","7":" ","8":"t","9":"r","level":"debug","message":"info","service":"telecom-billing","timestamp":"2025-12-12 13:43:03"}
{"0":"C","1":"D","10":"s","11":"e","12":"d","13":" ","14":"S","15":"u","16":"c","17":"c","18":"e","19":"s","2":"R","20":"s","21":"f","22":"u","23":"l","24":"l","25":"y","3":" ","4":"P","5":"r","6":"o","7":"c","8":"e","9":"s","level":"debug","message":"info","service":"telecom-billing","timestamp":"2025-12-12 13:43:03"}
{"0":"C","1":"u","10":"a","11":"l","12":"a","13":"n","14":"c","15":"e","16":" ","17":"u","18":"p","19":"d","2":"s","20":"a","21":"t","22":"e","23":"d","3":"t","4":"o","5":"m","6":"e","7":"r","8":" ","9":"b","level":"debug","message":"info","service":"telecom-billing","timestamp":"2025-12-12 13:43:03"}
{"0":"C","1":"D","10":"g","11":" ","12":"u","13":"p","14":"d","15":"a","16":"t","17":"e","18":"d","2":"R","3":" ","4":"b","5":"i","6":"l","7":"l","8":"i","9":"n","level":"debug","message":"info","service":"telecom-billing","timestamp":"2025-12-12 13:43:03"}
{"0":"B","1":"a","10":"a","11":"n","12":"s","13":"a","14":"c","15":"t","16":"i","17":"o","18":"n","19":" ","2":"l","20":"r","21":"e","22":"c","23":"o","24":"r","25":"d","26":"e","27":"d","3":"a","4":"n","5":"c","6":"e","7":" ","8":"t","9":"r","level":"debug","message":"info","service":"telecom-billing","timestamp":"2025-12-12 13:43:03"}
{"0":"C","1":"D","10":"s","11":"e","12":"d","13":" ","14":"S","15":"u","16":"c","17":"c","18":"e","19":"s","2":"R","20":"s","21":"f","22":"u","23":"l","24":"l","25":"y","3":" ","4":"P","5":"r","6":"o","7":"c","8":"e","9":"s","level":"debug","message":"info","service":"telecom-billing","timestamp":"2025-12-12 13:43:03"}
{"0":"C","1":"u","10":"a","11":"l","12":"a","13":"n","14":"c","15":"e","16":" ","17":"u","18":"p","19":"d","2":"s","20":"a","21":"t","22":"e","23":"d","3":"t","4":"o","5":"m","6":"e","7":"r","8":" ","9":"b","level":"debug","message":"info","service":"telecom-billing","timestamp":"2025-12-12 13:43:03"}
{"0":"C","1":"D","10":"g","11":" ","12":"u","13":"p","14":"d","15":"a","16":"t","17":"e","18":"d","2":"R","3":" ","4":"b","5":"i","6":"l","7":"l","8":"i","9":"n","level":"debug","message":"info","service":"telecom-billing","timestamp":"2025-12-12 13:43:03"}
{"0":"B","1":"a","10":"a","11":"n","12":"s","13":"a","14":"c","15":"t","16":"i","17":"o","18":"n","19":" ","2":"l","20":"r","21":"e","22":"c","23":"o","24":"r","25":"d","26":"e","27":"d","3":"a","4":"n","5":"c","6":"e","7":" ","8":"t","9":"r","level":"debug","message":"info","service":"telecom-billing","timestamp":"2025-12-12 13:43:03"}
{"0":"C","1":"D","10":"s","11":"e","12":"d","13":" ","14":"S","15":"u","16":"c","17":"c","18":"e","19":"s","2":"R","20":"s","21":"f","22":"u","23":"l","24":"l","25":"y","3":" ","4":"P","5":"r","6":"o","7":"c","8":"e","9":"s","level":"debug","message":"info","service":"telecom-billing","timestamp":"2025-12-12 13:43:03"}
{"0":"C","1":"u","10":"a","11":"l","12":"a","13":"n","14":"c","15":"e","16":" ","17":"u","18":"p","19":"d","2":"s","20":"a","21":"t","22":"e","23":"d","3":"t","4":"o","5":"m","6":"e","7":"r","8":" ","9":"b","level":"debug","message":"info","service":"telecom-billing","timestamp":"2025-12-12 13:43:03"}
{"0":"C","1":"D","10":"g","11":" ","12":"u","13":"p","14":"d","15":"a","16":"t","17":"e","18":"d","2":"R","3":" ","4":"b","5":"i","6":"l","7":"l","8":"i","9":"n","level":"debug","message":"info","service":"telecom-billing","timestamp":"2025-12-12 13:43:03"}
{"0":"B","1":"a","10":"a","11":"n","12":"s","13":"a","14":"c","15":"t","16":"i","17":"o","18":"n","19":" ","2":"l","20":"r","21":"e","22":"c","23":"o","24":"r","25":"d","26":"e","27":"d","3":"a","4":"n","5":"c","6":"e","7":" ","8":"t","9":"r","level":"debug","message":"info","service":"telecom-billing","timestamp":"2025-12-12 13:43:03"}
{"0":"C","1":"D","10":"s","11":"e","12":"d","13":" ","14":"S","15":"u","16":"c","17":"c","18":"e","19":"s","2":"R","20":"s","21":"f","22":"u","23":"l","24":"l","25":"y","3":" ","4":"P","5":"r","6":"o","7":"c","8":"e","9":"s","level":"debug","message":"info","service":"telecom-billing","timestamp":"2025-12-12 13:43:03"}
{"0":"C","1":"u","10":"a","11":"l","12":"a","13":"n","14":"c","15":"e","16":" ","17":"u","18":"p","19":"d","2":"s","20":"a","21":"t","22":"e","23":"d","3":"t","4":"o","5":"m","6":"e","7":"r","8":" ","9":"b","level":"debug","message":"info","service":"telecom-billing","timestamp":"2025-12-12 13:43:03"}
{"0":"C","1":"D","10":"g","11":" ","12":"u","13":"p","14":"d","15":"a","16":"t","17":"e","18":"d","2":"R","3":" ","4":"b","5":"i","6":"l","7":"l","8":"i","9":"n","level":"debug","message":"info","service":"telecom-billing","timestamp":"2025-12-12 13:43:03"}
{"0":"B","1":"a","10":"a","11":"n","12":"s","13":"a","14":"c","15":"t","16":"i","17":"o","18":"n","19":" ","2":"l","20":"r","21":"e","22":"c","23":"o","24":"r","25":"d","26":"e","27":"d","3":"a","4":"n","5":"c","6":"e","7":" ","8":"t","9":"r","level":"debug","message":"info","service":"telecom-billing","timestamp":"2025-12-12 13:43:03"}
{"0":"C","1":"D","10":"s","11":"e","12":"d","13":" ","14":"S","15":"u","16":"c","17":"c","18":"e","19":"s","2":"R","20":"s","21":"f","22":"u","23":"l","24":"l","25":"y","3":" ","4":"P","5":"r","6":"o","7":"c","8":"e","9":"s","level":"debug","message":"info","service":"telecom-billing","timestamp":"2025-12-12 13:43:03"}
{"0":"C","1":"u","10":"a","11":"l","12":"a","13":"n","14":"c","15":"e","16":" ","17":"u","18":"p","19":"d","2":"s","20":"a","21":"t","22":"e","23":"d","3":"t","4":"o","5":"m","6":"e","7":"r","8":" ","9":"b","level":"debug","message":"info","service":"telecom-billing","timestamp":"2025-12-12 13:43:03"}
{"0":"C","1":"D","10":"g","11":" ","12":"u","13":"p","14":"d","15":"a","16":"t","17":"e","18":"d","2":"R","3":" ","4":"b","5":"i","6":"l","7":"l","8":"i","9":"n","level":"debug","message":"info","service":"telecom-billing","timestamp":"2025-12-12 13:43:03"}
{"0":"B","1":"a","10":"a","11":"n","12":"s","13":"a","14":"c","15":"t","16":"i","17":"o","18":"n","19":" ","2":"l","20":"r","21":"e","22":"c","23":"o","24":"r","25":"d","26":"e","27":"d","3":"a","4":"n","5":"c","6":"e","7":" ","8":"t","9":"r","level":"debug","message":"info","service":"telecom-billing","timestamp":"2025-12-12 13:43:03"}
{"0":"C","1":"D","10":"s","11":"e","12":"d","13":" ","14":"S","15":"u","16":"c","17":"c","18":"e","19":"s","2":"R","20":"s","21":"f","22":"u","23":"l","24":"l","25":"y","3":" ","4":"P","5":"r","6":"o","7":"c","8":"e","9":"s","level":"debug","message":"info","service":"telecom-billing","timestamp":"2025-12-12 13:43:03"}
{"0":"C","1":"u","10":"a","11":"l","12":"a","13":"n","14":"c","15":"e","16":" ","17":"u","18":"p","19":"d","2":"s","20":"a","21":"t","22":"e","23":"d","3":"t","4":"o","5":"m","6":"e","7":"r","8":" ","9":"b","level":"debug","message":"info","service":"telecom-billing","timestamp":"2025-12-12 13:43:03"}
{"0":"C","1":"D","10":"g","11":" ","12":"u","13":"p","14":"d","15":"a","16":"t","17":"e","18":"d","2":"R","3":" ","4":"b","5":"i","6":"l","7":"l","8":"i","9":"n","level":"debug","message":"info","service":"telecom-billing","timestamp":"2025-12-12 13:43:03"}
{"0":"B","1":"a","10":"a","11":"n","12":"s","13":"a","14":"c","15":"t","16":"i","17":"o","18":"n","19":" ","2":"l","20":"r","21":"e","22":"c","23":"o","24":"r","25":"d","26":"e","27":"d","3":"a","4":"n","5":"c","6":"e","7":" ","8":"t","9":"r","level":"debug","message":"info","service":"telecom-billing","timestamp":"2025-12-12 13:43:03"}
{"0":"C","1":"D","10":"s","11":"e","12":"d","13":" ","14":"S","15":"u","16":"c","17":"c","18":"e","19":"s","2":"R","20":"s","21":"f","22":"u","23":"l","24":"l","25":"y","3":" ","4":"P","5":"r","6":"o","7":"c","8":"e","9":"s","level":"debug","message":"info","service":"telecom-billing","timestamp":"2025-12-12 13:43:03"}
{"0":"C","1":"u","10":"a","11":"l","12":"a","13":"n","14":"c","15":"e","16":" ","17":"u","18":"p","19":"d","2":"s","20":"a","21":"t","22":"e","23":"d","3":"t","4":"o","5":"m","6":"e","7":"r","8":" ","9":"b","level":"debug","message":"info","service":"telecom-billing","timestamp":"2025-12-12 13:43:03"}
{"0":"C","1":"D","10":"g","11":" ","12":"u","13":"p","14":"d","15":"a","16":"t","17":"e","18":"d","2":"R","3":" ","4":"b","5":"i","6":"l","7":"l","8":"i","9":"n","level":"debug","message":"info","service":"telecom-billing","timestamp":"2025-12-12 13:43:03"}
{"0":"B","1":"a","10":"a","11":"n","12":"s","13":"a","14":"c","15":"t","16":"i","17":"o","18":"n","19":" ","2":"l","20":"r","21":"e","22":"c","23":"o","24":"r","25":"d","26":"e","27":"d","3":"a","4":"n","5":"c","6":"e","7":" ","8":"t","9":"r","level":"debug","message":"info","service":"telecom-billing","timestamp":"2025-12-12 13:43:03"}
{"0":"C","1":"D","10":"s","11":"e","12":"d","13":" ","14":"S","15":"u","16":"c","17":"c","18":"e","19":"s","2":"R","20":"s","21":"f","22":"u","23":"l","24":"l","25":"y","3":" ","4":"P","5":"r","6":"o","7":"c","8":"e","9":"s","level":"debug","message":"info","service":"telecom-billing","timestamp":"2025-12-12 13:43:03"}
{"0":"C","1":"u","10":"a","11":"l","12":"a","13":"n","14":"c","15":"e","16":" ","17":"u","18":"p","19":"d","2":"s","20":"a","21":"t","22":"e","23":"d","3":"t","4":"o","5":"m","6":"e","7":"r","8":" ","9":"b","level":"debug","message":"info","service":"telecom-billing","timestamp":"2025-12-12 13:43:03"}
{"0":"C","1":"D","10":"g","11":" ","12":"u","13":"p","14":"d","15":"a","16":"t","17":"e","18":"d","2":"R","3":" ","4":"b","5":"i","6":"l","7":"l","8":"i","9":"n","level":"debug","message":"info","service":"telecom-billing","timestamp":"2025-12-12 13:43:03"}
{"0":"B","1":"a","10":"a","11":"n","12":"s","13":"a","14":"c","15":"t","16":"i","17":"o","18":"n","19":" ","2":"l","20":"r","21":"e","22":"c","23":"o","24":"r","25":"d","26":"e","27":"d","3":"a","4":"n","5":"c","6":"e","7":" ","8":"t","9":"r","level":"debug","message":"info","service":"telecom-billing","timestamp":"2025-12-12 13:43:03"}
{"0":"C","1":"D","10":"s","11":"e","12":"d","13":" ","14":"S","15":"u","16":"c","17":"c","18":"e","19":"s","2":"R","20":"s","21":"f","22":"u","23":"l","24":"l","25":"y","3":" ","4":"P","5":"r","6":"o","7":"c","8":"e","9":"s","level":"debug","message":"info","service":"telecom-billing","timestamp":"2025-12-12 13:43:03"}
{"0":"C","1":"u","10":"a","11":"l","12":"a","13":"n","14":"c","15":"e","16":" ","17":"u","18":"p","19":"d","2":"s","20":"a","21":"t","22":"e","23":"d","3":"t","4":"o","5":"m","6":"e","7":"r","8":" ","9":"b","level":"debug","message":"info","service":"telecom-billing","timestamp":"2025-12-12 13:43:03"}
{"0":"C","1":"D","10":"g","11":" ","12":"u","13":"p","14":"d","15":"a","16":"t","17":"e","18":"d","2":"R","3":" ","4":"b","5":"i","6":"l","7":"l","8":"i","9":"n","level":"debug","message":"info","service":"telecom-billing","timestamp":"2025-12-12 13:43:03"}
{"0":"B","1":"a","10":"a","11":"n","12":"s","13":"a","14":"c","15":"t","16":"i","17":"o","18":"n","19":" ","2":"l","20":"r","21":"e","22":"c","23":"o","24":"r","25":"d","26":"e","27":"d","3":"a","4":"n","5":"c","6":"e","7":" ","8":"t","9":"r","level":"debug","message":"info","service":"telecom-billing","timestamp":"2025-12-12 13:43:03"}
{"0":"C","1":"D","10":"s","11":"e","12":"d","13":" ","14":"S","15":"u","16":"c","17":"c","18":"e","19":"s","2":"R","20":"s","21":"f","22":"u","23":"l","24":"l","25":"y","3":" ","4":"P","5":"r","6":"o","7":"c","8":"e","9":"s","level":"debug","message":"info","service":"telecom-billing","timestamp":"2025-12-12 13:43:03"}
{"0":"C","1":"u","10":"a","11":"l","12":"a","13":"n","14":"c","15":"e","16":" ","17":"u","18":"p","19":"d","2":"s","20":"a","21":"t","22":"e","23":"d","3":"t","4":"o","5":"m","6":"e","7":"r","8":" ","9":"b","level":"debug","message":"info","service":"telecom-billing","timestamp":"2025-12-12 13:43:03"}
{"0":"C","1":"D","10":"g","11":" ","12":"u","13":"p","14":"d","15":"a","16":"t","17":"e","18":"d","2":"R","3":" ","4":"b","5":"i","6":"l","7":"l","8":"i","9":"n","level":"debug","message":"info","service":"telecom-billing","timestamp":"2025-12-12 13:43:03"}
{"0":"B","1":"a","10":"a","11":"n","12":"s","13":"a","14":"c","15":"t","16":"i","17":"o","18":"n","19":" ","2":"l","20":"r","21":"e","22":"c","23":"o","24":"r","25":"d","26":"e","27":"d","3":"a","4":"n","5":"c","6":"e","7":" ","8":"t","9":"r","level":"debug","message":"info","service":"telecom-billing","timestamp":"2025-12-12 13:43:03"}
{"0":"C","1":"D","10":"s","11":"e","12":"d","13":" ","14":"S","15":"u","16":"c","17":"c","18":"e","19":"s","2":"R","20":"s","21":"f","22":"u","23":"l","24":"l","25":"y","3":" ","4":"P","5":"r","6":"o","7":"c","8":"e","9":"s","level":"debug","message":"info","service":"telecom-billing","timestamp":"2025-12-12 13:43:03"}
{"0":"C","1":"u","10":"a","11":"l","12":"a","13":"n","14":"c","15":"e","16":" ","17":"u","18":"p","19":"d","2":"s","20":"a","21":"t","22":"e","23":"d","3":"t","4":"o","5":"m","6":"e","7":"r","8":" ","9":"b","level":"debug","message":"info","service":"telecom-billing","timestamp":"2025-12-12 13:43:03"}
{"0":"C","1":"D","10":"g","11":" ","12":"u","13":"p","14":"d","15":"a","16":"t","17":"e","18":"d","2":"R","3":" ","4":"b","5":"i","6":"l","7":"l","8":"i","9":"n","level":"debug","message":"info","service":"telecom-billing","timestamp":"2025-12-12 13:43:03"}
{"0":"B","1":"a","10":"a","11":"n","12":"s","13":"a","14":"c","15":"t","16":"i","17":"o","18":"n","19":" ","2":"l","20":"r","21":"e","22":"c","23":"o","24":"r","25":"d","26":"e","27":"d","3":"a","4":"n","5":"c","6":"e","7":" ","8":"t","9":"r","level":"debug","message":"info","service":"telecom-billing","timestamp":"2025-12-12 13:43:03"}
{"0":"C","1":"D","10":"s","11":"e","12":"d","13":" ","14":"S","15":"u","16":"c","17":"c","18":"e","19":"s","2":"R","20":"s","21":"f","22":"u","23":"l","24":"l","25":"y","3":" ","4":"P","5":"r","6":"o","7":"c","8":"e","9":"s","level":"debug","message":"info","service":"telecom-billing","timestamp":"2025-12-12 13:43:03"}
{"0":"C","1":"u","10":"a","11":"l","12":"a","13":"n","14":"c","15":"e","16":" ","17":"u","18":"p","19":"d","2":"s","20":"a","21":"t","22":"e","23":"d","3":"t","4":"o","5":"m","6":"e","7":"r","8":" ","9":"b","level":"debug","message":"info","service":"telecom-billing","timestamp":"2025-12-12 13:43:03"}
{"0":"C","1":"D","10":"g","11":" ","12":"u","13":"p","14":"d","15":"a","16":"t","17":"e","18":"d","2":"R","3":" ","4":"b","5":"i","6":"l","7":"l","8":"i","9":"n","level":"debug","message":"info","service":"telecom-billing","timestamp":"2025-12-12 13:43:03"}
{"0":"B","1":"a","10":"a","11":"n","12":"s","13":"a","14":"c","15":"t","16":"i","17":"o","18":"n","19":" ","2":"l","20":"r","21":"e","22":"c","23":"o","24":"r","25":"d","26":"e","27":"d","3":"a","4":"n","5":"c","6":"e","7":" ","8":"t","9":"r","level":"debug","message":"info","service":"telecom-billing","timestamp":"2025-12-12 13:43:03"}
{"0":"C","1":"D","10":"s","11":"e","12":"d","13":" ","14":"S","15":"u","16":"c","17":"c","18":"e","19":"s","2":"R","20":"s","21":"f","22":"u","23":"l","24":"l","25":"y","3":" ","4":"P","5":"r","6":"o","7":"c","8":"e","9":"s","level":"debug","message":"info","service":"telecom-billing","timestamp":"2025-12-12 13:43:03"}
{"0":"C","1":"u","10":"a","11":"l","12":"a","13":"n","14":"c","15":"e","16":" ","17":"u","18":"p","19":"d","2":"s","20":"a","21":"t","22":"e","23":"d","3":"t","4":"o","5":"m","6":"e","7":"r","8":" ","9":"b","level":"debug","message":"info","service":"telecom-billing","timestamp":"2025-12-12 13:43:03"}
{"0":"C","1":"D","10":"g","11":" ","12":"u","13":"p","14":"d","15":"a","16":"t","17":"e","18":"d","2":"R","3":" ","4":"b","5":"i","6":"l","7":"l","8":"i","9":"n","level":"debug","message":"info","service":"telecom-billing","timestamp":"2025-12-12 13:43:03"}
{"0":"B","1":"a","10":"a","11":"n","12":"s","13":"a","14":"c","15":"t","16":"i","17":"o","18":"n","19":" ","2":"l","20":"r","21":"e","22":"c","23":"o","24":"r","25":"d","26":"e","27":"d","3":"a","4":"n","5":"c","6":"e","7":" ","8":"t","9":"r","level":"debug","message":"info","service":"telecom-billing","timestamp":"2025-12-12 13:43:03"}
{"0":"C","1":"D","10":"s","11":"e","12":"d","13":" ","14":"S","15":"u","16":"c","17":"c","18":"e","19":"s","2":"R","20":"s","21":"f","22":"u","23":"l","24":"l","25":"y","3":" ","4":"P","5":"r","6":"o","7":"c","8":"e","9":"s","level":"debug","message":"info","service":"telecom-billing","timestamp":"2025-12-12 13:43:03"}
{"0":"C","1":"u","10":"a","11":"l","12":"a","13":"n","14":"c","15":"e","16":" ","17":"u","18":"p","19":"d","2":"s","20":"a","21":"t","22":"e","23":"d","3":"t","4":"o","5":"m","6":"e","7":"r","8":" ","9":"b","level":"debug","message":"info","service":"telecom-billing","timestamp":"2025-12-12 13:43:03"}
{"0":"C","1":"D","10":"g","11":" ","12":"u","13":"p","14":"d","15":"a","16":"t","17":"e","18":"d","2":"R","3":" ","4":"b","5":"i","6":"l","7":"l","8":"i","9":"n","level":"debug","message":"info","service":"telecom-billing","timestamp":"2025-12-12 13:43:03"}
{"0":"B","1":"a","10":"a","11":"n","12":"s","13":"a","14":"c","15":"t","16":"i","17":"o","18":"n","19":" ","2":"l","20":"r","21":"e","22":"c","23":"o","24":"r","25":"d","26":"e","27":"d","3":"a","4":"n","5":"c","6":"e","7":" ","8":"t","9":"r","level":"debug","message":"info","service":"telecom-billing","timestamp":"2025-12-12 13:43:03"}
{"0":"C","1":"D","10":"s","11":"e","12":"d","13":" ","14":"S","15":"u","16":"c","17":"c","18":"e","19":"s","2":"R","20":"s","21":"f","22":"u","23":"l","24":"l","25":"y","3":" ","4":"P","5":"r","6":"o","7":"c","8":"e","9":"s","level":"debug","message":"info","service":"telecom-billing","timestamp":"2025-12-12 13:43:03"}
{"0":"C","1":"u","10":"a","11":"l","12":"a","13":"n","14":"c","15":"e","16":" ","17":"u","18":"p","19":"d","2":"s","20":"a","21":"t","22":"e","23":"d","3":"t","4":"o","5":"m","6":"e","7":"r","8":" ","9":"b","level":"debug","message":"info","service":"telecom-billing","timestamp":"2025-12-12 13:43:03"}
{"0":"C","1":"D","10":"g","11":" ","12":"u","13":"p","14":"d","15":"a","16":"t","17":"e","18":"d","2":"R","3":" ","4":"b","5":"i","6":"l","7":"l","8":"i","9":"n","level":"debug","message":"info","service":"telecom-billing","timestamp":"2025-12-12 13:43:03"}
{"0":"B","1":"a","10":"a","11":"n","12":"s","13":"a","14":"c","15":"t","16":"i","17":"o","18":"n","19":" ","2":"l","20":"r","21":"e","22":"c","23":"o","24":"r","25":"d","26":"e","27":"d","3":"a","4":"n","5":"c","6":"e","7":" ","8":"t","9":"r","level":"debug","message":"info","service":"telecom-billing","timestamp":"2025-12-12 13:43:03"}
{"0":"C","1":"D","10":"s","11":"e","12":"d","13":" ","14":"S","15":"u","16":"c","17":"c","18":"e","19":"s","2":"R","20":"s","21":"f","22":"u","23":"l","24":"l","25":"y","3":" ","4":"P","5":"r","6":"o","7":"c","8":"e","9":"s","level":"debug","message":"info","service":"telecom-billing","timestamp":"2025-12-12 13:43:03"}
{"0":"C","1":"u","10":"a","11":"l","12":"a","13":"n","14":"c","15":"e","16":" ","17":"u","18":"p","19":"d","2":"s","20":"a","21":"t","22":"e","23":"d","3":"t","4":"o","5":"m","6":"e","7":"r","8":" ","9":"b","level":"debug","message":"info","service":"telecom-billing","timestamp":"2025-12-12 13:43:03"}
{"0":"C","1":"D","10":"g","11":" ","12":"u","13":"p","14":"d","15":"a","16":"t","17":"e","18":"d","2":"R","3":" ","4":"b","5":"i","6":"l","7":"l","8":"i","9":"n","level":"debug","message":"info","service":"telecom-billing","timestamp":"2025-12-12 13:43:03"}
{"0":"B","1":"a","10":"a","11":"n","12":"s","13":"a","14":"c","15":"t","16":"i","17":"o","18":"n","19":" ","2":"l","20":"r","21":"e","22":"c","23":"o","24":"r","25":"d","26":"e","27":"d","3":"a","4":"n","5":"c","6":"e","7":" ","8":"t","9":"r","level":"debug","message":"info","service":"telecom-billing","timestamp":"2025-12-12 13:43:03"}
{"0":"C","1":"D","10":"s","11":"e","12":"d","13":" ","14":"S","15":"u","16":"c","17":"c","18":"e","19":"s","2":"R","20":"s","21":"f","22":"u","23":"l","24":"l","25":"y","3":" ","4":"P","5":"r","6":"o","7":"c","8":"e","9":"s","level":"debug","message":"info","service":"telecom-billing","timestamp":"2025-12-12 13:43:03"}
{"0":"C","1":"u","10":"a","11":"l","12":"a","13":"n","14":"c","15":"e","16":" ","17":"u","18":"p","19":"d","2":"s","20":"a","21":"t","22":"e","23":"d","3":"t","4":"o","5":"m","6":"e","7":"r","8":" ","9":"b","level":"debug","message":"info","service":"telecom-billing","timestamp":"2025-12-12 13:43:03"}
{"0":"C","1":"D","10":"g","11":" ","12":"u","13":"p","14":"d","15":"a","16":"t","17":"e","18":"d","2":"R","3":" ","4":"b","5":"i","6":"l","7":"l","8":"i","9":"n","level":"debug","message":"info","service":"telecom-billing","timestamp":"2025-12-12 13:43:03"}
{"0":"B","1":"a","10":"a","11":"n","12":"s","13":"a","14":"c","15":"t","16":"i","17":"o","18":"n","19":" ","2":"l","20":"r","21":"e","22":"c","23":"o","24":"r","25":"d","26":"e","27":"d","3":"a","4":"n","5":"c","6":"e","7":" ","8":"t","9":"r","level":"debug","message":"info","service":"telecom-billing","timestamp":"2025-12-12 13:43:03"}
{"0":"C","1":"D","10":"s","11":"e","12":"d","13":" ","14":"S","15":"u","16":"c","17":"c","18":"e","19":"s","2":"R","20":"s","21":"f","22":"u","23":"l","24":"l","25":"y","3":" ","4":"P","5":"r","6":"o","7":"c","8":"e","9":"s","level":"debug","message":"info","service":"telecom-billing","timestamp":"2025-12-12 13:43:03"}
{"0":"C","1":"u","10":"a","11":"l","12":"a","13":"n","14":"c","15":"e","16":" ","17":"u","18":"p","19":"d","2":"s","20":"a","21":"t","22":"e","23":"d","3":"t","4":"o","5":"m","6":"e","7":"r","8":" ","9":"b","level":"debug","message":"info","service":"telecom-billing","timestamp":"2025-12-12 13:43:03"}
{"0":"C","1":"D","10":"g","11":" ","12":"u","13":"p","14":"d","15":"a","16":"t","17":"e","18":"d","2":"R","3":" ","4":"b","5":"i","6":"l","7":"l","8":"i","9":"n","level":"debug","message":"info","service":"telecom-billing","timestamp":"2025-12-12 13:43:03"}
{"0":"B","1":"a","10":"a","11":"n","12":"s","13":"a","14":"c","15":"t","16":"i","17":"o","18":"n","19":" ","2":"l","20":"r","21":"e","22":"c","23":"o","24":"r","25":"d","26":"e","27":"d","3":"a","4":"n","5":"c","6":"e","7":" ","8":"t","9":"r","level":"debug","message":"info","service":"telecom-billing","timestamp":"2025-12-12 13:43:03"}
{"0":"C","1":"D","10":"s","11":"e","12":"d","13":" ","14":"S","15":"u","16":"c","17":"c","18":"e","19":"s","2":"R","20":"s","21":"f","22":"u","23":"l","24":"l","25":"y","3":" ","4":"P","5":"r","6":"o","7":"c","8":"e","9":"s","level":"debug","message":"info","service":"telecom-billing","timestamp":"2025-12-12 13:43:03"}
{"0":"C","1":"u","10":"a","11":"l","12":"a","13":"n","14":"c","15":"e","16":" ","17":"u","18":"p","19":"d","2":"s","20":"a","21":"t","22":"e","23":"d","3":"t","4":"o","5":"m","6":"e","7":"r","8":" ","9":"b","level":"debug","message":"info","service":"telecom-billing","timestamp":"2025-12-12 13:43:03"}
{"0":"C","1":"D","10":"g","11":" ","12":"u","13":"p","14":"d","15":"a","16":"t","17":"e","18":"d","2":"R","3":" ","4":"b","5":"i","6":"l","7":"l","8":"i","9":"n","level":"debug","message":"info","service":"telecom-billing","timestamp":"2025-12-12 13:43:03"}
{"0":"B","1":"a","10":"a","11":"n","12":"s","13":"a","14":"c","15":"t","16":"i","17":"o","18":"n","19":" ","2":"l","20":"r","21":"e","22":"c","23":"o","24":"r","25":"d","26":"e","27":"d","3":"a","4":"n","5":"c","6":"e","7":" ","8":"t","9":"r","level":"debug","message":"info","service":"telecom-billing","timestamp":"2025-12-12 13:43:03"}
{"0":"C","1":"D","10":"s","11":"e","12":"d","13":" ","14":"S","15":"u","16":"c","17":"c","18":"e","19":"s","2":"R","20":"s","21":"f","22":"u","23":"l","24":"l","25":"y","3":" ","4":"P","5":"r","6":"o","7":"c","8":"e","9":"s","level":"debug","message":"info","service":"telecom-billing","timestamp":"2025-12-12 13:43:03"}
{"0":"C","1":"u","10":"a","11":"l","12":"a","13":"n","14":"c","15":"e","16":" ","17":"u","18":"p","19":"d","2":"s","20":"a","21":"t","22":"e","23":"d","3":"t","4":"o","5":"m","6":"e","7":"r","8":" ","9":"b","level":"debug","message":"info","service":"telecom-billing","timestamp":"2025-12-12 13:43:03"}
{"0":"C","1":"D","10":"g","11":" ","12":"u","13":"p","14":"d","15":"a","16":"t","17":"e","18":"d","2":"R","3":" ","4":"b","5":"i","6":"l","7":"l","8":"i","9":"n","level":"debug","message":"info","service":"telecom-billing","timestamp":"2025-12-12 13:43:03"}
{"0":"B","1":"a","10":"a","11":"n","12":"s","13":"a","14":"c","15":"t","16":"i","17":"o","18":"n","19":" ","2":"l","20":"r","21":"e","22":"c","23":"o","24":"r","25":"d","26":"e","27":"d","3":"a","4":"n","5":"c","6":"e","7":" ","8":"t","9":"r","level":"debug","message":"info","service":"telecom-billing","timestamp":"2025-12-12 13:43:03"}
{"0":"C","1":"D","10":"s","11":"e","12":"d","13":" ","14":"S","15":"u","16":"c","17":"c","18":"e","19":"s","2":"R","20":"s","21":"f","22":"u","23":"l","24":"l","25":"y","3":" ","4":"P","5":"r","6":"o","7":"c","8":"e","9":"s","level":"debug","message":"info","service":"telecom-billing","timestamp":"2025-12-12 13:43:03"}
{"0":"C","1":"u","10":"a","11":"l","12":"a","13":"n","14":"c","15":"e","16":" ","17":"u","18":"p","19":"d","2":"s","20":"a","21":"t","22":"e","23":"d","3":"t","4":"o","5":"m","6":"e","7":"r","8":" ","9":"b","level":"debug","message":"info","service":"telecom-billing","timestamp":"2025-12-12 13:43:03"}
{"0":"C","1":"D","10":"g","11":" ","12":"u","13":"p","14":"d","15":"a","16":"t","17":"e","18":"d","2":"R","3":" ","4":"b","5":"i","6":"l","7":"l","8":"i","9":"n","level":"debug","message":"info","service":"telecom-billing","timestamp":"2025-12-12 13:43:03"}
{"0":"B","1":"a","10":"a","11":"n","12":"s","13":"a","14":"c","15":"t","16":"i","17":"o","18":"n","19":" ","2":"l","20":"r","21":"e","22":"c","23":"o","24":"r","25":"d","26":"e","27":"d","3":"a","4":"n","5":"c","6":"e","7":" ","8":"t","9":"r","level":"debug","message":"info","service":"telecom-billing","timestamp":"2025-12-12 13:43:03"}
{"0":"C","1":"D","10":"s","11":"e","12":"d","13":" ","14":"S","15":"u","16":"c","17":"c","18":"e","19":"s","2":"R","20":"s","21":"f","22":"u","23":"l","24":"l","25":"y","3":" ","4":"P","5":"r","6":"o","7":"c","8":"e","9":"s","level":"debug","message":"info","service":"telecom-billing","timestamp":"2025-12-12 13:43:03"}
{"0":"C","1":"u","10":"a","11":"l","12":"a","13":"n","14":"c","15":"e","16":" ","17":"u","18":"p","19":"d","2":"s","20":"a","21":"t","22":"e","23":"d","3":"t","4":"o","5":"m","6":"e","7":"r","8":" ","9":"b","level":"debug","message":"info","service":"telecom-billing","timestamp":"2025-12-12 13:43:03"}
{"0":"C","1":"D","10":"g","11":" ","12":"u","13":"p","14":"d","15":"a","16":"t","17":"e","18":"d","2":"R","3":" ","4":"b","5":"i","6":"l","7":"l","8":"i","9":"n","level":"debug","message":"info","service":"telecom-billing","timestamp":"2025-12-12 13:43:03"}
{"0":"B","1":"a","10":"a","11":"n","12":"s","13":"a","14":"c","15":"t","16":"i","17":"o","18":"n","19":" ","2":"l","20":"r","21":"e","22":"c","23":"o","24":"r","25":"d","26":"e","27":"d","3":"a","4":"n","5":"c","6":"e","7":" ","8":"t","9":"r","level":"debug","message":"info","service":"telecom-billing","timestamp":"2025-12-12 13:43:03"}
{"0":"C","1":"D","10":"s","11":"e","12":"d","13":" ","14":"S","15":"u","16":"c","17":"c","18":"e","19":"s","2":"R","20":"s","21":"f","22":"u","23":"l","24":"l","25":"y","3":" ","4":"P","5":"r","6":"o","7":"c","8":"e","9":"s","level":"debug","message":"info","service":"telecom-billing","timestamp":"2025-12-12 13:43:03"}
{"0":"C","1":"u","10":"a","11":"l","12":"a","13":"n","14":"c","15":"e","16":" ","17":"u","18":"p","19":"d","2":"s","20":"a","21":"t","22":"e","23":"d","3":"t","4":"o","5":"m","6":"e","7":"r","8":" ","9":"b","level":"debug","message":"info","service":"telecom-billing","timestamp":"2025-12-12 13:43:03"}
{"0":"C","1":"D","10":"g","11":" ","12":"u","13":"p","14":"d","15":"a","16":"t","17":"e","18":"d","2":"R","3":" ","4":"b","5":"i","6":"l","7":"l","8":"i","9":"n","level":"debug","message":"info","service":"telecom-billing","timestamp":"2025-12-12 13:43:03"}
{"0":"B","1":"a","10":"a","11":"n","12":"s","13":"a","14":"c","15":"t","16":"i","17":"o","18":"n","19":" ","2":"l","20":"r","21":"e","22":"c","23":"o","24":"r","25":"d","26":"e","27":"d","3":"a","4":"n","5":"c","6":"e","7":" ","8":"t","9":"r","level":"debug","message":"info","service":"telecom-billing","timestamp":"2025-12-12 13:43:03"}
{"0":"C","1":"D","10":"s","11":"e","12":"d","13":" ","14":"S","15":"u","16":"c","17":"c","18":"e","19":"s","2":"R","20":"s","21":"f","22":"u","23":"l","24":"l","25":"y","3":" ","4":"P","5":"r","6":"o","7":"c","8":"e","9":"s","level":"debug","message":"info","service":"telecom-billing","timestamp":"2025-12-12 13:43:03"}
{"0":"C","1":"u","10":"a","11":"l","12":"a","13":"n","14":"c","15":"e","16":" ","17":"u","18":"p","19":"d","2":"s","20":"a","21":"t","22":"e","23":"d","3":"t","4":"o","5":"m","6":"e","7":"r","8":" ","9":"b","level":"debug","message":"info","service":"telecom-billing","timestamp":"2025-12-12 13:43:03"}
{"0":"C","1":"D","10":"g","11":" ","12":"u","13":"p","14":"d","15":"a","16":"t","17":"e","18":"d","2":"R","3":" ","4":"b","5":"i","6":"l","7":"l","8":"i","9":"n","level":"debug","message":"info","service":"telecom-billing","timestamp":"2025-12-12 13:43:03"}
{"0":"B","1":"a","10":"a","11":"n","12":"s","13":"a","14":"c","15":"t","16":"i","17":"o","18":"n","19":" ","2":"l","20":"r","21":"e","22":"c","23":"o","24":"r","25":"d","26":"e","27":"d","3":"a","4":"n","5":"c","6":"e","7":" ","8":"t","9":"r","level":"debug","message":"info","service":"telecom-billing","timestamp":"2025-12-12 13:43:03"}
{"0":"C","1":"D","10":"s","11":"e","12":"d","13":" ","14":"S","15":"u","16":"c","17":"c","18":"e","19":"s","2":"R","20":"s","21":"f","22":"u","23":"l","24":"l","25":"y","3":" ","4":"P","5":"r","6":"o","7":"c","8":"e","9":"s","level":"debug","message":"info","service":"telecom-billing","timestamp":"2025-12-12 13:43:03"}
{"0":"C","1":"u","10":"a","11":"l","12":"a","13":"n","14":"c","15":"e","16":" ","17":"u","18":"p","19":"d","2":"s","20":"a","21":"t","22":"e","23":"d","3":"t","4":"o","5":"m","6":"e","7":"r","8":" ","9":"b","level":"debug","message":"info","service":"telecom-billing","timestamp":"2025-12-12 13:43:03"}
{"0":"C","1":"D","10":"g","11":" ","12":"u","13":"p","14":"d","15":"a","16":"t","17":"e","18":"d","2":"R","3":" ","4":"b","5":"i","6":"l","7":"l","8":"i","9":"n","level":"debug","message":"info","service":"telecom-billing","timestamp":"2025-12-12 13:43:03"}
{"0":"B","1":"a","10":"a","11":"n","12":"s","13":"a","14":"c","15":"t","16":"i","17":"o","18":"n","19":" ","2":"l","20":"r","21":"e","22":"c","23":"o","24":"r","25":"d","26":"e","27":"d","3":"a","4":"n","5":"c","6":"e","7":" ","8":"t","9":"r","level":"debug","message":"info","service":"telecom-billing","timestamp":"2025-12-12 13:43:03"}
{"0":"C","1":"D","10":"s","11":"e","12":"d","13":" ","14":"S","15":"u","16":"c","17":"c","18":"e","19":"s","2":"R","20":"s","21":"f","22":"u","23":"l","24":"l","25":"y","3":" ","4":"P","5":"r","6":"o","7":"c","8":"e","9":"s","level":"debug","message":"info","service":"telecom-billing","timestamp":"2025-12-12 13:43:03"}
{"0":"C","1":"u","10":"a","11":"l","12":"a","13":"n","14":"c","15":"e","16":" ","17":"u","18":"p","19":"d","2":"s","20":"a","21":"t","22":"e","23":"d","3":"t","4":"o","5":"m","6":"e","7":"r","8":" ","9":"b","level":"debug","message":"info","service":"telecom-billing","timestamp":"2025-12-12 13:43:03"}
{"0":"C","1":"D","10":"g","11":" ","12":"u","13":"p","14":"d","15":"a","16":"t","17":"e","18":"d","2":"R","3":" ","4":"b","5":"i","6":"l","7":"l","8":"i","9":"n","level":"debug","message":"info","service":"telecom-billing","timestamp":"2025-12-12 13:43:03"}
{"0":"B","1":"a","10":"a","11":"n","12":"s","13":"a","14":"c","15":"t","16":"i","17":"o","18":"n","19":" ","2":"l","20":"r","21":"e","22":"c","23":"o","24":"r","25":"d","26":"e","27":"d","3":"a","4":"n","5":"c","6":"e","7":" ","8":"t","9":"r","level":"debug","message":"info","service":"telecom-billing","timestamp":"2025-12-12 13:43:03"}
{"0":"C","1":"D","10":"s","11":"e","12":"d","13":" ","14":"S","15":"u","16":"c","17":"c","18":"e","19":"s","2":"R","20":"s","21":"f","22":"u","23":"l","24":"l","25":"y","3":" ","4":"P","5":"r","6":"o","7":"c","8":"e","9":"s","level":"debug","message":"info","service":"telecom-billing","timestamp":"2025-12-12 13:43:03"}
{"0":"C","1":"u","10":"a","11":"l","12":"a","13":"n","14":"c","15":"e","16":" ","17":"u","18":"p","19":"d","2":"s","20":"a","21":"t","22":"e","23":"d","3":"t","4":"o","5":"m","6":"e","7":"r","8":" ","9":"b","level":"debug","message":"info","service":"telecom-billing","timestamp":"2025-12-12 13:43:03"}
{"0":"C","1":"D","10":"g","11":" ","12":"u","13":"p","14":"d","15":"a","16":"t","17":"e","18":"d","2":"R","3":" ","4":"b","5":"i","6":"l","7":"l","8":"i","9":"n","level":"debug","message":"info","service":"telecom-billing","timestamp":"2025-12-12 13:43:03"}
{"0":"B","1":"a","10":"a","11":"n","12":"s","13":"a","14":"c","15":"t","16":"i","17":"o","18":"n","19":" ","2":"l","20":"r","21":"e","22":"c","23":"o","24":"r","25":"d","26":"e","27":"d","3":"a","4":"n","5":"c","6":"e","7":" ","8":"t","9":"r","level":"debug","message":"info","service":"telecom-billing","timestamp":"2025-12-12 13:43:03"}
{"0":"C","1":"D","10":"s","11":"e","12":"d","13":" ","14":"S","15":"u","16":"c","17":"c","18":"e","19":"s","2":"R","20":"s","21":"f","22":"u","23":"l","24":"l","25":"y","3":" ","4":"P","5":"r","6":"o","7":"c","8":"e","9":"s","level":"debug","message":"info","service":"telecom-billing","timestamp":"2025-12-12 13:43:03"}
{"0":"C","1":"u","10":"a","11":"l","12":"a","13":"n","14":"c","15":"e","16":" ","17":"u","18":"p","19":"d","2":"s","20":"a","21":"t","22":"e","23":"d","3":"t","4":"o","5":"m","6":"e","7":"r","8":" ","9":"b","level":"debug","message":"info","service":"telecom-billing","timestamp":"2025-12-12 13:43:03"}
{"0":"C","1":"D","10":"g","11":" ","12":"u","13":"p","14":"d","15":"a","16":"t","17":"e","18":"d","2":"R","3":" ","4":"b","5":"i","6":"l","7":"l","8":"i","9":"n","level":"debug","message":"info","service":"telecom-billing","timestamp":"2025-12-12 13:43:03"}
{"0":"B","1":"a","10":"a","11":"n","12":"s","13":"a","14":"c","15":"t","16":"i","17":"o","18":"n","19":" ","2":"l","20":"r","21":"e","22":"c","23":"o","24":"r","25":"d","26":"e","27":"d","3":"a","4":"n","5":"c","6":"e","7":" ","8":"t","9":"r","level":"debug","message":"info","service":"telecom-billing","timestamp":"2025-12-12 13:43:03"}
{"0":"C","1":"D","10":"s","11":"e","12":"d","13":" ","14":"S","15":"u","16":"c","17":"c","18":"e","19":"s","2":"R","20":"s","21":"f","22":"u","23":"l","24":"l","25":"y","3":" ","4":"P","5":"r","6":"o","7":"c","8":"e","9":"s","level":"debug","message":"info","service":"telecom-billing","timestamp":"2025-12-12 13:43:03"}
{"0":"C","1":"u","10":"a","11":"l","12":"a","13":"n","14":"c","15":"e","16":" ","17":"u","18":"p","19":"d","2":"s","20":"a","21":"t","22":"e","23":"d","3":"t","4":"o","5":"m","6":"e","7":"r","8":" ","9":"b","level":"debug","message":"info","service":"telecom-billing","timestamp":"2025-12-12 13:43:03"}
{"0":"C","1":"D","10":"g","11":" ","12":"u","13":"p","14":"d","15":"a","16":"t","17":"e","18":"d","2":"R","3":" ","4":"b","5":"i","6":"l","7":"l","8":"i","9":"n","level":"debug","message":"info","service":"telecom-billing","timestamp":"2025-12-12 13:43:03"}
{"0":"B","1":"a","10":"a","11":"n","12":"s","13":"a","14":"c","15":"t","16":"i","17":"o","18":"n","19":" ","2":"l","20":"r","21":"e","22":"c","23":"o","24":"r","25":"d","26":"e","27":"d","3":"a","4":"n","5":"c","6":"e","7":" ","8":"t","9":"r","level":"debug","message":"info","service":"telecom-billing","timestamp":"2025-12-12 13:43:03"}
{"0":"C","1":"D","10":"s","11":"e","12":"d","13":" ","14":"S","15":"u","16":"c","17":"c","18":"e","19":"s","2":"R","20":"s","21":"f","22":"u","23":"l","24":"l","25":"y","3":" ","4":"P","5":"r","6":"o","7":"c","8":"e","9":"s","level":"debug","message":"info","service":"telecom-billing","timestamp":"2025-12-12 13:43:03"}
{"0":"C","1":"u","10":"a","11":"l","12":"a","13":"n","14":"c","15":"e","16":" ","17":"u","18":"p","19":"d","2":"s","20":"a","21":"t","22":"e","23":"d","3":"t","4":"o","5":"m","6":"e","7":"r","8":" ","9":"b","level":"debug","message":"info","service":"telecom-billing","timestamp":"2025-12-12 13:43:03"}
{"0":"C","1":"D","10":"g","11":" ","12":"u","13":"p","14":"d","15":"a","16":"t","17":"e","18":"d","2":"R","3":" ","4":"b","5":"i","6":"l","7":"l","8":"i","9":"n","level":"debug","message":"info","service":"telecom-billing","timestamp":"2025-12-12 13:43:03"}
{"0":"B","1":"a","10":"a","11":"n","12":"s","13":"a","14":"c","15":"t","16":"i","17":"o","18":"n","19":" ","2":"l","20":"r","21":"e","22":"c","23":"o","24":"r","25":"d","26":"e","27":"d","3":"a","4":"n","5":"c","6":"e","7":" ","8":"t","9":"r","level":"debug","message":"info","service":"telecom-billing","timestamp":"2025-12-12 13:43:03"}
{"0":"C","1":"D","10":"s","11":"e","12":"d","13":" ","14":"S","15":"u","16":"c","17":"c","18":"e","19":"s","2":"R","20":"s","21":"f","22":"u","23":"l","24":"l","25":"y","3":" ","4":"P","5":"r","6":"o","7":"c","8":"e","9":"s","level":"debug","message":"info","service":"telecom-billing","timestamp":"2025-12-12 13:43:03"}
{"0":"C","1":"u","10":"a","11":"l","12":"a","13":"n","14":"c","15":"e","16":" ","17":"u","18":"p","19":"d","2":"s","20":"a","21":"t","22":"e","23":"d","3":"t","4":"o","5":"m","6":"e","7":"r","8":" ","9":"b","level":"debug","message":"info","service":"telecom-billing","timestamp":"2025-12-12 13:43:03"}
{"0":"C","1":"D","10":"g","11":" ","12":"u","13":"p","14":"d","15":"a","16":"t","17":"e","18":"d","2":"R","3":" ","4":"b","5":"i","6":"l","7":"l","8":"i","9":"n","level":"debug","message":"info","service":"telecom-billing","timestamp":"2025-12-12 13:43:03"}
{"0":"B","1":"a","10":"a","11":"n","12":"s","13":"a","14":"c","15":"t","16":"i","17":"o","18":"n","19":" ","2":"l","20":"r","21":"e","22":"c","23":"o","24":"r","25":"d","26":"e","27":"d","3":"a","4":"n","5":"c","6":"e","7":" ","8":"t","9":"r","level":"debug","message":"info","service":"telecom-billing","timestamp":"2025-12-12 13:43:03"}
{"0":"C","1":"D","10":"s","11":"e","12":"d","13":" ","14":"S","15":"u","16":"c","17":"c","18":"e","19":"s","2":"R","20":"s","21":"f","22":"u","23":"l","24":"l","25":"y","3":" ","4":"P","5":"r","6":"o","7":"c","8":"e","9":"s","level":"debug","message":"info","service":"telecom-billing","timestamp":"2025-12-12 13:43:03"}
{"0":"C","1":"u","10":"a","11":"l","12":"a","13":"n","14":"c","15":"e","16":" ","17":"u","18":"p","19":"d","2":"s","20":"a","21":"t","22":"e","23":"d","3":"t","4":"o","5":"m","6":"e","7":"r","8":" ","9":"b","level":"debug","message":"info","service":"telecom-billing","timestamp":"2025-12-12 13:43:03"}
{"0":"C","1":"D","10":"g","11":" ","12":"u","13":"p","14":"d","15":"a","16":"t","17":"e","18":"d","2":"R","3":" ","4":"b","5":"i","6":"l","7":"l","8":"i","9":"n","level":"debug","message":"info","service":"telecom-billing","timestamp":"2025-12-12 13:43:03"}
{"0":"B","1":"a","10":"a","11":"n","12":"s","13":"a","14":"c","15":"t","16":"i","17":"o","18":"n","19":" ","2":"l","20":"r","21":"e","22":"c","23":"o","24":"r","25":"d","26":"e","27":"d","3":"a","4":"n","5":"c","6":"e","7":" ","8":"t","9":"r","level":"debug","message":"info","service":"telecom-billing","timestamp":"2025-12-12 13:43:03"}
{"0":"C","1":"D","10":"s","11":"e","12":"d","13":" ","14":"S","15":"u","16":"c","17":"c","18":"e","19":"s","2":"R","20":"s","21":"f","22":"u","23":"l","24":"l","25":"y","3":" ","4":"P","5":"r","6":"o","7":"c","8":"e","9":"s","level":"debug","message":"info","service":"telecom-billing","timestamp":"2025-12-12 13:43:03"}
{"0":"C","1":"u","10":"a","11":"l","12":"a","13":"n","14":"c","15":"e","16":" ","17":"u","18":"p","19":"d","2":"s","20":"a","21":"t","22":"e","23":"d","3":"t","4":"o","5":"m","6":"e","7":"r","8":" ","9":"b","level":"debug","message":"info","service":"telecom-billing","timestamp":"2025-12-12 13:43:03"}
{"0":"C","1":"D","10":"g","11":" ","12":"u","13":"p","14":"d","15":"a","16":"t","17":"e","18":"d","2":"R","3":" ","4":"b","5":"i","6":"l","7":"l","8":"i","9":"n","level":"debug","message":"info","service":"telecom-billing","timestamp":"2025-12-12 13:43:03"}
{"0":"B","1":"a","10":"a","11":"n","12":"s","13":"a","14":"c","15":"t","16":"i","17":"o","18":"n","19":" ","2":"l","20":"r","21":"e","22":"c","23":"o","24":"r","25":"d","26":"e","27":"d","3":"a","4":"n","5":"c","6":"e","7":" ","8":"t","9":"r","level":"debug","message":"info","service":"telecom-billing","timestamp":"2025-12-12 13:43:03"}
{"0":"C","1":"D","10":"s","11":"e","12":"d","13":" ","14":"S","15":"u","16":"c","17":"c","18":"e","19":"s","2":"R","20":"s","21":"f","22":"u","23":"l","24":"l","25":"y","3":" ","4":"P","5":"r","6":"o","7":"c","8":"e","9":"s","level":"debug","message":"info","service":"telecom-billing","timestamp":"2025-12-12 13:43:03"}
{"0":"C","1":"u","10":"a","11":"l","12":"a","13":"n","14":"c","15":"e","16":" ","17":"u","18":"p","19":"d","2":"s","20":"a","21":"t","22":"e","23":"d","3":"t","4":"o","5":"m","6":"e","7":"r","8":" ","9":"b","level":"debug","message":"info","service":"telecom-billing","timestamp":"2025-12-12 13:43:03"}
{"0":"C","1":"D","10":"g","11":" ","12":"u","13":"p","14":"d","15":"a","16":"t","17":"e","18":"d","2":"R","3":" ","4":"b","5":"i","6":"l","7":"l","8":"i","9":"n","level":"debug","message":"info","service":"telecom-billing","timestamp":"2025-12-12 13:43:03"}
{"0":"B","1":"a","10":"a","11":"n","12":"s","13":"a","14":"c","15":"t","16":"i","17":"o","18":"n","19":" ","2":"l","20":"r","21":"e","22":"c","23":"o","24":"r","25":"d","26":"e","27":"d","3":"a","4":"n","5":"c","6":"e","7":" ","8":"t","9":"r","level":"debug","message":"info","service":"telecom-billing","timestamp":"2025-12-12 13:43:03"}
{"0":"C","1":"D","10":"s","11":"e","12":"d","13":" ","14":"S","15":"u","16":"c","17":"c","18":"e","19":"s","2":"R","20":"s","21":"f","22":"u","23":"l","24":"l","25":"y","3":" ","4":"P","5":"r","6":"o","7":"c","8":"e","9":"s","level":"debug","message":"info","service":"telecom-billing","timestamp":"2025-12-12 13:43:03"}
{"0":"C","1":"u","10":"a","11":"l","12":"a","13":"n","14":"c","15":"e","16":" ","17":"u","18":"p","19":"d","2":"s","20":"a","21":"t","22":"e","23":"d","3":"t","4":"o","5":"m","6":"e","7":"r","8":" ","9":"b","level":"debug","message":"info","service":"telecom-billing","timestamp":"2025-12-12 13:43:03"}
{"0":"C","1":"D","10":"g","11":" ","12":"u","13":"p","14":"d","15":"a","16":"t","17":"e","18":"d","2":"R","3":" ","4":"b","5":"i","6":"l","7":"l","8":"i","9":"n","level":"debug","message":"info","service":"telecom-billing","timestamp":"2025-12-12 13:43:03"}
{"0":"B","1":"a","10":"a","11":"n","12":"s","13":"a","14":"c","15":"t","16":"i","17":"o","18":"n","19":" ","2":"l","20":"r","21":"e","22":"c","23":"o","24":"r","25":"d","26":"e","27":"d","3":"a","4":"n","5":"c","6":"e","7":" ","8":"t","9":"r","level":"debug","message":"info","service":"telecom-billing","timestamp":"2025-12-12 13:43:03"}
{"0":"C","1":"D","10":"s","11":"e","12":"d","13":" ","14":"S","15":"u","16":"c","17":"c","18":"e","19":"s","2":"R","20":"s","21":"f","22":"u","23":"l","24":"l","25":"y","3":" ","4":"P","5":"r","6":"o","7":"c","8":"e","9":"s","level":"debug","message":"info","service":"telecom-billing","timestamp":"2025-12-12 13:43:03"}
{"0":"C","1":"u","10":"a","11":"l","12":"a","13":"n","14":"c","15":"e","16":" ","17":"u","18":"p","19":"d","2":"s","20":"a","21":"t","22":"e","23":"d","3":"t","4":"o","5":"m","6":"e","7":"r","8":" ","9":"b","level":"debug","message":"info","service":"telecom-billing","timestamp":"2025-12-12 13:43:03"}
{"0":"C","1":"D","10":"g","11":" ","12":"u","13":"p","14":"d","15":"a","16":"t","17":"e","18":"d","2":"R","3":" ","4":"b","5":"i","6":"l","7":"l","8":"i","9":"n","level":"debug","message":"info","service":"telecom-billing","timestamp":"2025-12-12 13:43:03"}
{"0":"B","1":"a","10":"a","11":"n","12":"s","13":"a","14":"c","15":"t","16":"i","17":"o","18":"n","19":" ","2":"l","20":"r","21":"e","22":"c","23":"o","24":"r","25":"d","26":"e","27":"d","3":"a","4":"n","5":"c","6":"e","7":" ","8":"t","9":"r","level":"debug","message":"info","service":"telecom-billing","timestamp":"2025-12-12 13:43:03"}
{"0":"C","1":"D","10":"s","11":"e","12":"d","13":" ","14":"S","15":"u","16":"c","17":"c","18":"e","19":"s","2":"R","20":"s","21":"f","22":"u","23":"l","24":"l","25":"y","3":" ","4":"P","5":"r","6":"o","7":"c","8":"e","9":"s","level":"debug","message":"info","service":"telecom-billing","timestamp":"2025-12-12 13:43:03"}
{"0":"C","1":"u","10":"a","11":"l","12":"a","13":"n","14":"c","15":"e","16":" ","17":"u","18":"p","19":"d","2":"s","20":"a","21":"t","22":"e","23":"d","3":"t","4":"o","5":"m","6":"e","7":"r","8":" ","9":"b","level":"debug","message":"info","service":"telecom-billing","timestamp":"2025-12-12 13:43:03"}
{"0":"C","1":"D","10":"g","11":" ","12":"u","13":"p","14":"d","15":"a","16":"t","17":"e","18":"d","2":"R","3":" ","4":"b","5":"i","6":"l","7":"l","8":"i","9":"n","level":"debug","message":"info","service":"telecom-billing","timestamp":"2025-12-12 13:43:03"}
{"0":"B","1":"a","10":"a","11":"n","12":"s","13":"a","14":"c","15":"t","16":"i","17":"o","18":"n","19":" ","2":"l","20":"r","21":"e","22":"c","23":"o","24":"r","25":"d","26":"e","27":"d","3":"a","4":"n","5":"c","6":"e","7":" ","8":"t","9":"r","level":"debug","message":"info","service":"telecom-billing","timestamp":"2025-12-12 13:43:03"}
{"0":"C","1":"D","10":"s","11":"e","12":"d","13":" ","14":"S","15":"u","16":"c","17":"c","18":"e","19":"s","2":"R","20":"s","21":"f","22":"u","23":"l","24":"l","25":"y","3":" ","4":"P","5":"r","6":"o","7":"c","8":"e","9":"s","level":"debug","message":"info","service":"telecom-billing","timestamp":"2025-12-12 13:43:03"}
{"0":"C","1":"u","10":"a","11":"l","12":"a","13":"n","14":"c","15":"e","16":" ","17":"u","18":"p","19":"d","2":"s","20":"a","21":"t","22":"e","23":"d","3":"t","4":"o","5":"m","6":"e","7":"r","8":" ","9":"b","level":"debug","message":"info","service":"telecom-billing","timestamp":"2025-12-12 13:43:03"}
{"0":"C","1":"D","10":"g","11":" ","12":"u","13":"p","14":"d","15":"a","16":"t","17":"e","18":"d","2":"R","3":" ","4":"b","5":"i","6":"l","7":"l","8":"i","9":"n","level":"debug","message":"info","service":"telecom-billing","timestamp":"2025-12-12 13:43:03"}
{"0":"B","1":"a","10":"a","11":"n","12":"s","13":"a","14":"c","15":"t","16":"i","17":"o","18":"n","19":" ","2":"l","20":"r","21":"e","22":"c","23":"o","24":"r","25":"d","26":"e","27":"d","3":"a","4":"n","5":"c","6":"e","7":" ","8":"t","9":"r","level":"debug","message":"info","service":"telecom-billing","timestamp":"2025-12-12 13:43:03"}
{"0":"C","1":"D","10":"s","11":"e","12":"d","13":" ","14":"S","15":"u","16":"c","17":"c","18":"e","19":"s","2":"R","20":"s","21":"f","22":"u","23":"l","24":"l","25":"y","3":" ","4":"P","5":"r","6":"o","7":"c","8":"e","9":"s","level":"debug","message":"info","service":"telecom-billing","timestamp":"2025-12-12 13:43:03"}
{"0":"C","1":"u","10":"a","11":"l","12":"a","13":"n","14":"c","15":"e","16":" ","17":"u","18":"p","19":"d","2":"s","20":"a","21":"t","22":"e","23":"d","3":"t","4":"o","5":"m","6":"e","7":"r","8":" ","9":"b","level":"debug","message":"info","service":"telecom-billing","timestamp":"2025-12-12 13:43:03"}
{"0":"C","1":"D","10":"g","11":" ","12":"u","13":"p","14":"d","15":"a","16":"t","17":"e","18":"d","2":"R","3":" ","4":"b","5":"i","6":"l","7":"l","8":"i","9":"n","level":"debug","message":"info","service":"telecom-billing","timestamp":"2025-12-12 13:43:03"}
{"0":"B","1":"a","10":"a","11":"n","12":"s","13":"a","14":"c","15":"t","16":"i","17":"o","18":"n","19":" ","2":"l","20":"r","21":"e","22":"c","23":"o","24":"r","25":"d","26":"e","27":"d","3":"a","4":"n","5":"c","6":"e","7":" ","8":"t","9":"r","level":"debug","message":"info","service":"telecom-billing","timestamp":"2025-12-12 13:43:03"}
{"0":"C","1":"D","10":"s","11":"e","12":"d","13":" ","14":"S","15":"u","16":"c","17":"c","18":"e","19":"s","2":"R","20":"s","21":"f","22":"u","23":"l","24":"l","25":"y","3":" ","4":"P","5":"r","6":"o","7":"c","8":"e","9":"s","level":"debug","message":"info","service":"telecom-billing","timestamp":"2025-12-12 13:43:03"}
{"0":"C","1":"u","10":"a","11":"l","12":"a","13":"n","14":"c","15":"e","16":" ","17":"u","18":"p","19":"d","2":"s","20":"a","21":"t","22":"e","23":"d","3":"t","4":"o","5":"m","6":"e","7":"r","8":" ","9":"b","level":"debug","message":"info","service":"telecom-billing","timestamp":"2025-12-12 13:43:03"}
{"0":"C","1":"D","10":"g","11":" ","12":"u","13":"p","14":"d","15":"a","16":"t","17":"e","18":"d","2":"R","3":" ","4":"b","5":"i","6":"l","7":"l","8":"i","9":"n","level":"debug","message":"info","service":"telecom-billing","timestamp":"2025-12-12 13:43:03"}
{"0":"B","1":"a","10":"a","11":"n","12":"s","13":"a","14":"c","15":"t","16":"i","17":"o","18":"n","19":" ","2":"l","20":"r","21":"e","22":"c","23":"o","24":"r","25":"d","26":"e","27":"d","3":"a","4":"n","5":"c","6":"e","7":" ","8":"t","9":"r","level":"debug","message":"info","service":"telecom-billing","timestamp":"2025-12-12 13:43:03"}
{"0":"C","1":"D","10":"s","11":"e","12":"d","13":" ","14":"S","15":"u","16":"c","17":"c","18":"e","19":"s","2":"R","20":"s","21":"f","22":"u","23":"l","24":"l","25":"y","3":" ","4":"P","5":"r","6":"o","7":"c","8":"e","9":"s","level":"debug","message":"info","service":"telecom-billing","timestamp":"2025-12-12 13:43:03"}
{"0":"C","1":"u","10":"a","11":"l","12":"a","13":"n","14":"c","15":"e","16":" ","17":"u","18":"p","19":"d","2":"s","20":"a","21":"t","22":"e","23":"d","3":"t","4":"o","5":"m","6":"e","7":"r","8":" ","9":"b","level":"debug","message":"info","service":"telecom-billing","timestamp":"2025-12-12 13:43:03"}
{"0":"C","1":"D","10":"g","11":" ","12":"u","13":"p","14":"d","15":"a","16":"t","17":"e","18":"d","2":"R","3":" ","4":"b","5":"i","6":"l","7":"l","8":"i","9":"n","level":"debug","message":"info","service":"telecom-billing","timestamp":"2025-12-12 13:43:03"}
{"0":"B","1":"a","10":"a","11":"n","12":"s","13":"a","14":"c","15":"t","16":"i","17":"o","18":"n","19":" ","2":"l","20":"r","21":"e","22":"c","23":"o","24":"r","25":"d","26":"e","27":"d","3":"a","4":"n","5":"c","6":"e","7":" ","8":"t","9":"r","level":"debug","message":"info","service":"telecom-billing","timestamp":"2025-12-12 13:43:03"}
{"0":"C","1":"D","10":"s","11":"e","12":"d","13":" ","14":"S","15":"u","16":"c","17":"c","18":"e","19":"s","2":"R","20":"s","21":"f","22":"u","23":"l","24":"l","25":"y","3":" ","4":"P","5":"r","6":"o","7":"c","8":"e","9":"s","level":"debug","message":"info","service":"telecom-billing","timestamp":"2025-12-12 13:43:03"}
{"0":"C","1":"u","10":"a","11":"l","12":"a","13":"n","14":"c","15":"e","16":" ","17":"u","18":"p","19":"d","2":"s","20":"a","21":"t","22":"e","23":"d","3":"t","4":"o","5":"m","6":"e","7":"r","8":" ","9":"b","level":"debug","message":"info","service":"telecom-billing","timestamp":"2025-12-12 13:43:03"}
{"0":"C","1":"D","10":"g","11":" ","12":"u","13":"p","14":"d","15":"a","16":"t","17":"e","18":"d","2":"R","3":" ","4":"b","5":"i","6":"l","7":"l","8":"i","9":"n","level":"debug","message":"info","service":"telecom-billing","timestamp":"2025-12-12 13:43:03"}
{"0":"B","1":"a","10":"a","11":"n","12":"s","13":"a","14":"c","15":"t","16":"i","17":"o","18":"n","19":" ","2":"l","20":"r","21":"e","22":"c","23":"o","24":"r","25":"d","26":"e","27":"d","3":"a","4":"n","5":"c","6":"e","7":" ","8":"t","9":"r","level":"debug","message":"info","service":"telecom-billing","timestamp":"2025-12-12 13:43:03"}
{"0":"C","1":"D","10":"s","11":"e","12":"d","13":" ","14":"S","15":"u","16":"c","17":"c","18":"e","19":"s","2":"R","20":"s","21":"f","22":"u","23":"l","24":"l","25":"y","3":" ","4":"P","5":"r","6":"o","7":"c","8":"e","9":"s","level":"debug","message":"info","service":"telecom-billing","timestamp":"2025-12-12 13:43:03"}
{"0":"C","1":"u","10":"a","11":"l","12":"a","13":"n","14":"c","15":"e","16":" ","17":"u","18":"p","19":"d","2":"s","20":"a","21":"t","22":"e","23":"d","3":"t","4":"o","5":"m","6":"e","7":"r","8":" ","9":"b","level":"debug","message":"info","service":"telecom-billing","timestamp":"2025-12-12 13:43:03"}
{"0":"C","1":"D","10":"g","11":" ","12":"u","13":"p","14":"d","15":"a","16":"t","17":"e","18":"d","2":"R","3":" ","4":"b","5":"i","6":"l","7":"l","8":"i","9":"n","level":"debug","message":"info","service":"telecom-billing","timestamp":"2025-12-12 13:43:03"}
{"0":"B","1":"a","10":"a","11":"n","12":"s","13":"a","14":"c","15":"t","16":"i","17":"o","18":"n","19":" ","2":"l","20":"r","21":"e","22":"c","23":"o","24":"r","25":"d","26":"e","27":"d","3":"a","4":"n","5":"c","6":"e","7":" ","8":"t","9":"r","level":"debug","message":"info","service":"telecom-billing","timestamp":"2025-12-12 13:43:03"}
{"0":"C","1":"D","10":"s","11":"e","12":"d","13":" ","14":"S","15":"u","16":"c","17":"c","18":"e","19":"s","2":"R","20":"s","21":"f","22":"u","23":"l","24":"l","25":"y","3":" ","4":"P","5":"r","6":"o","7":"c","8":"e","9":"s","level":"debug","message":"info","service":"telecom-billing","timestamp":"2025-12-12 13:43:03"}
{"0":"C","1":"u","10":"a","11":"l","12":"a","13":"n","14":"c","15":"e","16":" ","17":"u","18":"p","19":"d","2":"s","20":"a","21":"t","22":"e","23":"d","3":"t","4":"o","5":"m","6":"e","7":"r","8":" ","9":"b","level":"debug","message":"info","service":"telecom-billing","timestamp":"2025-12-12 13:43:03"}
{"0":"C","1":"D","10":"g","11":" ","12":"u","13":"p","14":"d","15":"a","16":"t","17":"e","18":"d","2":"R","3":" ","4":"b","5":"i","6":"l","7":"l","8":"i","9":"n","level":"debug","message":"info","service":"telecom-billing","timestamp":"2025-12-12 13:43:03"}
{"0":"B","1":"a","10":"a","11":"n","12":"s","13":"a","14":"c","15":"t","16":"i","17":"o","18":"n","19":" ","2":"l","20":"r","21":"e","22":"c","23":"o","24":"r","25":"d","26":"e","27":"d","3":"a","4":"n","5":"c","6":"e","7":" ","8":"t","9":"r","level":"debug","message":"info","service":"telecom-billing","timestamp":"2025-12-12 13:43:03"}
{"0":"C","1":"D","10":"s","11":"e","12":"d","13":" ","14":"S","15":"u","16":"c","17":"c","18":"e","19":"s","2":"R","20":"s","21":"f","22":"u","23":"l","24":"l","25":"y","3":" ","4":"P","5":"r","6":"o","7":"c","8":"e","9":"s","level":"debug","message":"info","service":"telecom-billing","timestamp":"2025-12-12 13:43:03"}
{"0":"C","1":"u","10":"a","11":"l","12":"a","13":"n","14":"c","15":"e","16":" ","17":"u","18":"p","19":"d","2":"s","20":"a","21":"t","22":"e","23":"d","3":"t","4":"o","5":"m","6":"e","7":"r","8":" ","9":"b","level":"debug","message":"info","service":"telecom-billing","timestamp":"2025-12-12 13:43:03"}
{"0":"C","1":"D","10":"g","11":" ","12":"u","13":"p","14":"d","15":"a","16":"t","17":"e","18":"d","2":"R","3":" ","4":"b","5":"i","6":"l","7":"l","8":"i","9":"n","level":"debug","message":"info","service":"telecom-billing","timestamp":"2025-12-12 13:43:03"}
{"0":"B","1":"a","10":"a","11":"n","12":"s","13":"a","14":"c","15":"t","16":"i","17":"o","18":"n","19":" ","2":"l","20":"r","21":"e","22":"c","23":"o","24":"r","25":"d","26":"e","27":"d","3":"a","4":"n","5":"c","6":"e","7":" ","8":"t","9":"r","level":"debug","message":"info","service":"telecom-billing","timestamp":"2025-12-12 13:43:03"}
{"0":"C","1":"D","10":"s","11":"e","12":"d","13":" ","14":"S","15":"u","16":"c","17":"c","18":"e","19":"s","2":"R","20":"s","21":"f","22":"u","23":"l","24":"l","25":"y","3":" ","4":"P","5":"r","6":"o","7":"c","8":"e","9":"s","level":"debug","message":"info","service":"telecom-billing","timestamp":"2025-12-12 13:43:03"}
{"0":"C","1":"u","10":"a","11":"l","12":"a","13":"n","14":"c","15":"e","16":" ","17":"u","18":"p","19":"d","2":"s","20":"a","21":"t","22":"e","23":"d","3":"t","4":"o","5":"m","6":"e","7":"r","8":" ","9":"b","level":"debug","message":"info","service":"telecom-billing","timestamp":"2025-12-12 13:43:03"}
{"0":"C","1":"D","10":"g","11":" ","12":"u","13":"p","14":"d","15":"a","16":"t","17":"e","18":"d","2":"R","3":" ","4":"b","5":"i","6":"l","7":"l","8":"i","9":"n","level":"debug","message":"info","service":"telecom-billing","timestamp":"2025-12-12 13:43:03"}
{"0":"B","1":"a","10":"a","11":"n","12":"s","13":"a","14":"c","15":"t","16":"i","17":"o","18":"n","19":" ","2":"l","20":"r","21":"e","22":"c","23":"o","24":"r","25":"d","26":"e","27":"d","3":"a","4":"n","5":"c","6":"e","7":" ","8":"t","9":"r","level":"debug","message":"info","service":"telecom-billing","timestamp":"2025-12-12 13:43:03"}
{"0":"C","1":"D","10":"s","11":"e","12":"d","13":" ","14":"S","15":"u","16":"c","17":"c","18":"e","19":"s","2":"R","20":"s","21":"f","22":"u","23":"l","24":"l","25":"y","3":" ","4":"P","5":"r","6":"o","7":"c","8":"e","9":"s","level":"debug","message":"info","service":"telecom-billing","timestamp":"2025-12-12 13:43:03"}
{"0":"C","1":"u","10":"a","11":"l","12":"a","13":"n","14":"c","15":"e","16":" ","17":"u","18":"p","19":"d","2":"s","20":"a","21":"t","22":"e","23":"d","3":"t","4":"o","5":"m","6":"e","7":"r","8":" ","9":"b","level":"debug","message":"info","service":"telecom-billing","timestamp":"2025-12-12 13:43:03"}
{"0":"C","1":"D","10":"g","11":" ","12":"u","13":"p","14":"d","15":"a","16":"t","17":"e","18":"d","2":"R","3":" ","4":"b","5":"i","6":"l","7":"l","8":"i","9":"n","level":"debug","message":"info","service":"telecom-billing","timestamp":"2025-12-12 13:43:03"}
{"0":"B","1":"a","10":"a","11":"n","12":"s","13":"a","14":"c","15":"t","16":"i","17":"o","18":"n","19":" ","2":"l","20":"r","21":"e","22":"c","23":"o","24":"r","25":"d","26":"e","27":"d","3":"a","4":"n","5":"c","6":"e","7":" ","8":"t","9":"r","level":"debug","message":"info","service":"telecom-billing","timestamp":"2025-12-12 13:43:03"}
{"0":"C","1":"D","10":"s","11":"e","12":"d","13":" ","14":"S","15":"u","16":"c","17":"c","18":"e","19":"s","2":"R","20":"s","21":"f","22":"u","23":"l","24":"l","25":"y","3":" ","4":"P","5":"r","6":"o","7":"c","8":"e","9":"s","level":"debug","message":"info","service":"telecom-billing","timestamp":"2025-12-12 13:43:03"}
{"0":"C","1":"u","10":"a","11":"l","12":"a","13":"n","14":"c","15":"e","16":" ","17":"u","18":"p","19":"d","2":"s","20":"a","21":"t","22":"e","23":"d","3":"t","4":"o","5":"m","6":"e","7":"r","8":" ","9":"b","level":"debug","message":"info","service":"telecom-billing","timestamp":"2025-12-12 13:43:03"}
{"0":"C","1":"D","10":"g","11":" ","12":"u","13":"p","14":"d","15":"a","16":"t","17":"e","18":"d","2":"R","3":" ","4":"b","5":"i","6":"l","7":"l","8":"i","9":"n","level":"debug","message":"info","service":"telecom-billing","timestamp":"2025-12-12 13:43:03"}
{"0":"B","1":"a","10":"a","11":"n","12":"s","13":"a","14":"c","15":"t","16":"i","17":"o","18":"n","19":" ","2":"l","20":"r","21":"e","22":"c","23":"o","24":"r","25":"d","26":"e","27":"d","3":"a","4":"n","5":"c","6":"e","7":" ","8":"t","9":"r","level":"debug","message":"info","service":"telecom-billing","timestamp":"2025-12-12 13:43:03"}
{"0":"C","1":"D","10":"s","11":"e","12":"d","13":" ","14":"S","15":"u","16":"c","17":"c","18":"e","19":"s","2":"R","20":"s","21":"f","22":"u","23":"l","24":"l","25":"y","3":" ","4":"P","5":"r","6":"o","7":"c","8":"e","9":"s","level":"debug","message":"info","service":"telecom-billing","timestamp":"2025-12-12 13:43:03"}
{"0":"C","1":"u","10":"a","11":"l","12":"a","13":"n","14":"c","15":"e","16":" ","17":"u","18":"p","19":"d","2":"s","20":"a","21":"t","22":"e","23":"d","3":"t","4":"o","5":"m","6":"e","7":"r","8":" ","9":"b","level":"debug","message":"info","service":"telecom-billing","timestamp":"2025-12-12 13:43:03"}
{"0":"C","1":"D","10":"g","11":" ","12":"u","13":"p","14":"d","15":"a","16":"t","17":"e","18":"d","2":"R","3":" ","4":"b","5":"i","6":"l","7":"l","8":"i","9":"n","level":"debug","message":"info","service":"telecom-billing","timestamp":"2025-12-12 13:43:03"}
{"0":"B","1":"a","10":"a","11":"n","12":"s","13":"a","14":"c","15":"t","16":"i","17":"o","18":"n","19":" ","2":"l","20":"r","21":"e","22":"c","23":"o","24":"r","25":"d","26":"e","27":"d","3":"a","4":"n","5":"c","6":"e","7":" ","8":"t","9":"r","level":"debug","message":"info","service":"telecom-billing","timestamp":"2025-12-12 13:43:03"}
{"0":"C","1":"D","10":"s","11":"e","12":"d","13":" ","14":"S","15":"u","16":"c","17":"c","18":"e","19":"s","2":"R","20":"s","21":"f","22":"u","23":"l","24":"l","25":"y","3":" ","4":"P","5":"r","6":"o","7":"c","8":"e","9":"s","level":"debug","message":"info","service":"telecom-billing","timestamp":"2025-12-12 13:43:03"}
{"0":"C","1":"u","10":"a","11":"l","12":"a","13":"n","14":"c","15":"e","16":" ","17":"u","18":"p","19":"d","2":"s","20":"a","21":"t","22":"e","23":"d","3":"t","4":"o","5":"m","6":"e","7":"r","8":" ","9":"b","level":"debug","message":"info","service":"telecom-billing","timestamp":"2025-12-12 13:43:03"}
{"0":"C","1":"D","10":"g","11":" ","12":"u","13":"p","14":"d","15":"a","16":"t","17":"e","18":"d","2":"R","3":" ","4":"b","5":"i","6":"l","7":"l","8":"i","9":"n","level":"debug","message":"info","service":"telecom-billing","timestamp":"2025-12-12 13:43:03"}
{"0":"B","1":"a","10":"a","11":"n","12":"s","13":"a","14":"c","15":"t","16":"i","17":"o","18":"n","19":" ","2":"l","20":"r","21":"e","22":"c","23":"o","24":"r","25":"d","26":"e","27":"d","3":"a","4":"n","5":"c","6":"e","7":" ","8":"t","9":"r","level":"debug","message":"info","service":"telecom-billing","timestamp":"2025-12-12 13:43:03"}
{"0":"B","1":"a","10":"P","11":"r","12":"o","13":"c","14":"e","15":"s","16":"s","17":"i","18":"n","19":"g","2":"t","20":" ","21":"C","22":"o","23":"m","24":"p","25":"l","26":"e","27":"t","28":"e","3":"c","4":"h","5":" ","6":"C","7":"D","8":"R","9":" ","level":"debug","message":"info","service":"telecom-billing","timestamp":"2025-12-12 13:43:14"}
{"level":"info","message":"🚀 Server running on port 5000","service":"telecom-billing","timestamp":"2025-12-12 13:47:29"}
{"level":"info","message":"Environment: development","service":"telecom-billing","timestamp":"2025-12-12 13:47:29"}
{"level":"info","message":"Database: localhost:5432/telecom_billing","service":"telecom-billing","timestamp":"2025-12-12 13:47:29"}
{"level":"info","message":"🚀 Server running on port 5000","service":"telecom-billing","timestamp":"2025-12-12 13:47:29"}
{"level":"info","message":"Environment: development","service":"telecom-billing","timestamp":"2025-12-12 13:47:29"}
{"level":"info","message":"Database: localhost:5432/telecom_billing","service":"telecom-billing","timestamp":"2025-12-12 13:47:29"}
{"level":"info","message":"🚀 Server running on port 5000","service":"telecom-billing","timestamp":"2025-12-12 13:47:29"}
{"level":"info","message":"Environment: development","service":"telecom-billing","timestamp":"2025-12-12 13:47:29"}
{"level":"info","message":"Database: localhost:5432/telecom_billing","service":"telecom-billing","timestamp":"2025-12-12 13:47:29"}
{"level":"info","message":"🚀 Server running on port 5000","service":"telecom-billing","timestamp":"2025-12-12 13:47:29"}
{"level":"info","message":"Environment: development","service":"telecom-billing","timestamp":"2025-12-12 13:47:29"}
{"level":"info","message":"Database: localhost:5432/telecom_billing","service":"telecom-billing","timestamp":"2025-12-12 13:47:29"}
{"0":"B","1":"a","10":"P","11":"r","12":"o","13":"c","14":"e","15":"s","16":"s","17":"i","18":"n","19":"g","2":"t","20":" ","21":"C","22":"o","23":"m","24":"p","25":"l","26":"e","27":"t","28":"e","3":"c","4":"h","5":" ","6":"C","7":"D","8":"R","9":" ","level":"debug","message":"info","service":"telecom-billing","timestamp":"2025-12-12 13:50:35"}
{"0":"I","1":"n","10":"e","11":"a","12":"t","13":"e","14":"d","2":"v","3":"o","4":"i","5":"c","6":"e","7":" ","8":"c","9":"r","level":"debug","message":"info","service":"telecom-billing","timestamp":"2025-12-12 13:50:35"}
{"0":"I","1":"n","10":"n","11":"e","12":" ","13":"i","14":"t","15":"e","16":"m","17":" ","18":"c","19":"r","2":"v","20":"e","21":"a","22":"t","23":"e","24":"d","3":"o","4":"i","5":"c","6":"e","7":" ","8":"l","9":"i","level":"debug","message":"info","service":"telecom-billing","timestamp":"2025-12-12 13:50:35"}
{"0":"I","1":"n","10":"n","11":"e","12":" ","13":"i","14":"t","15":"e","16":"m","17":" ","18":"c","19":"r","2":"v","20":"e","21":"a","22":"t","23":"e","24":"d","3":"o","4":"i","5":"c","6":"e","7":" ","8":"l","9":"i","level":"debug","message":"info","service":"telecom-billing","timestamp":"2025-12-12 13:50:35"}
{"0":"I","1":"n","10":"n","11":"e","12":" ","13":"i","14":"t","15":"e","16":"m","17":" ","18":"c","19":"r","2":"v","20":"e","21":"a","22":"t","23":"e","24":"d","3":"o","4":"i","5":"c","6":"e","7":" ","8":"l","9":"i","level":"debug","message":"info","service":"telecom-billing","timestamp":"2025-12-12 13:50:35"}
{"0":"I","1":"n","10":"n","11":"e","12":" ","13":"i","14":"t","15":"e","16":"m","17":" ","18":"c","19":"r","2":"v","20":"e","21":"a","22":"t","23":"e","24":"d","3":"o","4":"i","5":"c","6":"e","7":" ","8":"l","9":"i","level":"debug","message":"info","service":"telecom-billing","timestamp":"2025-12-12 13:50:35"}
{"0":"I","1":"n","10":"n","11":"e","12":" ","13":"i","14":"t","15":"e","16":"m","17":" ","18":"c","19":"r","2":"v","20":"e","21":"a","22":"t","23":"e","24":"d","3":"o","4":"i","5":"c","6":"e","7":" ","8":"l","9":"i","level":"debug","message":"info","service":"telecom-billing","timestamp":"2025-12-12 13:50:35"}
{"0":"I","1":"n","10":"n","11":"e","12":" ","13":"i","14":"t","15":"e","16":"m","17":" ","18":"c","19":"r","2":"v","20":"e","21":"a","22":"t","23":"e","24":"d","3":"o","4":"i","5":"c","6":"e","7":" ","8":"l","9":"i","level":"debug","message":"info","service":"telecom-billing","timestamp":"2025-12-12 13:50:35"}
{"0":"I","1":"n","10":"n","11":"e","12":" ","13":"i","14":"t","15":"e","16":"m","17":" ","18":"c","19":"r","2":"v","20":"e","21":"a","22":"t","23":"e","24":"d","3":"o","4":"i","5":"c","6":"e","7":" ","8":"l","9":"i","level":"debug","message":"info","service":"telecom-billing","timestamp":"2025-12-12 13:50:35"}
{"0":"I","1":"n","10":"n","11":"e","12":" ","13":"i","14":"t","15":"e","16":"m","17":" ","18":"c","19":"r","2":"v","20":"e","21":"a","22":"t","23":"e","24":"d","3":"o","4":"i","5":"c","6":"e","7":" ","8":"l","9":"i","level":"debug","message":"info","service":"telecom-billing","timestamp":"2025-12-12 13:50:35"}
{"0":"I","1":"n","10":"n","11":"e","12":" ","13":"i","14":"t","15":"e","16":"m","17":" ","18":"c","19":"r","2":"v","20":"e","21":"a","22":"t","23":"e","24":"d","3":"o","4":"i","5":"c","6":"e","7":" ","8":"l","9":"i","level":"debug","message":"info","service":"telecom-billing","timestamp":"2025-12-12 13:50:35"}
{"0":"I","1":"n","10":"n","11":"e","12":" ","13":"i","14":"t","15":"e","16":"m","17":" ","18":"c","19":"r","2":"v","20":"e","21":"a","22":"t","23":"e","24":"d","3":"o","4":"i","5":"c","6":"e","7":" ","8":"l","9":"i","level":"debug","message":"info","service":"telecom-billing","timestamp":"2025-12-12 13:50:35"}
{"0":"I","1":"n","10":"n","11":"e","12":" ","13":"i","14":"t","15":"e","16":"m","17":" ","18":"c","19":"r","2":"v","20":"e","21":"a","22":"t","23":"e","24":"d","3":"o","4":"i","5":"c","6":"e","7":" ","8":"l","9":"i","level":"debug","message":"info","service":"telecom-billing","timestamp":"2025-12-12 13:50:35"}
{"0":"I","1":"n","10":"n","11":"e","12":" ","13":"i","14":"t","15":"e","16":"m","17":" ","18":"c","19":"r","2":"v","20":"e","21":"a","22":"t","23":"e","24":"d","3":"o","4":"i","5":"c","6":"e","7":" ","8":"l","9":"i","level":"debug","message":"info","service":"telecom-billing","timestamp":"2025-12-12 13:50:35"}
{"0":"I","1":"n","10":"n","11":"e","12":" ","13":"i","14":"t","15":"e","16":"m","17":" ","18":"c","19":"r","2":"v","20":"e","21":"a","22":"t","23":"e","24":"d","3":"o","4":"i","5":"c","6":"e","7":" ","8":"l","9":"i","level":"debug","message":"info","service":"telecom-billing","timestamp":"2025-12-12 13:50:35"}
{"0":"I","1":"n","10":"n","11":"e","12":" ","13":"i","14":"t","15":"e","16":"m","17":" ","18":"c","19":"r","2":"v","20":"e","21":"a","22":"t","23":"e","24":"d","3":"o","4":"i","5":"c","6":"e","7":" ","8":"l","9":"i","level":"debug","message":"info","service":"telecom-billing","timestamp":"2025-12-12 13:50:35"}
{"0":"I","1":"n","10":"n","11":"e","12":" ","13":"i","14":"t","15":"e","16":"m","17":" ","18":"c","19":"r","2":"v","20":"e","21":"a","22":"t","23":"e","24":"d","3":"o","4":"i","5":"c","6":"e","7":" ","8":"l","9":"i","level":"debug","message":"info","service":"telecom-billing","timestamp":"2025-12-12 13:50:35"}
{"0":"I","1":"n","10":"n","11":"e","12":" ","13":"i","14":"t","15":"e","16":"m","17":" ","18":"c","19":"r","2":"v","20":"e","21":"a","22":"t","23":"e","24":"d","3":"o","4":"i","5":"c","6":"e","7":" ","8":"l","9":"i","level":"debug","message":"info","service":"telecom-billing","timestamp":"2025-12-12 13:50:35"}
{"0":"I","1":"n","10":"n","11":"e","12":" ","13":"i","14":"t","15":"e","16":"m","17":" ","18":"c","19":"r","2":"v","20":"e","21":"a","22":"t","23":"e","24":"d","3":"o","4":"i","5":"c","6":"e","7":" ","8":"l","9":"i","level":"debug","message":"info","service":"telecom-billing","timestamp":"2025-12-12 13:50:35"}
{"0":"I","1":"n","10":"n","11":"e","12":" ","13":"i","14":"t","15":"e","16":"m","17":" ","18":"c","19":"r","2":"v","20":"e","21":"a","22":"t","23":"e","24":"d","3":"o","4":"i","5":"c","6":"e","7":" ","8":"l","9":"i","level":"debug","message":"info","service":"telecom-billing","timestamp":"2025-12-12 13:50:35"}
{"0":"I","1":"n","10":"n","11":"e","12":" ","13":"i","14":"t","15":"e","16":"m","17":" ","18":"c","19":"r","2":"v","20":"e","21":"a","22":"t","23":"e","24":"d","3":"o","4":"i","5":"c","6":"e","7":" ","8":"l","9":"i","level":"debug","message":"info","service":"telecom-billing","timestamp":"2025-12-12 13:50:35"}
{"0":"I","1":"n","10":"n","11":"e","12":" ","13":"i","14":"t","15":"e","16":"m","17":" ","18":"c","19":"r","2":"v","20":"e","21":"a","22":"t","23":"e","24":"d","3":"o","4":"i","5":"c","6":"e","7":" ","8":"l","9":"i","level":"debug","message":"info","service":"telecom-billing","timestamp":"2025-12-12 13:50:35"}
{"0":"I","1":"n","10":"n","11":"e","12":" ","13":"i","14":"t","15":"e","16":"m","17":" ","18":"c","19":"r","2":"v","20":"e","21":"a","22":"t","23":"e","24":"d","3":"o","4":"i","5":"c","6":"e","7":" ","8":"l","9":"i","level":"debug","message":"info","service":"telecom-billing","timestamp":"2025-12-12 13:50:35"}
{"0":"I","1":"n","10":"n","11":"e","12":" ","13":"i","14":"t","15":"e","16":"m","17":" ","18":"c","19":"r","2":"v","20":"e","21":"a","22":"t","23":"e","24":"d","3":"o","4":"i","5":"c","6":"e","7":" ","8":"l","9":"i","level":"debug","message":"info","service":"telecom-billing","timestamp":"2025-12-12 13:50:35"}
{"0":"I","1":"n","10":"n","11":"e","12":" ","13":"i","14":"t","15":"e","16":"m","17":" ","18":"c","19":"r","2":"v","20":"e","21":"a","22":"t","23":"e","24":"d","3":"o","4":"i","5":"c","6":"e","7":" ","8":"l","9":"i","level":"debug","message":"info","service":"telecom-billing","timestamp":"2025-12-12 13:50:35"}
{"0":"I","1":"n","10":"n","11":"e","12":" ","13":"i","14":"t","15":"e","16":"m","17":" ","18":"c","19":"r","2":"v","20":"e","21":"a","22":"t","23":"e","24":"d","3":"o","4":"i","5":"c","6":"e","7":" ","8":"l","9":"i","level":"debug","message":"info","service":"telecom-billing","timestamp":"2025-12-12 13:50:35"}
{"0":"I","1":"n","10":"n","11":"e","12":" ","13":"i","14":"t","15":"e","16":"m","17":" ","18":"c","19":"r","2":"v","20":"e","21":"a","22":"t","23":"e","24":"d","3":"o","4":"i","5":"c","6":"e","7":" ","8":"l","9":"i","level":"debug","message":"info","service":"telecom-billing","timestamp":"2025-12-12 13:50:35"}
{"0":"I","1":"n","10":"n","11":"e","12":" ","13":"i","14":"t","15":"e","16":"m","17":" ","18":"c","19":"r","2":"v","20":"e","21":"a","22":"t","23":"e","24":"d","3":"o","4":"i","5":"c","6":"e","7":" ","8":"l","9":"i","level":"debug","message":"info","service":"telecom-billing","timestamp":"2025-12-12 13:50:35"}
{"0":"I","1":"n","10":"n","11":"e","12":" ","13":"i","14":"t","15":"e","16":"m","17":" ","18":"c","19":"r","2":"v","20":"e","21":"a","22":"t","23":"e","24":"d","3":"o","4":"i","5":"c","6":"e","7":" ","8":"l","9":"i","level":"debug","message":"info","service":"telecom-billing","timestamp":"2025-12-12 13:50:35"}
{"0":"I","1":"n","10":"n","11":"e","12":" ","13":"i","14":"t","15":"e","16":"m","17":" ","18":"c","19":"r","2":"v","20":"e","21":"a","22":"t","23":"e","24":"d","3":"o","4":"i","5":"c","6":"e","7":" ","8":"l","9":"i","level":"debug","message":"info","service":"telecom-billing","timestamp":"2025-12-12 13:50:35"}
{"0":"I","1":"n","10":"n","11":"e","12":" ","13":"i","14":"t","15":"e","16":"m","17":" ","18":"c","19":"r","2":"v","20":"e","21":"a","22":"t","23":"e","24":"d","3":"o","4":"i","5":"c","6":"e","7":" ","8":"l","9":"i","level":"debug","message":"info","service":"telecom-billing","timestamp":"2025-12-12 13:50:35"}
{"0":"I","1":"n","10":"n","11":"e","12":" ","13":"i","14":"t","15":"e","16":"m","17":" ","18":"c","19":"r","2":"v","20":"e","21":"a","22":"t","23":"e","24":"d","3":"o","4":"i","5":"c","6":"e","7":" ","8":"l","9":"i","level":"debug","message":"info","service":"telecom-billing","timestamp":"2025-12-12 13:50:35"}
{"0":"I","1":"n","10":"n","11":"e","12":" ","13":"i","14":"t","15":"e","16":"m","17":" ","18":"c","19":"r","2":"v","20":"e","21":"a","22":"t","23":"e","24":"d","3":"o","4":"i","5":"c","6":"e","7":" ","8":"l","9":"i","level":"debug","message":"info","service":"telecom-billing","timestamp":"2025-12-12 13:50:35"}
{"0":"I","1":"n","10":"n","11":"e","12":" ","13":"i","14":"t","15":"e","16":"m","17":" ","18":"c","19":"r","2":"v","20":"e","21":"a","22":"t","23":"e","24":"d","3":"o","4":"i","5":"c","6":"e","7":" ","8":"l","9":"i","level":"debug","message":"info","service":"telecom-billing","timestamp":"2025-12-12 13:50:35"}
{"0":"I","1":"n","10":"n","11":"e","12":" ","13":"i","14":"t","15":"e","16":"m","17":" ","18":"c","19":"r","2":"v","20":"e","21":"a","22":"t","23":"e","24":"d","3":"o","4":"i","5":"c","6":"e","7":" ","8":"l","9":"i","level":"debug","message":"info","service":"telecom-billing","timestamp":"2025-12-12 13:50:35"}
{"0":"I","1":"n","10":"n","11":"e","12":" ","13":"i","14":"t","15":"e","16":"m","17":" ","18":"c","19":"r","2":"v","20":"e","21":"a","22":"t","23":"e","24":"d","3":"o","4":"i","5":"c","6":"e","7":" ","8":"l","9":"i","level":"debug","message":"info","service":"telecom-billing","timestamp":"2025-12-12 13:50:35"}
{"0":"I","1":"n","10":"n","11":"e","12":" ","13":"i","14":"t","15":"e","16":"m","17":" ","18":"c","19":"r","2":"v","20":"e","21":"a","22":"t","23":"e","24":"d","3":"o","4":"i","5":"c","6":"e","7":" ","8":"l","9":"i","level":"debug","message":"info","service":"telecom-billing","timestamp":"2025-12-12 13:50:35"}
{"0":"I","1":"n","10":"n","11":"e","12":" ","13":"i","14":"t","15":"e","16":"m","17":" ","18":"c","19":"r","2":"v","20":"e","21":"a","22":"t","23":"e","24":"d","3":"o","4":"i","5":"c","6":"e","7":" ","8":"l","9":"i","level":"debug","message":"info","service":"telecom-billing","timestamp":"2025-12-12 13:50:35"}
{"0":"I","1":"n","10":"n","11":"e","12":" ","13":"i","14":"t","15":"e","16":"m","17":" ","18":"c","19":"r","2":"v","20":"e","21":"a","22":"t","23":"e","24":"d","3":"o","4":"i","5":"c","6":"e","7":" ","8":"l","9":"i","level":"debug","message":"info","service":"telecom-billing","timestamp":"2025-12-12 13:50:35"}
{"0":"I","1":"n","10":"n","11":"e","12":" ","13":"i","14":"t","15":"e","16":"m","17":" ","18":"c","19":"r","2":"v","20":"e","21":"a","22":"t","23":"e","24":"d","3":"o","4":"i","5":"c","6":"e","7":" ","8":"l","9":"i","level":"debug","message":"info","service":"telecom-billing","timestamp":"2025-12-12 13:50:35"}
{"0":"I","1":"n","10":"n","11":"e","12":" ","13":"i","14":"t","15":"e","16":"m","17":" ","18":"c","19":"r","2":"v","20":"e","21":"a","22":"t","23":"e","24":"d","3":"o","4":"i","5":"c","6":"e","7":" ","8":"l","9":"i","level":"debug","message":"info","service":"telecom-billing","timestamp":"2025-12-12 13:50:35"}
{"0":"I","1":"n","10":"n","11":"e","12":" ","13":"i","14":"t","15":"e","16":"m","17":" ","18":"c","19":"r","2":"v","20":"e","21":"a","22":"t","23":"e","24":"d","3":"o","4":"i","5":"c","6":"e","7":" ","8":"l","9":"i","level":"debug","message":"info","service":"telecom-billing","timestamp":"2025-12-12 13:50:35"}
{"0":"I","1":"n","10":"n","11":"e","12":" ","13":"i","14":"t","15":"e","16":"m","17":" ","18":"c","19":"r","2":"v","20":"e","21":"a","22":"t","23":"e","24":"d","3":"o","4":"i","5":"c","6":"e","7":" ","8":"l","9":"i","level":"debug","message":"info","service":"telecom-billing","timestamp":"2025-12-12 13:50:35"}
{"0":"I","1":"n","10":"n","11":"e","12":" ","13":"i","14":"t","15":"e","16":"m","17":" ","18":"c","19":"r","2":"v","20":"e","21":"a","22":"t","23":"e","24":"d","3":"o","4":"i","5":"c","6":"e","7":" ","8":"l","9":"i","level":"debug","message":"info","service":"telecom-billing","timestamp":"2025-12-12 13:50:35"}
{"0":"I","1":"n","10":"n","11":"e","12":" ","13":"i","14":"t","15":"e","16":"m","17":" ","18":"c","19":"r","2":"v","20":"e","21":"a","22":"t","23":"e","24":"d","3":"o","4":"i","5":"c","6":"e","7":" ","8":"l","9":"i","level":"debug","message":"info","service":"telecom-billing","timestamp":"2025-12-12 13:50:35"}
{"0":"I","1":"n","10":"n","11":"e","12":" ","13":"i","14":"t","15":"e","16":"m","17":" ","18":"c","19":"r","2":"v","20":"e","21":"a","22":"t","23":"e","24":"d","3":"o","4":"i","5":"c","6":"e","7":" ","8":"l","9":"i","level":"debug","message":"info","service":"telecom-billing","timestamp":"2025-12-12 13:50:35"}
{"0":"I","1":"n","10":"n","11":"e","12":" ","13":"i","14":"t","15":"e","16":"m","17":" ","18":"c","19":"r","2":"v","20":"e","21":"a","22":"t","23":"e","24":"d","3":"o","4":"i","5":"c","6":"e","7":" ","8":"l","9":"i","level":"debug","message":"info","service":"telecom-billing","timestamp":"2025-12-12 13:50:35"}
{"0":"I","1":"n","10":"n","11":"e","12":" ","13":"i","14":"t","15":"e","16":"m","17":" ","18":"c","19":"r","2":"v","20":"e","21":"a","22":"t","23":"e","24":"d","3":"o","4":"i","5":"c","6":"e","7":" ","8":"l","9":"i","level":"debug","message":"info","service":"telecom-billing","timestamp":"2025-12-12 13:50:35"}
{"0":"I","1":"n","10":"n","11":"e","12":" ","13":"i","14":"t","15":"e","16":"m","17":" ","18":"c","19":"r","2":"v","20":"e","21":"a","22":"t","23":"e","24":"d","3":"o","4":"i","5":"c","6":"e","7":" ","8":"l","9":"i","level":"debug","message":"info","service":"telecom-billing","timestamp":"2025-12-12 13:50:35"}
{"0":"I","1":"n","10":"n","11":"e","12":" ","13":"i","14":"t","15":"e","16":"m","17":" ","18":"c","19":"r","2":"v","20":"e","21":"a","22":"t","23":"e","24":"d","3":"o","4":"i","5":"c","6":"e","7":" ","8":"l","9":"i","level":"debug","message":"info","service":"telecom-billing","timestamp":"2025-12-12 13:50:35"}
{"0":"I","1":"n","10":"n","11":"e","12":" ","13":"i","14":"t","15":"e","16":"m","17":" ","18":"c","19":"r","2":"v","20":"e","21":"a","22":"t","23":"e","24":"d","3":"o","4":"i","5":"c","6":"e","7":" ","8":"l","9":"i","level":"debug","message":"info","service":"telecom-billing","timestamp":"2025-12-12 13:50:35"}
{"0":"I","1":"n","10":"n","11":"e","12":" ","13":"i","14":"t","15":"e","16":"m","17":" ","18":"c","19":"r","2":"v","20":"e","21":"a","22":"t","23":"e","24":"d","3":"o","4":"i","5":"c","6":"e","7":" ","8":"l","9":"i","level":"debug","message":"info","service":"telecom-billing","timestamp":"2025-12-12 13:50:35"}
{"0":"I","1":"n","10":"n","11":"e","12":" ","13":"i","14":"t","15":"e","16":"m","17":" ","18":"c","19":"r","2":"v","20":"e","21":"a","22":"t","23":"e","24":"d","3":"o","4":"i","5":"c","6":"e","7":" ","8":"l","9":"i","level":"debug","message":"info","service":"telecom-billing","timestamp":"2025-12-12 13:50:35"}
{"0":"I","1":"n","10":"n","11":"e","12":" ","13":"i","14":"t","15":"e","16":"m","17":" ","18":"c","19":"r","2":"v","20":"e","21":"a","22":"t","23":"e","24":"d","3":"o","4":"i","5":"c","6":"e","7":" ","8":"l","9":"i","level":"debug","message":"info","service":"telecom-billing","timestamp":"2025-12-12 13:50:35"}
{"0":"I","1":"n","10":"n","11":"e","12":" ","13":"i","14":"t","15":"e","16":"m","17":" ","18":"c","19":"r","2":"v","20":"e","21":"a","22":"t","23":"e","24":"d","3":"o","4":"i","5":"c","6":"e","7":" ","8":"l","9":"i","level":"debug","message":"info","service":"telecom-billing","timestamp":"2025-12-12 13:50:35"}
{"0":"I","1":"n","10":"n","11":"e","12":" ","13":"i","14":"t","15":"e","16":"m","17":" ","18":"c","19":"r","2":"v","20":"e","21":"a","22":"t","23":"e","24":"d","3":"o","4":"i","5":"c","6":"e","7":" ","8":"l","9":"i","level":"debug","message":"info","service":"telecom-billing","timestamp":"2025-12-12 13:50:35"}
{"0":"I","1":"n","10":"n","11":"e","12":" ","13":"i","14":"t","15":"e","16":"m","17":" ","18":"c","19":"r","2":"v","20":"e","21":"a","22":"t","23":"e","24":"d","3":"o","4":"i","5":"c","6":"e","7":" ","8":"l","9":"i","level":"debug","message":"info","service":"telecom-billing","timestamp":"2025-12-12 13:50:35"}
{"0":"I","1":"n","10":"n","11":"e","12":" ","13":"i","14":"t","15":"e","16":"m","17":" ","18":"c","19":"r","2":"v","20":"e","21":"a","22":"t","23":"e","24":"d","3":"o","4":"i","5":"c","6":"e","7":" ","8":"l","9":"i","level":"debug","message":"info","service":"telecom-billing","timestamp":"2025-12-12 13:50:35"}
{"0":"I","1":"n","10":"n","11":"e","12":" ","13":"i","14":"t","15":"e","16":"m","17":" ","18":"c","19":"r","2":"v","20":"e","21":"a","22":"t","23":"e","24":"d","3":"o","4":"i","5":"c","6":"e","7":" ","8":"l","9":"i","level":"debug","message":"info","service":"telecom-billing","timestamp":"2025-12-12 13:50:35"}
{"0":"I","1":"n","10":"n","11":"e","12":" ","13":"i","14":"t","15":"e","16":"m","17":" ","18":"c","19":"r","2":"v","20":"e","21":"a","22":"t","23":"e","24":"d","3":"o","4":"i","5":"c","6":"e","7":" ","8":"l","9":"i","level":"debug","message":"info","service":"telecom-billing","timestamp":"2025-12-12 13:50:35"}
{"0":"I","1":"n","10":"n","11":"e","12":" ","13":"i","14":"t","15":"e","16":"m","17":" ","18":"c","19":"r","2":"v","20":"e","21":"a","22":"t","23":"e","24":"d","3":"o","4":"i","5":"c","6":"e","7":" ","8":"l","9":"i","level":"debug","message":"info","service":"telecom-billing","timestamp":"2025-12-12 13:50:35"}
{"0":"I","1":"n","10":"n","11":"e","12":" ","13":"i","14":"t","15":"e","16":"m","17":" ","18":"c","19":"r","2":"v","20":"e","21":"a","22":"t","23":"e","24":"d","3":"o","4":"i","5":"c","6":"e","7":" ","8":"l","9":"i","level":"debug","message":"info","service":"telecom-billing","timestamp":"2025-12-12 13:50:35"}
{"0":"I","1":"n","10":"n","11":"e","12":" ","13":"i","14":"t","15":"e","16":"m","17":" ","18":"c","19":"r","2":"v","20":"e","21":"a","22":"t","23":"e","24":"d","3":"o","4":"i","5":"c","6":"e","7":" ","8":"l","9":"i","level":"debug","message":"info","service":"telecom-billing","timestamp":"2025-12-12 13:50:35"}
{"0":"I","1":"n","10":"n","11":"e","12":" ","13":"i","14":"t","15":"e","16":"m","17":" ","18":"c","19":"r","2":"v","20":"e","21":"a","22":"t","23":"e","24":"d","3":"o","4":"i","5":"c","6":"e","7":" ","8":"l","9":"i","level":"debug","message":"info","service":"telecom-billing","timestamp":"2025-12-12 13:50:35"}
{"0":"I","1":"n","10":"n","11":"e","12":" ","13":"i","14":"t","15":"e","16":"m","17":" ","18":"c","19":"r","2":"v","20":"e","21":"a","22":"t","23":"e","24":"d","3":"o","4":"i","5":"c","6":"e","7":" ","8":"l","9":"i","level":"debug","message":"info","service":"telecom-billing","timestamp":"2025-12-12 13:50:35"}
{"0":"I","1":"n","10":"n","11":"e","12":" ","13":"i","14":"t","15":"e","16":"m","17":" ","18":"c","19":"r","2":"v","20":"e","21":"a","22":"t","23":"e","24":"d","3":"o","4":"i","5":"c","6":"e","7":" ","8":"l","9":"i","level":"debug","message":"info","service":"telecom-billing","timestamp":"2025-12-12 13:50:35"}
{"0":"I","1":"n","10":"n","11":"e","12":" ","13":"i","14":"t","15":"e","16":"m","17":" ","18":"c","19":"r","2":"v","20":"e","21":"a","22":"t","23":"e","24":"d","3":"o","4":"i","5":"c","6":"e","7":" ","8":"l","9":"i","level":"debug","message":"info","service":"telecom-billing","timestamp":"2025-12-12 13:50:35"}
{"0":"I","1":"n","10":"n","11":"e","12":" ","13":"i","14":"t","15":"e","16":"m","17":" ","18":"c","19":"r","2":"v","20":"e","21":"a","22":"t","23":"e","24":"d","3":"o","4":"i","5":"c","6":"e","7":" ","8":"l","9":"i","level":"debug","message":"info","service":"telecom-billing","timestamp":"2025-12-12 13:50:35"}
{"0":"I","1":"n","10":"n","11":"e","12":" ","13":"i","14":"t","15":"e","16":"m","17":" ","18":"c","19":"r","2":"v","20":"e","21":"a","22":"t","23":"e","24":"d","3":"o","4":"i","5":"c","6":"e","7":" ","8":"l","9":"i","level":"debug","message":"info","service":"telecom-billing","timestamp":"2025-12-12 13:50:35"}
{"0":"I","1":"n","10":"n","11":"e","12":" ","13":"i","14":"t","15":"e","16":"m","17":" ","18":"c","19":"r","2":"v","20":"e","21":"a","22":"t","23":"e","24":"d","3":"o","4":"i","5":"c","6":"e","7":" ","8":"l","9":"i","level":"debug","message":"info","service":"telecom-billing","timestamp":"2025-12-12 13:50:35"}
{"0":"I","1":"n","10":"n","11":"e","12":" ","13":"i","14":"t","15":"e","16":"m","17":" ","18":"c","19":"r","2":"v","20":"e","21":"a","22":"t","23":"e","24":"d","3":"o","4":"i","5":"c","6":"e","7":" ","8":"l","9":"i","level":"debug","message":"info","service":"telecom-billing","timestamp":"2025-12-12 13:50:35"}
{"0":"I","1":"n","10":"n","11":"e","12":" ","13":"i","14":"t","15":"e","16":"m","17":" ","18":"c","19":"r","2":"v","20":"e","21":"a","22":"t","23":"e","24":"d","3":"o","4":"i","5":"c","6":"e","7":" ","8":"l","9":"i","level":"debug","message":"info","service":"telecom-billing","timestamp":"2025-12-12 13:50:35"}
{"0":"I","1":"n","10":"n","11":"e","12":" ","13":"i","14":"t","15":"e","16":"m","17":" ","18":"c","19":"r","2":"v","20":"e","21":"a","22":"t","23":"e","24":"d","3":"o","4":"i","5":"c","6":"e","7":" ","8":"l","9":"i","level":"debug","message":"info","service":"telecom-billing","timestamp":"2025-12-12 13:50:35"}
{"0":"I","1":"n","10":"n","11":"e","12":" ","13":"i","14":"t","15":"e","16":"m","17":" ","18":"c","19":"r","2":"v","20":"e","21":"a","22":"t","23":"e","24":"d","3":"o","4":"i","5":"c","6":"e","7":" ","8":"l","9":"i","level":"debug","message":"info","service":"telecom-billing","timestamp":"2025-12-12 13:50:35"}
{"0":"I","1":"n","10":"n","11":"e","12":" ","13":"i","14":"t","15":"e","16":"m","17":" ","18":"c","19":"r","2":"v","20":"e","21":"a","22":"t","23":"e","24":"d","3":"o","4":"i","5":"c","6":"e","7":" ","8":"l","9":"i","level":"debug","message":"info","service":"telecom-billing","timestamp":"2025-12-12 13:50:35"}
{"0":"I","1":"n","10":"n","11":"e","12":" ","13":"i","14":"t","15":"e","16":"m","17":" ","18":"c","19":"r","2":"v","20":"e","21":"a","22":"t","23":"e","24":"d","3":"o","4":"i","5":"c","6":"e","7":" ","8":"l","9":"i","level":"debug","message":"info","service":"telecom-billing","timestamp":"2025-12-12 13:50:35"}
{"0":"I","1":"n","10":"n","11":"e","12":" ","13":"i","14":"t","15":"e","16":"m","17":" ","18":"c","19":"r","2":"v","20":"e","21":"a","22":"t","23":"e","24":"d","3":"o","4":"i","5":"c","6":"e","7":" ","8":"l","9":"i","level":"debug","message":"info","service":"telecom-billing","timestamp":"2025-12-12 13:50:35"}
{"0":"I","1":"n","10":"n","11":"e","12":" ","13":"i","14":"t","15":"e","16":"m","17":" ","18":"c","19":"r","2":"v","20":"e","21":"a","22":"t","23":"e","24":"d","3":"o","4":"i","5":"c","6":"e","7":" ","8":"l","9":"i","level":"debug","message":"info","service":"telecom-billing","timestamp":"2025-12-12 13:50:35"}
{"0":"I","1":"n","10":"n","11":"e","12":" ","13":"i","14":"t","15":"e","16":"m","17":" ","18":"c","19":"r","2":"v","20":"e","21":"a","22":"t","23":"e","24":"d","3":"o","4":"i","5":"c","6":"e","7":" ","8":"l","9":"i","level":"debug","message":"info","service":"telecom-billing","timestamp":"2025-12-12 13:50:35"}
{"0":"I","1":"n","10":"n","11":"e","12":" ","13":"i","14":"t","15":"e","16":"m","17":" ","18":"c","19":"r","2":"v","20":"e","21":"a","22":"t","23":"e","24":"d","3":"o","4":"i","5":"c","6":"e","7":" ","8":"l","9":"i","level":"debug","message":"info","service":"telecom-billing","timestamp":"2025-12-12 13:50:35"}
{"0":"I","1":"n","10":"n","11":"e","12":" ","13":"i","14":"t","15":"e","16":"m","17":" ","18":"c","19":"r","2":"v","20":"e","21":"a","22":"t","23":"e","24":"d","3":"o","4":"i","5":"c","6":"e","7":" ","8":"l","9":"i","level":"debug","message":"info","service":"telecom-billing","timestamp":"2025-12-12 13:50:35"}
{"0":"I","1":"n","10":"n","11":"e","12":" ","13":"i","14":"t","15":"e","16":"m","17":" ","18":"c","19":"r","2":"v","20":"e","21":"a","22":"t","23":"e","24":"d","3":"o","4":"i","5":"c","6":"e","7":" ","8":"l","9":"i","level":"debug","message":"info","service":"telecom-billing","timestamp":"2025-12-12 13:50:35"}
{"0":"I","1":"n","10":"n","11":"e","12":" ","13":"i","14":"t","15":"e","16":"m","17":" ","18":"c","19":"r","2":"v","20":"e","21":"a","22":"t","23":"e","24":"d","3":"o","4":"i","5":"c","6":"e","7":" ","8":"l","9":"i","level":"debug","message":"info","service":"telecom-billing","timestamp":"2025-12-12 13:50:35"}
{"0":"I","1":"n","10":"n","11":"e","12":" ","13":"i","14":"t","15":"e","16":"m","17":" ","18":"c","19":"r","2":"v","20":"e","21":"a","22":"t","23":"e","24":"d","3":"o","4":"i","5":"c","6":"e","7":" ","8":"l","9":"i","level":"debug","message":"info","service":"telecom-billing","timestamp":"2025-12-12 13:50:35"}
{"0":"I","1":"n","10":"n","11":"e","12":" ","13":"i","14":"t","15":"e","16":"m","17":" ","18":"c","19":"r","2":"v","20":"e","21":"a","22":"t","23":"e","24":"d","3":"o","4":"i","5":"c","6":"e","7":" ","8":"l","9":"i","level":"debug","message":"info","service":"telecom-billing","timestamp":"2025-12-12 13:50:35"}
{"0":"I","1":"n","10":"n","11":"e","12":" ","13":"i","14":"t","15":"e","16":"m","17":" ","18":"c","19":"r","2":"v","20":"e","21":"a","22":"t","23":"e","24":"d","3":"o","4":"i","5":"c","6":"e","7":" ","8":"l","9":"i","level":"debug","message":"info","service":"telecom-billing","timestamp":"2025-12-12 13:50:35"}
{"0":"I","1":"n","10":"n","11":"e","12":" ","13":"i","14":"t","15":"e","16":"m","17":" ","18":"c","19":"r","2":"v","20":"e","21":"a","22":"t","23":"e","24":"d","3":"o","4":"i","5":"c","6":"e","7":" ","8":"l","9":"i","level":"debug","message":"info","service":"telecom-billing","timestamp":"2025-12-12 13:50:35"}
{"0":"I","1":"n","10":"n","11":"e","12":" ","13":"i","14":"t","15":"e","16":"m","17":" ","18":"c","19":"r","2":"v","20":"e","21":"a","22":"t","23":"e","24":"d","3":"o","4":"i","5":"c","6":"e","7":" ","8":"l","9":"i","level":"debug","message":"info","service":"telecom-billing","timestamp":"2025-12-12 13:50:35"}
{"0":"I","1":"n","10":"n","11":"e","12":" ","13":"i","14":"t","15":"e","16":"m","17":" ","18":"c","19":"r","2":"v","20":"e","21":"a","22":"t","23":"e","24":"d","3":"o","4":"i","5":"c","6":"e","7":" ","8":"l","9":"i","level":"debug","message":"info","service":"telecom-billing","timestamp":"2025-12-12 13:50:35"}
{"0":"I","1":"n","10":"n","11":"e","12":" ","13":"i","14":"t","15":"e","16":"m","17":" ","18":"c","19":"r","2":"v","20":"e","21":"a","22":"t","23":"e","24":"d","3":"o","4":"i","5":"c","6":"e","7":" ","8":"l","9":"i","level":"debug","message":"info","service":"telecom-billing","timestamp":"2025-12-12 13:50:35"}
{"0":"I","1":"n","10":"n","11":"e","12":" ","13":"i","14":"t","15":"e","16":"m","17":" ","18":"c","19":"r","2":"v","20":"e","21":"a","22":"t","23":"e","24":"d","3":"o","4":"i","5":"c","6":"e","7":" ","8":"l","9":"i","level":"debug","message":"info","service":"telecom-billing","timestamp":"2025-12-12 13:50:35"}
{"0":"I","1":"n","10":"n","11":"e","12":" ","13":"i","14":"t","15":"e","16":"m","17":" ","18":"c","19":"r","2":"v","20":"e","21":"a","22":"t","23":"e","24":"d","3":"o","4":"i","5":"c","6":"e","7":" ","8":"l","9":"i","level":"debug","message":"info","service":"telecom-billing","timestamp":"2025-12-12 13:50:35"}
{"0":"I","1":"n","10":"n","11":"e","12":" ","13":"i","14":"t","15":"e","16":"m","17":" ","18":"c","19":"r","2":"v","20":"e","21":"a","22":"t","23":"e","24":"d","3":"o","4":"i","5":"c","6":"e","7":" ","8":"l","9":"i","level":"debug","message":"info","service":"telecom-billing","timestamp":"2025-12-12 13:50:35"}
{"0":"I","1":"n","10":"n","11":"e","12":" ","13":"i","14":"t","15":"e","16":"m","17":" ","18":"c","19":"r","2":"v","20":"e","21":"a","22":"t","23":"e","24":"d","3":"o","4":"i","5":"c","6":"e","7":" ","8":"l","9":"i","level":"debug","message":"info","service":"telecom-billing","timestamp":"2025-12-12 13:50:35"}
{"0":"I","1":"n","10":"n","11":"e","12":" ","13":"i","14":"t","15":"e","16":"m","17":" ","18":"c","19":"r","2":"v","20":"e","21":"a","22":"t","23":"e","24":"d","3":"o","4":"i","5":"c","6":"e","7":" ","8":"l","9":"i","level":"debug","message":"info","service":"telecom-billing","timestamp":"2025-12-12 13:50:35"}
{"0":"I","1":"n","10":"n","11":"e","12":" ","13":"i","14":"t","15":"e","16":"m","17":" ","18":"c","19":"r","2":"v","20":"e","21":"a","22":"t","23":"e","24":"d","3":"o","4":"i","5":"c","6":"e","7":" ","8":"l","9":"i","level":"debug","message":"info","service":"telecom-billing","timestamp":"2025-12-12 13:50:35"}
{"0":"I","1":"n","10":"n","11":"e","12":" ","13":"i","14":"t","15":"e","16":"m","17":" ","18":"c","19":"r","2":"v","20":"e","21":"a","22":"t","23":"e","24":"d","3":"o","4":"i","5":"c","6":"e","7":" ","8":"l","9":"i","level":"debug","message":"info","service":"telecom-billing","timestamp":"2025-12-12 13:50:35"}
{"0":"I","1":"n","10":"n","11":"e","12":" ","13":"i","14":"t","15":"e","16":"m","17":" ","18":"c","19":"r","2":"v","20":"e","21":"a","22":"t","23":"e","24":"d","3":"o","4":"i","5":"c","6":"e","7":" ","8":"l","9":"i","level":"debug","message":"info","service":"telecom-billing","timestamp":"2025-12-12 13:50:35"}
{"0":"I","1":"n","10":"n","11":"e","12":" ","13":"i","14":"t","15":"e","16":"m","17":" ","18":"c","19":"r","2":"v","20":"e","21":"a","22":"t","23":"e","24":"d","3":"o","4":"i","5":"c","6":"e","7":" ","8":"l","9":"i","level":"debug","message":"info","service":"telecom-billing","timestamp":"2025-12-12 13:50:35"}
{"0":"I","1":"n","10":"n","11":"e","12":" ","13":"i","14":"t","15":"e","16":"m","17":" ","18":"c","19":"r","2":"v","20":"e","21":"a","22":"t","23":"e","24":"d","3":"o","4":"i","5":"c","6":"e","7":" ","8":"l","9":"i","level":"debug","message":"info","service":"telecom-billing","timestamp":"2025-12-12 13:50:35"}
{"0":"I","1":"n","10":"n","11":"e","12":" ","13":"i","14":"t","15":"e","16":"m","17":" ","18":"c","19":"r","2":"v","20":"e","21":"a","22":"t","23":"e","24":"d","3":"o","4":"i","5":"c","6":"e","7":" ","8":"l","9":"i","level":"debug","message":"info","service":"telecom-billing","timestamp":"2025-12-12 13:50:35"}
{"0":"I","1":"n","10":"n","11":"e","12":" ","13":"i","14":"t","15":"e","16":"m","17":" ","18":"c","19":"r","2":"v","20":"e","21":"a","22":"t","23":"e","24":"d","3":"o","4":"i","5":"c","6":"e","7":" ","8":"l","9":"i","level":"debug","message":"info","service":"telecom-billing","timestamp":"2025-12-12 13:50:35"}
{"0":"I","1":"n","10":"n","11":"e","12":" ","13":"i","14":"t","15":"e","16":"m","17":" ","18":"c","19":"r","2":"v","20":"e","21":"a","22":"t","23":"e","24":"d","3":"o","4":"i","5":"c","6":"e","7":" ","8":"l","9":"i","level":"debug","message":"info","service":"telecom-billing","timestamp":"2025-12-12 13:50:35"}
{"0":"I","1":"n","10":"n","11":"e","12":" ","13":"i","14":"t","15":"e","16":"m","17":" ","18":"c","19":"r","2":"v","20":"e","21":"a","22":"t","23":"e","24":"d","3":"o","4":"i","5":"c","6":"e","7":" ","8":"l","9":"i","level":"debug","message":"info","service":"telecom-billing","timestamp":"2025-12-12 13:50:35"}
{"0":"I","1":"n","10":"n","11":"e","12":" ","13":"i","14":"t","15":"e","16":"m","17":" ","18":"c","19":"r","2":"v","20":"e","21":"a","22":"t","23":"e","24":"d","3":"o","4":"i","5":"c","6":"e","7":" ","8":"l","9":"i","level":"debug","message":"info","service":"telecom-billing","timestamp":"2025-12-12 13:50:35"}
{"0":"I","1":"n","10":"n","11":"e","12":" ","13":"i","14":"t","15":"e","16":"m","17":" ","18":"c","19":"r","2":"v","20":"e","21":"a","22":"t","23":"e","24":"d","3":"o","4":"i","5":"c","6":"e","7":" ","8":"l","9":"i","level":"debug","message":"info","service":"telecom-billing","timestamp":"2025-12-12 13:50:35"}
{"0":"I","1":"n","10":"n","11":"e","12":" ","13":"i","14":"t","15":"e","16":"m","17":" ","18":"c","19":"r","2":"v","20":"e","21":"a","22":"t","23":"e","24":"d","3":"o","4":"i","5":"c","6":"e","7":" ","8":"l","9":"i","level":"debug","message":"info","service":"telecom-billing","timestamp":"2025-12-12 13:50:35"}
{"0":"I","1":"n","10":"n","11":"e","12":" ","13":"i","14":"t","15":"e","16":"m","17":" ","18":"c","19":"r","2":"v","20":"e","21":"a","22":"t","23":"e","24":"d","3":"o","4":"i","5":"c","6":"e","7":" ","8":"l","9":"i","level":"debug","message":"info","service":"telecom-billing","timestamp":"2025-12-12 13:50:35"}
{"0":"I","1":"n","10":"n","11":"e","12":" ","13":"i","14":"t","15":"e","16":"m","17":" ","18":"c","19":"r","2":"v","20":"e","21":"a","22":"t","23":"e","24":"d","3":"o","4":"i","5":"c","6":"e","7":" ","8":"l","9":"i","level":"debug","message":"info","service":"telecom-billing","timestamp":"2025-12-12 13:50:35"}
{"0":"I","1":"n","10":"n","11":"e","12":" ","13":"i","14":"t","15":"e","16":"m","17":" ","18":"c","19":"r","2":"v","20":"e","21":"a","22":"t","23":"e","24":"d","3":"o","4":"i","5":"c","6":"e","7":" ","8":"l","9":"i","level":"debug","message":"info","service":"telecom-billing","timestamp":"2025-12-12 13:50:35"}
{"0":"I","1":"n","10":"n","11":"e","12":" ","13":"i","14":"t","15":"e","16":"m","17":" ","18":"c","19":"r","2":"v","20":"e","21":"a","22":"t","23":"e","24":"d","3":"o","4":"i","5":"c","6":"e","7":" ","8":"l","9":"i","level":"debug","message":"info","service":"telecom-billing","timestamp":"2025-12-12 13:50:35"}
{"0":"I","1":"n","10":"n","11":"e","12":" ","13":"i","14":"t","15":"e","16":"m","17":" ","18":"c","19":"r","2":"v","20":"e","21":"a","22":"t","23":"e","24":"d","3":"o","4":"i","5":"c","6":"e","7":" ","8":"l","9":"i","level":"debug","message":"info","service":"telecom-billing","timestamp":"2025-12-12 13:50:35"}
{"0":"I","1":"n","10":"n","11":"e","12":" ","13":"i","14":"t","15":"e","16":"m","17":" ","18":"c","19":"r","2":"v","20":"e","21":"a","22":"t","23":"e","24":"d","3":"o","4":"i","5":"c","6":"e","7":" ","8":"l","9":"i","level":"debug","message":"info","service":"telecom-billing","timestamp":"2025-12-12 13:50:35"}
{"0":"I","1":"n","10":"n","11":"e","12":" ","13":"i","14":"t","15":"e","16":"m","17":" ","18":"c","19":"r","2":"v","20":"e","21":"a","22":"t","23":"e","24":"d","3":"o","4":"i","5":"c","6":"e","7":" ","8":"l","9":"i","level":"debug","message":"info","service":"telecom-billing","timestamp":"2025-12-12 13:50:35"}
{"0":"I","1":"n","10":"n","11":"e","12":" ","13":"i","14":"t","15":"e","16":"m","17":" ","18":"c","19":"r","2":"v","20":"e","21":"a","22":"t","23":"e","24":"d","3":"o","4":"i","5":"c","6":"e","7":" ","8":"l","9":"i","level":"debug","message":"info","service":"telecom-billing","timestamp":"2025-12-12 13:50:35"}
{"0":"I","1":"n","10":"n","11":"e","12":" ","13":"i","14":"t","15":"e","16":"m","17":" ","18":"c","19":"r","2":"v","20":"e","21":"a","22":"t","23":"e","24":"d","3":"o","4":"i","5":"c","6":"e","7":" ","8":"l","9":"i","level":"debug","message":"info","service":"telecom-billing","timestamp":"2025-12-12 13:50:35"}
{"0":"I","1":"n","10":"n","11":"e","12":" ","13":"i","14":"t","15":"e","16":"m","17":" ","18":"c","19":"r","2":"v","20":"e","21":"a","22":"t","23":"e","24":"d","3":"o","4":"i","5":"c","6":"e","7":" ","8":"l","9":"i","level":"debug","message":"info","service":"telecom-billing","timestamp":"2025-12-12 13:50:35"}
{"0":"I","1":"n","10":"n","11":"e","12":" ","13":"i","14":"t","15":"e","16":"m","17":" ","18":"c","19":"r","2":"v","20":"e","21":"a","22":"t","23":"e","24":"d","3":"o","4":"i","5":"c","6":"e","7":" ","8":"l","9":"i","level":"debug","message":"info","service":"telecom-billing","timestamp":"2025-12-12 13:50:35"}
{"0":"I","1":"n","10":"n","11":"e","12":" ","13":"i","14":"t","15":"e","16":"m","17":" ","18":"c","19":"r","2":"v","20":"e","21":"a","22":"t","23":"e","24":"d","3":"o","4":"i","5":"c","6":"e","7":" ","8":"l","9":"i","level":"debug","message":"info","service":"telecom-billing","timestamp":"2025-12-12 13:50:35"}
{"0":"I","1":"n","10":"n","11":"e","12":" ","13":"i","14":"t","15":"e","16":"m","17":" ","18":"c","19":"r","2":"v","20":"e","21":"a","22":"t","23":"e","24":"d","3":"o","4":"i","5":"c","6":"e","7":" ","8":"l","9":"i","level":"debug","message":"info","service":"telecom-billing","timestamp":"2025-12-12 13:50:35"}
{"0":"I","1":"n","10":"n","11":"e","12":" ","13":"i","14":"t","15":"e","16":"m","17":" ","18":"c","19":"r","2":"v","20":"e","21":"a","22":"t","23":"e","24":"d","3":"o","4":"i","5":"c","6":"e","7":" ","8":"l","9":"i","level":"debug","message":"info","service":"telecom-billing","timestamp":"2025-12-12 13:50:35"}
{"0":"I","1":"n","10":"n","11":"e","12":" ","13":"i","14":"t","15":"e","16":"m","17":" ","18":"c","19":"r","2":"v","20":"e","21":"a","22":"t","23":"e","24":"d","3":"o","4":"i","5":"c","6":"e","7":" ","8":"l","9":"i","level":"debug","message":"info","service":"telecom-billing","timestamp":"2025-12-12 13:50:35"}
{"0":"I","1":"n","10":"n","11":"e","12":" ","13":"i","14":"t","15":"e","16":"m","17":" ","18":"c","19":"r","2":"v","20":"e","21":"a","22":"t","23":"e","24":"d","3":"o","4":"i","5":"c","6":"e","7":" ","8":"l","9":"i","level":"debug","message":"info","service":"telecom-billing","timestamp":"2025-12-12 13:50:35"}
{"0":"I","1":"n","10":"n","11":"e","12":" ","13":"i","14":"t","15":"e","16":"m","17":" ","18":"c","19":"r","2":"v","20":"e","21":"a","22":"t","23":"e","24":"d","3":"o","4":"i","5":"c","6":"e","7":" ","8":"l","9":"i","level":"debug","message":"info","service":"telecom-billing","timestamp":"2025-12-12 13:50:35"}
{"0":"I","1":"n","10":"n","11":"e","12":" ","13":"i","14":"t","15":"e","16":"m","17":" ","18":"c","19":"r","2":"v","20":"e","21":"a","22":"t","23":"e","24":"d","3":"o","4":"i","5":"c","6":"e","7":" ","8":"l","9":"i","level":"debug","message":"info","service":"telecom-billing","timestamp":"2025-12-12 13:50:35"}
{"0":"I","1":"n","10":"n","11":"e","12":" ","13":"i","14":"t","15":"e","16":"m","17":" ","18":"c","19":"r","2":"v","20":"e","21":"a","22":"t","23":"e","24":"d","3":"o","4":"i","5":"c","6":"e","7":" ","8":"l","9":"i","level":"debug","message":"info","service":"telecom-billing","timestamp":"2025-12-12 13:50:35"}
{"0":"I","1":"n","10":"n","11":"e","12":" ","13":"i","14":"t","15":"e","16":"m","17":" ","18":"c","19":"r","2":"v","20":"e","21":"a","22":"t","23":"e","24":"d","3":"o","4":"i","5":"c","6":"e","7":" ","8":"l","9":"i","level":"debug","message":"info","service":"telecom-billing","timestamp":"2025-12-12 13:50:35"}
{"0":"I","1":"n","10":"n","11":"e","12":" ","13":"i","14":"t","15":"e","16":"m","17":" ","18":"c","19":"r","2":"v","20":"e","21":"a","22":"t","23":"e","24":"d","3":"o","4":"i","5":"c","6":"e","7":" ","8":"l","9":"i","level":"debug","message":"info","service":"telecom-billing","timestamp":"2025-12-12 13:50:35"}
{"0":"I","1":"n","10":"n","11":"e","12":" ","13":"i","14":"t","15":"e","16":"m","17":" ","18":"c","19":"r","2":"v","20":"e","21":"a","22":"t","23":"e","24":"d","3":"o","4":"i","5":"c","6":"e","7":" ","8":"l","9":"i","level":"debug","message":"info","service":"telecom-billing","timestamp":"2025-12-12 13:50:35"}
{"0":"I","1":"n","10":"n","11":"e","12":" ","13":"i","14":"t","15":"e","16":"m","17":" ","18":"c","19":"r","2":"v","20":"e","21":"a","22":"t","23":"e","24":"d","3":"o","4":"i","5":"c","6":"e","7":" ","8":"l","9":"i","level":"debug","message":"info","service":"telecom-billing","timestamp":"2025-12-12 13:50:35"}
{"0":"I","1":"n","10":"n","11":"e","12":" ","13":"i","14":"t","15":"e","16":"m","17":" ","18":"c","19":"r","2":"v","20":"e","21":"a","22":"t","23":"e","24":"d","3":"o","4":"i","5":"c","6":"e","7":" ","8":"l","9":"i","level":"debug","message":"info","service":"telecom-billing","timestamp":"2025-12-12 13:50:35"}
{"0":"I","1":"n","10":"n","11":"e","12":" ","13":"i","14":"t","15":"e","16":"m","17":" ","18":"c","19":"r","2":"v","20":"e","21":"a","22":"t","23":"e","24":"d","3":"o","4":"i","5":"c","6":"e","7":" ","8":"l","9":"i","level":"debug","message":"info","service":"telecom-billing","timestamp":"2025-12-12 13:50:35"}
{"0":"I","1":"n","10":"n","11":"e","12":" ","13":"i","14":"t","15":"e","16":"m","17":" ","18":"c","19":"r","2":"v","20":"e","21":"a","22":"t","23":"e","24":"d","3":"o","4":"i","5":"c","6":"e","7":" ","8":"l","9":"i","level":"debug","message":"info","service":"telecom-billing","timestamp":"2025-12-12 13:50:35"}
{"0":"I","1":"n","10":"n","11":"e","12":" ","13":"i","14":"t","15":"e","16":"m","17":" ","18":"c","19":"r","2":"v","20":"e","21":"a","22":"t","23":"e","24":"d","3":"o","4":"i","5":"c","6":"e","7":" ","8":"l","9":"i","level":"debug","message":"info","service":"telecom-billing","timestamp":"2025-12-12 13:50:35"}
{"0":"I","1":"n","10":"n","11":"e","12":" ","13":"i","14":"t","15":"e","16":"m","17":" ","18":"c","19":"r","2":"v","20":"e","21":"a","22":"t","23":"e","24":"d","3":"o","4":"i","5":"c","6":"e","7":" ","8":"l","9":"i","level":"debug","message":"info","service":"telecom-billing","timestamp":"2025-12-12 13:50:35"}
{"0":"I","1":"n","10":"n","11":"e","12":" ","13":"i","14":"t","15":"e","16":"m","17":" ","18":"c","19":"r","2":"v","20":"e","21":"a","22":"t","23":"e","24":"d","3":"o","4":"i","5":"c","6":"e","7":" ","8":"l","9":"i","level":"debug","message":"info","service":"telecom-billing","timestamp":"2025-12-12 13:50:35"}
{"0":"I","1":"n","10":"n","11":"e","12":" ","13":"i","14":"t","15":"e","16":"m","17":" ","18":"c","19":"r","2":"v","20":"e","21":"a","22":"t","23":"e","24":"d","3":"o","4":"i","5":"c","6":"e","7":" ","8":"l","9":"i","level":"debug","message":"info","service":"telecom-billing","timestamp":"2025-12-12 13:50:35"}
{"0":"I","1":"n","10":"n","11":"e","12":" ","13":"i","14":"t","15":"e","16":"m","17":" ","18":"c","19":"r","2":"v","20":"e","21":"a","22":"t","23":"e","24":"d","3":"o","4":"i","5":"c","6":"e","7":" ","8":"l","9":"i","level":"debug","message":"info","service":"telecom-billing","timestamp":"2025-12-12 13:50:35"}
{"0":"I","1":"n","10":"n","11":"e","12":" ","13":"i","14":"t","15":"e","16":"m","17":" ","18":"c","19":"r","2":"v","20":"e","21":"a","22":"t","23":"e","24":"d","3":"o","4":"i","5":"c","6":"e","7":" ","8":"l","9":"i","level":"debug","message":"info","service":"telecom-billing","timestamp":"2025-12-12 13:50:35"}
{"0":"I","1":"n","10":"n","11":"e","12":" ","13":"i","14":"t","15":"e","16":"m","17":" ","18":"c","19":"r","2":"v","20":"e","21":"a","22":"t","23":"e","24":"d","3":"o","4":"i","5":"c","6":"e","7":" ","8":"l","9":"i","level":"debug","message":"info","service":"telecom-billing","timestamp":"2025-12-12 13:50:35"}
{"0":"I","1":"n","10":"n","11":"e","12":" ","13":"i","14":"t","15":"e","16":"m","17":" ","18":"c","19":"r","2":"v","20":"e","21":"a","22":"t","23":"e","24":"d","3":"o","4":"i","5":"c","6":"e","7":" ","8":"l","9":"i","level":"debug","message":"info","service":"telecom-billing","timestamp":"2025-12-12 13:50:35"}
{"0":"I","1":"n","10":"n","11":"e","12":" ","13":"i","14":"t","15":"e","16":"m","17":" ","18":"c","19":"r","2":"v","20":"e","21":"a","22":"t","23":"e","24":"d","3":"o","4":"i","5":"c","6":"e","7":" ","8":"l","9":"i","level":"debug","message":"info","service":"telecom-billing","timestamp":"2025-12-12 13:50:35"}
{"0":"I","1":"n","10":"n","11":"e","12":" ","13":"i","14":"t","15":"e","16":"m","17":" ","18":"c","19":"r","2":"v","20":"e","21":"a","22":"t","23":"e","24":"d","3":"o","4":"i","5":"c","6":"e","7":" ","8":"l","9":"i","level":"debug","message":"info","service":"telecom-billing","timestamp":"2025-12-12 13:50:35"}
{"0":"I","1":"n","10":"n","11":"e","12":" ","13":"i","14":"t","15":"e","16":"m","17":" ","18":"c","19":"r","2":"v","20":"e","21":"a","22":"t","23":"e","24":"d","3":"o","4":"i","5":"c","6":"e","7":" ","8":"l","9":"i","level":"debug","message":"info","service":"telecom-billing","timestamp":"2025-12-12 13:50:35"}
{"0":"I","1":"n","10":"n","11":"e","12":" ","13":"i","14":"t","15":"e","16":"m","17":" ","18":"c","19":"r","2":"v","20":"e","21":"a","22":"t","23":"e","24":"d","3":"o","4":"i","5":"c","6":"e","7":" ","8":"l","9":"i","level":"debug","message":"info","service":"telecom-billing","timestamp":"2025-12-12 13:50:35"}
{"0":"I","1":"n","10":"n","11":"e","12":" ","13":"i","14":"t","15":"e","16":"m","17":" ","18":"c","19":"r","2":"v","20":"e","21":"a","22":"t","23":"e","24":"d","3":"o","4":"i","5":"c","6":"e","7":" ","8":"l","9":"i","level":"debug","message":"info","service":"telecom-billing","timestamp":"2025-12-12 13:50:35"}
{"0":"I","1":"n","10":"n","11":"e","12":" ","13":"i","14":"t","15":"e","16":"m","17":" ","18":"c","19":"r","2":"v","20":"e","21":"a","22":"t","23":"e","24":"d","3":"o","4":"i","5":"c","6":"e","7":" ","8":"l","9":"i","level":"debug","message":"info","service":"telecom-billing","timestamp":"2025-12-12 13:50:35"}
{"0":"I","1":"n","10":"n","11":"e","12":" ","13":"i","14":"t","15":"e","16":"m","17":" ","18":"c","19":"r","2":"v","20":"e","21":"a","22":"t","23":"e","24":"d","3":"o","4":"i","5":"c","6":"e","7":" ","8":"l","9":"i","level":"debug","message":"info","service":"telecom-billing","timestamp":"2025-12-12 13:50:35"}
{"0":"I","1":"n","10":"n","11":"e","12":" ","13":"i","14":"t","15":"e","16":"m","17":" ","18":"c","19":"r","2":"v","20":"e","21":"a","22":"t","23":"e","24":"d","3":"o","4":"i","5":"c","6":"e","7":" ","8":"l","9":"i","level":"debug","message":"info","service":"telecom-billing","timestamp":"2025-12-12 13:50:35"}
{"0":"I","1":"n","10":"n","11":"e","12":" ","13":"i","14":"t","15":"e","16":"m","17":" ","18":"c","19":"r","2":"v","20":"e","21":"a","22":"t","23":"e","24":"d","3":"o","4":"i","5":"c","6":"e","7":" ","8":"l","9":"i","level":"debug","message":"info","service":"telecom-billing","timestamp":"2025-12-12 13:50:35"}
{"0":"I","1":"n","10":"n","11":"e","12":" ","13":"i","14":"t","15":"e","16":"m","17":" ","18":"c","19":"r","2":"v","20":"e","21":"a","22":"t","23":"e","24":"d","3":"o","4":"i","5":"c","6":"e","7":" ","8":"l","9":"i","level":"debug","message":"info","service":"telecom-billing","timestamp":"2025-12-12 13:50:35"}
{"0":"I","1":"n","10":"n","11":"e","12":" ","13":"i","14":"t","15":"e","16":"m","17":" ","18":"c","19":"r","2":"v","20":"e","21":"a","22":"t","23":"e","24":"d","3":"o","4":"i","5":"c","6":"e","7":" ","8":"l","9":"i","level":"debug","message":"info","service":"telecom-billing","timestamp":"2025-12-12 13:50:35"}
{"0":"I","1":"n","10":"n","11":"e","12":" ","13":"i","14":"t","15":"e","16":"m","17":" ","18":"c","19":"r","2":"v","20":"e","21":"a","22":"t","23":"e","24":"d","3":"o","4":"i","5":"c","6":"e","7":" ","8":"l","9":"i","level":"debug","message":"info","service":"telecom-billing","timestamp":"2025-12-12 13:50:35"}
{"0":"I","1":"n","10":"n","11":"e","12":" ","13":"i","14":"t","15":"e","16":"m","17":" ","18":"c","19":"r","2":"v","20":"e","21":"a","22":"t","23":"e","24":"d","3":"o","4":"i","5":"c","6":"e","7":" ","8":"l","9":"i","level":"debug","message":"info","service":"telecom-billing","timestamp":"2025-12-12 13:50:35"}
{"0":"I","1":"n","10":"n","11":"e","12":" ","13":"i","14":"t","15":"e","16":"m","17":" ","18":"c","19":"r","2":"v","20":"e","21":"a","22":"t","23":"e","24":"d","3":"o","4":"i","5":"c","6":"e","7":" ","8":"l","9":"i","level":"debug","message":"info","service":"telecom-billing","timestamp":"2025-12-12 13:50:35"}
{"0":"I","1":"n","10":"n","11":"e","12":" ","13":"i","14":"t","15":"e","16":"m","17":" ","18":"c","19":"r","2":"v","20":"e","21":"a","22":"t","23":"e","24":"d","3":"o","4":"i","5":"c","6":"e","7":" ","8":"l","9":"i","level":"debug","message":"info","service":"telecom-billing","timestamp":"2025-12-12 13:50:35"}
{"0":"I","1":"n","10":"n","11":"e","12":" ","13":"i","14":"t","15":"e","16":"m","17":" ","18":"c","19":"r","2":"v","20":"e","21":"a","22":"t","23":"e","24":"d","3":"o","4":"i","5":"c","6":"e","7":" ","8":"l","9":"i","level":"debug","message":"info","service":"telecom-billing","timestamp":"2025-12-12 13:50:35"}
{"0":"I","1":"n","10":"n","11":"e","12":" ","13":"i","14":"t","15":"e","16":"m","17":" ","18":"c","19":"r","2":"v","20":"e","21":"a","22":"t","23":"e","24":"d","3":"o","4":"i","5":"c","6":"e","7":" ","8":"l","9":"i","level":"debug","message":"info","service":"telecom-billing","timestamp":"2025-12-12 13:50:35"}
{"0":"I","1":"n","10":"b","11":"l","12":"i","13":"s","14":"h","15":"e","16":"d","2":"v","3":"o","4":"i","5":"c","6":"e","7":" ","8":"p","9":"u","level":"debug","message":"info","service":"telecom-billing","timestamp":"2025-12-12 13:50:35"}
{"0":"I","1":"n","10":"n","11":"e","12":"r","13":"a","14":"t","15":"e","16":"d","2":"v","3":"o","4":"i","5":"c","6":"e","7":" ","8":"g","9":"e","level":"debug","message":"info","service":"telecom-billing","timestamp":"2025-12-12 13:50:35"}
{"0":"P","1":"O","10":"d","11":"9","12":"b","13":"7","14":"-","15":"7","16":"6","17":"a","18":"f","19":"-","2":"S","20":"4","21":"c","22":"4","23":"7","24":"-","25":"b","26":"2","27":"7","28":"b","29":"-","3":"T","30":"9","31":"3","32":"3","33":"f","34":"3","35":"b","36":"2","37":"8","38":"c","39":"a","4":" ","40":"e","41":"9","42":"/","43":"g","44":"e","45":"n","46":"e","47":"r","48":"a","49":"t","5":"/","50":"e","51":"-","52":"i","53":"n","54":"v","55":"o","56":"i","57":"c","58":"e","6":"f","7":"3","8":"7","9":"7","level":"debug","message":"info","service":"telecom-billing","timestamp":"2025-12-12 13:50:35"}
{"0":"G","1":"E","10":"c","11":"e","12":"/","13":"a","14":"f","15":"0","16":"0","17":"f","18":"f","19":"e","2":"T","20":"2","21":"-","22":"b","23":"5","24":"7","25":"6","26":"-","27":"4","28":"4","29":"e","3":" ","30":"9","31":"-","32":"8","33":"3","34":"c","35":"b","36":"-","37":"9","38":"8","39":"b","4":"/","40":"c","41":"5","42":"f","43":"5","44":"1","45":"a","46":"5","47":"e","48":"1","5":"i","6":"n","7":"v","8":"o","9":"i","level":"debug","message":"info","service":"telecom-billing","timestamp":"2025-12-12 13:50:35"}
{"0":"G","1":"E","10":"c","11":"e","12":"/","13":"a","14":"f","15":"0","16":"0","17":"f","18":"f","19":"e","2":"T","20":"2","21":"-","22":"b","23":"5","24":"7","25":"6","26":"-","27":"4","28":"4","29":"e","3":" ","30":"9","31":"-","32":"8","33":"3","34":"c","35":"b","36":"-","37":"9","38":"8","39":"b","4":"/","40":"c","41":"5","42":"f","43":"5","44":"1","45":"a","46":"5","47":"e","48":"1","5":"i","6":"n","7":"v","8":"o","9":"i","level":"debug","message":"info","service":"telecom-billing","timestamp":"2025-12-12 13:50:36"}
{"0":"G","1":"E","10":"c","11":"e","12":"/","13":"a","14":"f","15":"0","16":"0","17":"f","18":"f","19":"e","2":"T","20":"2","21":"-","22":"b","23":"5","24":"7","25":"6","26":"-","27":"4","28":"4","29":"e","3":" ","30":"9","31":"-","32":"8","33":"3","34":"c","35":"b","36":"-","37":"9","38":"8","39":"b","4":"/","40":"c","41":"5","42":"f","43":"5","44":"1","45":"a","46":"5","47":"e","48":"1","49":"/","5":"i","50":"l","51":"i","52":"n","53":"e","54":"-","55":"i","56":"t","57":"e","58":"m","59":"s","6":"n","7":"v","8":"o","9":"i","level":"debug","message":"info","service":"telecom-billing","timestamp":"2025-12-12 13:50:37"}
{"0":"G","1":"E","10":"c","11":"e","12":"/","13":"a","14":"f","15":"0","16":"0","17":"f","18":"f","19":"e","2":"T","20":"2","21":"-","22":"b","23":"5","24":"7","25":"6","26":"-","27":"4","28":"4","29":"e","3":" ","30":"9","31":"-","32":"8","33":"3","34":"c","35":"b","36":"-","37":"9","38":"8","39":"b","4":"/","40":"c","41":"5","42":"f","43":"5","44":"1","45":"a","46":"5","47":"e","48":"1","49":"/","5":"i","50":"l","51":"i","52":"n","53":"e","54":"-","55":"i","56":"t","57":"e","58":"m","59":"s","6":"n","7":"v","8":"o","9":"i","level":"debug","message":"info","service":"telecom-billing","timestamp":"2025-12-12 13:50:38"}
{"0":"G","1":"E","2":"T","3":" ","4":"/","level":"debug","message":"info","service":"telecom-billing","timestamp":"2025-12-12 13:50:50"}
{"0":"G","1":"E","2":"T","3":" ","4":"/","level":"debug","message":"info","service":"telecom-billing","timestamp":"2025-12-12 13:50:50"}
{"0":"G","1":"E","10":"9","11":"b","12":"7","13":"-","14":"7","15":"6","16":"a","17":"f","18":"-","19":"4","2":"T","20":"c","21":"4","22":"7","23":"-","24":"b","25":"2","26":"7","27":"b","28":"-","29":"9","3":" ","30":"3","31":"3","32":"f","33":"3","34":"b","35":"2","36":"8","37":"c","38":"a","39":"e","4":"/","40":"9","41":"/","42":"b","43":"a","44":"l","45":"a","46":"n","47":"c","48":"e","5":"f","6":"3","7":"7","8":"7","9":"d","level":"debug","message":"info","service":"telecom-billing","timestamp":"2025-12-12 13:50:53"}
{"0":"G","1":"E","10":"9","11":"b","12":"7","13":"-","14":"7","15":"6","16":"a","17":"f","18":"-","19":"4","2":"T","20":"c","21":"4","22":"7","23":"-","24":"b","25":"2","26":"7","27":"b","28":"-","29":"9","3":" ","30":"3","31":"3","32":"f","33":"3","34":"b","35":"2","36":"8","37":"c","38":"a","39":"e","4":"/","40":"9","5":"f","6":"3","7":"7","8":"7","9":"d","level":"debug","message":"info","service":"telecom-billing","timestamp":"2025-12-12 13:50:53"}
{"0":"G","1":"E","10":"9","11":"b","12":"7","13":"-","14":"7","15":"6","16":"a","17":"f","18":"-","19":"4","2":"T","20":"c","21":"4","22":"7","23":"-","24":"b","25":"2","26":"7","27":"b","28":"-","29":"9","3":" ","30":"3","31":"3","32":"f","33":"3","34":"b","35":"2","36":"8","37":"c","38":"a","39":"e","4":"/","40":"9","41":"/","42":"b","43":"a","44":"l","45":"a","46":"n","47":"c","48":"e","5":"f","6":"3","7":"7","8":"7","9":"d","level":"debug","message":"info","service":"telecom-billing","timestamp":"2025-12-12 13:50:53"}
{"0":"G","1":"E","10":"9","11":"b","12":"7","13":"-","14":"7","15":"6","16":"a","17":"f","18":"-","19":"4","2":"T","20":"c","21":"4","22":"7","23":"-","24":"b","25":"2","26":"7","27":"b","28":"-","29":"9","3":" ","30":"3","31":"3","32":"f","33":"3","34":"b","35":"2","36":"8","37":"c","38":"a","39":"e","4":"/","40":"9","5":"f","6":"3","7":"7","8":"7","9":"d","level":"debug","message":"info","service":"telecom-billing","timestamp":"2025-12-12 13:50:53"}
{"0":"G","1":"E","10":"9","11":"b","12":"7","13":"-","14":"7","15":"6","16":"a","17":"f","18":"-","19":"4","2":"T","20":"c","21":"4","22":"7","23":"-","24":"b","25":"2","26":"7","27":"b","28":"-","29":"9","3":" ","30":"3","31":"3","32":"f","33":"3","34":"b","35":"2","36":"8","37":"c","38":"a","39":"e","4":"/","40":"9","41":"/","42":"b","43":"a","44":"l","45":"a","46":"n","47":"c","48":"e","5":"f","6":"3","7":"7","8":"7","9":"d","level":"debug","message":"info","service":"telecom-billing","timestamp":"2025-12-12 13:50:54"}
{"0":"G","1":"E","10":"9","11":"b","12":"7","13":"-","14":"7","15":"6","16":"a","17":"f","18":"-","19":"4","2":"T","20":"c","21":"4","22":"7","23":"-","24":"b","25":"2","26":"7","27":"b","28":"-","29":"9","3":" ","30":"3","31":"3","32":"f","33":"3","34":"b","35":"2","36":"8","37":"c","38":"a","39":"e","4":"/","40":"9","41":"/","42":"b","43":"a","44":"l","45":"a","46":"n","47":"c","48":"e","5":"f","6":"3","7":"7","8":"7","9":"d","level":"debug","message":"info","service":"telecom-billing","timestamp":"2025-12-12 13:50:54"}
{"0":"G","1":"E","10":"9","11":"b","12":"7","13":"-","14":"7","15":"6","16":"a","17":"f","18":"-","19":"4","2":"T","20":"c","21":"4","22":"7","23":"-","24":"b","25":"2","26":"7","27":"b","28":"-","29":"9","3":" ","30":"3","31":"3","32":"f","33":"3","34":"b","35":"2","36":"8","37":"c","38":"a","39":"e","4":"/","40":"9","41":"/","42":"b","43":"a","44":"l","45":"a","46":"n","47":"c","48":"e","49":"-","5":"f","50":"h","51":"i","52":"s","53":"t","54":"o","55":"r","56":"y","6":"3","7":"7","8":"7","9":"d","level":"debug","message":"info","service":"telecom-billing","timestamp":"2025-12-12 13:50:56"}
{"0":"G","1":"E","10":"9","11":"b","12":"7","13":"-","14":"7","15":"6","16":"a","17":"f","18":"-","19":"4","2":"T","20":"c","21":"4","22":"7","23":"-","24":"b","25":"2","26":"7","27":"b","28":"-","29":"9","3":" ","30":"3","31":"3","32":"f","33":"3","34":"b","35":"2","36":"8","37":"c","38":"a","39":"e","4":"/","40":"9","41":"/","42":"b","43":"a","44":"l","45":"a","46":"n","47":"c","48":"e","49":"-","5":"f","50":"h","51":"i","52":"s","53":"t","54":"o","55":"r","56":"y","6":"3","7":"7","8":"7","9":"d","level":"debug","message":"info","service":"telecom-billing","timestamp":"2025-12-12 13:50:57"}
{"0":"G","1":"E","10":"9","11":"b","12":"7","13":"-","14":"7","15":"6","16":"a","17":"f","18":"-","19":"4","2":"T","20":"c","21":"4","22":"7","23":"-","24":"b","25":"2","26":"7","27":"b","28":"-","29":"9","3":" ","30":"3","31":"3","32":"f","33":"3","34":"b","35":"2","36":"8","37":"c","38":"a","39":"e","4":"/","40":"9","41":"/","42":"i","43":"n","44":"v","45":"o","46":"i","47":"c","48":"e","49":"s","5":"f","6":"3","7":"7","8":"7","9":"d","level":"debug","message":"info","service":"telecom-billing","timestamp":"2025-12-12 13:50:59"}
{"0":"G","1":"E","10":"9","11":"b","12":"7","13":"-","14":"7","15":"6","16":"a","17":"f","18":"-","19":"4","2":"T","20":"c","21":"4","22":"7","23":"-","24":"b","25":"2","26":"7","27":"b","28":"-","29":"9","3":" ","30":"3","31":"3","32":"f","33":"3","34":"b","35":"2","36":"8","37":"c","38":"a","39":"e","4":"/","40":"9","41":"/","42":"i","43":"n","44":"v","45":"o","46":"i","47":"c","48":"e","49":"s","5":"f","6":"3","7":"7","8":"7","9":"d","level":"debug","message":"info","service":"telecom-billing","timestamp":"2025-12-12 13:50:59"}
{"0":"G","1":"E","10":"9","11":"b","12":"7","13":"-","14":"7","15":"6","16":"a","17":"f","18":"-","19":"4","2":"T","20":"c","21":"4","22":"7","23":"-","24":"b","25":"2","26":"7","27":"b","28":"-","29":"9","3":" ","30":"3","31":"3","32":"f","33":"3","34":"b","35":"2","36":"8","37":"c","38":"a","39":"e","4":"/","40":"9","5":"f","6":"3","7":"7","8":"7","9":"d","level":"debug","message":"info","service":"telecom-billing","timestamp":"2025-12-12 13:51:46"}
{"0":"G","1":"E","10":"9","11":"b","12":"7","13":"-","14":"7","15":"6","16":"a","17":"f","18":"-","19":"4","2":"T","20":"c","21":"4","22":"7","23":"-","24":"b","25":"2","26":"7","27":"b","28":"-","29":"9","3":" ","30":"3","31":"3","32":"f","33":"3","34":"b","35":"2","36":"8","37":"c","38":"a","39":"e","4":"/","40":"9","5":"f","6":"3","7":"7","8":"7","9":"d","level":"debug","message":"info","service":"telecom-billing","timestamp":"2025-12-12 13:51:46"}
{"0":"G","1":"E","10":"9","11":"b","12":"7","13":"-","14":"7","15":"6","16":"a","17":"f","18":"-","19":"4","2":"T","20":"c","21":"4","22":"7","23":"-","24":"b","25":"2","26":"7","27":"b","28":"-","29":"9","3":" ","30":"3","31":"3","32":"f","33":"3","34":"b","35":"2","36":"8","37":"c","38":"a","39":"e","4":"/","40":"9","41":"/","42":"b","43":"a","44":"l","45":"a","46":"n","47":"c","48":"e","5":"f","6":"3","7":"7","8":"7","9":"d","level":"debug","message":"info","service":"telecom-billing","timestamp":"2025-12-12 13:51:49"}
{"0":"G","1":"E","10":"9","11":"b","12":"7","13":"-","14":"7","15":"6","16":"a","17":"f","18":"-","19":"4","2":"T","20":"c","21":"4","22":"7","23":"-","24":"b","25":"2","26":"7","27":"b","28":"-","29":"9","3":" ","30":"3","31":"3","32":"f","33":"3","34":"b","35":"2","36":"8","37":"c","38":"a","39":"e","4":"/","40":"9","41":"/","42":"b","43":"a","44":"l","45":"a","46":"n","47":"c","48":"e","5":"f","6":"3","7":"7","8":"7","9":"d","level":"debug","message":"info","service":"telecom-billing","timestamp":"2025-12-12 13:51:49"}
{"0":"G","1":"E","10":"9","11":"b","12":"7","13":"-","14":"7","15":"6","16":"a","17":"f","18":"-","19":"4","2":"T","20":"c","21":"4","22":"7","23":"-","24":"b","25":"2","26":"7","27":"b","28":"-","29":"9","3":" ","30":"3","31":"3","32":"f","33":"3","34":"b","35":"2","36":"8","37":"c","38":"a","39":"e","4":"/","40":"9","41":"/","42":"i","43":"n","44":"v","45":"o","46":"i","47":"c","48":"e","49":"s","5":"f","6":"3","7":"7","8":"7","9":"d","level":"debug","message":"info","service":"telecom-billing","timestamp":"2025-12-12 13:52:46"}
{"0":"G","1":"E","10":"9","11":"b","12":"7","13":"-","14":"7","15":"6","16":"a","17":"f","18":"-","19":"4","2":"T","20":"c","21":"4","22":"7","23":"-","24":"b","25":"2","26":"7","27":"b","28":"-","29":"9","3":" ","30":"3","31":"3","32":"f","33":"3","34":"b","35":"2","36":"8","37":"c","38":"a","39":"e","4":"/","40":"9","41":"/","42":"i","43":"n","44":"v","45":"o","46":"i","47":"c","48":"e","49":"s","5":"f","6":"3","7":"7","8":"7","9":"d","level":"debug","message":"info","service":"telecom-billing","timestamp":"2025-12-12 13:52:46"}
{"0":"G","1":"E","2":"T","3":" ","4":"/","level":"debug","message":"info","service":"telecom-billing","timestamp":"2025-12-12 13:52:56"}
{"0":"G","1":"E","2":"T","3":" ","4":"/","level":"debug","message":"info","service":"telecom-billing","timestamp":"2025-12-12 13:52:56"}
{"0":"G","1":"E","2":"T","3":" ","4":"/","level":"debug","message":"info","service":"telecom-billing","timestamp":"2025-12-12 13:55:08"}
{"level":"info","message":"🚀 Server running on port 5000","service":"telecom-billing","timestamp":"2025-12-12 13:56:39"}
{"level":"info","message":"Environment: development","service":"telecom-billing","timestamp":"2025-12-12 13:56:39"}
{"level":"info","message":"Database: localhost:5432/telecom_billing","service":"telecom-billing","timestamp":"2025-12-12 13:56:39"}
{"level":"info","message":"🚀 Server running on port 5000","service":"telecom-billing","timestamp":"2025-12-12 13:56:39"}
{"level":"info","message":"Environment: development","service":"telecom-billing","timestamp":"2025-12-12 13:56:39"}
{"level":"info","message":"Database: localhost:5432/telecom_billing","service":"telecom-billing","timestamp":"2025-12-12 13:56:39"}
{"level":"info","message":"🚀 Server running on port 5000","service":"telecom-billing","timestamp":"2025-12-12 13:56:39"}
{"level":"info","message":"Environment: development","service":"telecom-billing","timestamp":"2025-12-12 13:56:39"}
{"level":"info","message":"Database: localhost:5432/telecom_billing","service":"telecom-billing","timestamp":"2025-12-12 13:56:39"}
{"level":"info","message":"🚀 Server running on port 5000","service":"telecom-billing","timestamp":"2025-12-12 13:56:39"}
{"level":"info","message":"Environment: development","service":"telecom-billing","timestamp":"2025-12-12 13:56:39"}
{"level":"info","message":"Database: localhost:5432/telecom_billing","service":"telecom-billing","timestamp":"2025-12-12 13:56:39"}
{"level":"info","message":"🚀 Server running on port 5000","service":"telecom-billing","timestamp":"2025-12-12 13:56:52"}
{"level":"info","message":"Environment: development","service":"telecom-billing","timestamp":"2025-12-12 13:56:52"}
{"level":"info","message":"Database: localhost:5432/telecom_billing","service":"telecom-billing","timestamp":"2025-12-12 13:56:52"}
{"level":"info","message":"🚀 Server running on port 5000","service":"telecom-billing","timestamp":"2025-12-12 13:56:52"}
{"level":"info","message":"Environment: development","service":"telecom-billing","timestamp":"2025-12-12 13:56:52"}
{"level":"info","message":"Database: localhost:5432/telecom_billing","service":"telecom-billing","timestamp":"2025-12-12 13:56:52"}
{"level":"info","message":"🚀 Server running on port 5000","service":"telecom-billing","timestamp":"2025-12-12 13:56:52"}
{"level":"info","message":"Environment: development","service":"telecom-billing","timestamp":"2025-12-12 13:56:52"}
{"level":"info","message":"Database: localhost:5432/telecom_billing","service":"telecom-billing","timestamp":"2025-12-12 13:56:52"}
{"level":"info","message":"🚀 Server running on port 5000","service":"telecom-billing","timestamp":"2025-12-12 13:56:52"}
{"level":"info","message":"Environment: development","service":"telecom-billing","timestamp":"2025-12-12 13:56:52"}
{"level":"info","message":"Database: localhost:5432/telecom_billing","service":"telecom-billing","timestamp":"2025-12-12 13:56:52"}
{"level":"info","message":"🚀 Server running on port 5000","service":"telecom-billing","timestamp":"2025-12-12 13:56:57"}
{"level":"info","message":"Environment: development","service":"telecom-billing","timestamp":"2025-12-12 13:56:57"}
{"level":"info","message":"Database: localhost:5432/telecom_billing","service":"telecom-billing","timestamp":"2025-12-12 13:56:57"}
{"level":"info","message":"🚀 Server running on port 5000","service":"telecom-billing","timestamp":"2025-12-12 13:56:57"}
{"level":"info","message":"🚀 Server running on port 5000","service":"telecom-billing","timestamp":"2025-12-12 13:56:57"}
{"level":"info","message":"Environment: development","service":"telecom-billing","timestamp":"2025-12-12 13:56:57"}
{"level":"info","message":"Database: localhost:5432/telecom_billing","service":"telecom-billing","timestamp":"2025-12-12 13:56:57"}
{"level":"info","message":"Environment: development","service":"telecom-billing","timestamp":"2025-12-12 13:56:57"}
{"level":"info","message":"Database: localhost:5432/telecom_billing","service":"telecom-billing","timestamp":"2025-12-12 13:56:57"}
{"level":"info","message":"🚀 Server running on port 5000","service":"telecom-billing","timestamp":"2025-12-12 13:56:57"}
{"level":"info","message":"Environment: development","service":"telecom-billing","timestamp":"2025-12-12 13:56:57"}
{"level":"info","message":"Database: localhost:5432/telecom_billing","service":"telecom-billing","timestamp":"2025-12-12 13:56:57"}
{"level":"info","message":"🚀 Server running on port 5000","service":"telecom-billing","timestamp":"2025-12-12 13:57:52"}
{"level":"info","message":"Environment: development","service":"telecom-billing","timestamp":"2025-12-12 13:57:52"}
{"level":"info","message":"Database: localhost:5432/telecom_billing","service":"telecom-billing","timestamp":"2025-12-12 13:57:52"}
{"level":"info","message":"🚀 Server running on port 5000","service":"telecom-billing","timestamp":"2025-12-12 13:57:52"}
{"level":"info","message":"🚀 Server running on port 5000","service":"telecom-billing","timestamp":"2025-12-12 13:57:52"}
{"level":"info","message":"Environment: development","service":"telecom-billing","timestamp":"2025-12-12 13:57:52"}
{"level":"info","message":"Database: localhost:5432/telecom_billing","service":"telecom-billing","timestamp":"2025-12-12 13:57:52"}
{"level":"info","message":"Environment: development","service":"telecom-billing","timestamp":"2025-12-12 13:57:52"}
{"level":"info","message":"Database: localhost:5432/telecom_billing","service":"telecom-billing","timestamp":"2025-12-12 13:57:52"}
{"level":"info","message":"🚀 Server running on port 5000","service":"telecom-billing","timestamp":"2025-12-12 13:57:52"}
{"level":"info","message":"Environment: development","service":"telecom-billing","timestamp":"2025-12-12 13:57:52"}
{"level":"info","message":"Database: localhost:5432/telecom_billing","service":"telecom-billing","timestamp":"2025-12-12 13:57:52"}
{"level":"info","message":"🚀 Server running on port 5000","service":"telecom-billing","timestamp":"2025-12-12 13:58:24"}
{"level":"info","message":"Environment: development","service":"telecom-billing","timestamp":"2025-12-12 13:58:24"}
{"level":"info","message":"Database: localhost:5432/telecom_billing","service":"telecom-billing","timestamp":"2025-12-12 13:58:24"}
{"level":"info","message":"🚀 Server running on port 5000","service":"telecom-billing","timestamp":"2025-12-12 13:58:24"}
{"level":"info","message":"Environment: development","service":"telecom-billing","timestamp":"2025-12-12 13:58:24"}
{"level":"info","message":"Database: localhost:5432/telecom_billing","service":"telecom-billing","timestamp":"2025-12-12 13:58:24"}
{"level":"info","message":"🚀 Server running on port 5000","service":"telecom-billing","timestamp":"2025-12-12 13:58:24"}
{"level":"info","message":"Environment: development","service":"telecom-billing","timestamp":"2025-12-12 13:58:24"}
{"level":"info","message":"Database: localhost:5432/telecom_billing","service":"telecom-billing","timestamp":"2025-12-12 13:58:24"}
{"level":"info","message":"🚀 Server running on port 5000","service":"telecom-billing","timestamp":"2025-12-12 13:58:24"}
{"level":"info","message":"Environment: development","service":"telecom-billing","timestamp":"2025-12-12 13:58:24"}
{"level":"info","message":"Database: localhost:5432/telecom_billing","service":"telecom-billing","timestamp":"2025-12-12 13:58:24"}
{"0":"G","1":"E","10":"9","11":"b","12":"7","13":"-","14":"7","15":"6","16":"a","17":"f","18":"-","19":"4","2":"T","20":"c","21":"4","22":"7","23":"-","24":"b","25":"2","26":"7","27":"b","28":"-","29":"9","3":" ","30":"3","31":"3","32":"f","33":"3","34":"b","35":"2","36":"8","37":"c","38":"a","39":"e","4":"/","40":"9","41":"/","42":"p","43":"r","44":"e","45":"v","46":"i","47":"e","48":"w","5":"f","6":"3","7":"7","8":"7","9":"d","level":"debug","message":"info","service":"telecom-billing","timestamp":"2025-12-12 14:00:56"}
{"0":"G","1":"E","2":"T","3":" ","4":"/","level":"debug","message":"info","service":"telecom-billing","timestamp":"2025-12-12 14:10:20"}
{"0":"G","1":"E","2":"T","3":" ","4":"/","level":"debug","message":"info","service":"telecom-billing","timestamp":"2025-12-12 14:10:22"}
{"0":"G","1":"E","10":"9","11":"b","12":"7","13":"-","14":"7","15":"6","16":"a","17":"f","18":"-","19":"4","2":"T","20":"c","21":"4","22":"7","23":"-","24":"b","25":"2","26":"7","27":"b","28":"-","29":"9","3":" ","30":"3","31":"3","32":"f","33":"3","34":"b","35":"2","36":"8","37":"c","38":"a","39":"e","4":"/","40":"9","41":"/","42":"p","43":"r","44":"e","45":"v","46":"i","47":"e","48":"w","5":"f","6":"3","7":"7","8":"7","9":"d","level":"debug","message":"info","service":"telecom-billing","timestamp":"2025-12-12 14:10:25"}
{"0":"G","1":"E","2":"T","3":" ","4":"/","level":"debug","message":"info","service":"telecom-billing","timestamp":"2025-12-12 14:13:05"}
{"0":"G","1":"E","2":"T","3":" ","4":"/","level":"debug","message":"info","service":"telecom-billing","timestamp":"2025-12-12 14:13:06"}
{"0":"G","1":"E","2":"T","3":" ","4":"/","level":"debug","message":"info","service":"telecom-billing","timestamp":"2025-12-12 14:13:43"}
{"0":"G","1":"E","2":"T","3":" ","4":"/","level":"debug","message":"info","service":"telecom-billing","timestamp":"2025-12-12 14:13:44"}
{"0":"G","1":"E","2":"T","3":" ","4":"/","level":"debug","message":"info","service":"telecom-billing","timestamp":"2025-12-12 14:13:52"}
{"0":"G","1":"E","2":"T","3":" ","4":"/","level":"debug","message":"info","service":"telecom-billing","timestamp":"2025-12-12 14:14:00"}
{"0":"G","1":"E","10":"9","11":"b","12":"7","13":"-","14":"7","15":"6","16":"a","17":"f","18":"-","19":"4","2":"T","20":"c","21":"4","22":"7","23":"-","24":"b","25":"2","26":"7","27":"b","28":"-","29":"9","3":" ","30":"3","31":"3","32":"f","33":"3","34":"b","35":"2","36":"8","37":"c","38":"a","39":"e","4":"/","40":"9","41":"/","42":"p","43":"r","44":"e","45":"v","46":"i","47":"e","48":"w","5":"f","6":"3","7":"7","8":"7","9":"d","level":"debug","message":"info","service":"telecom-billing","timestamp":"2025-12-12 14:17:06"}
{"0":"G","1":"E","2":"T","3":" ","4":"/","level":"debug","message":"info","service":"telecom-billing","timestamp":"2025-12-12 14:19:46"}
{"0":"G","1":"E","10":"9","11":"b","12":"7","13":"-","14":"7","15":"6","16":"a","17":"f","18":"-","19":"4","2":"T","20":"c","21":"4","22":"7","23":"-","24":"b","25":"2","26":"7","27":"b","28":"-","29":"9","3":" ","30":"3","31":"3","32":"f","33":"3","34":"b","35":"2","36":"8","37":"c","38":"a","39":"e","4":"/","40":"9","41":"/","42":"p","43":"r","44":"e","45":"v","46":"i","47":"e","48":"w","5":"f","6":"3","7":"7","8":"7","9":"d","level":"debug","message":"info","service":"telecom-billing","timestamp":"2025-12-12 14:19:46"}
{"level":"info","message":"🚀 Server running on port 5000","service":"telecom-billing","timestamp":"2025-12-12 19:12:13"}
{"level":"info","message":"Environment: development","service":"telecom-billing","timestamp":"2025-12-12 19:12:13"}
{"level":"info","message":"Database: localhost:5432/telecom_billing","service":"telecom-billing","timestamp":"2025-12-12 19:12:13"}
{"0":"F","1":"a","10":"f","11":"e","12":"t","13":"c","14":"h","15":" ","16":"a","17":"l","18":"l","19":" ","2":"i","20":"c","21":"u","22":"s","23":"t","24":"o","25":"m","26":"e","27":"r","28":"s","3":"l","4":"e","5":"d","6":" ","7":"t","8":"o","9":" ","level":"debug","message":"error","service":"telecom-billing","timestamp":"2025-12-12 19:18:51"}
{"0":"F","1":"a","10":"g","11":"e","12":"t","13":" ","14":"d","15":"a","16":"s","17":"h","18":"b","19":"o","2":"i","20":"a","21":"r","22":"d","23":" ","24":"o","25":"v","26":"e","27":"r","28":"v","29":"i","3":"l","30":"e","31":"w","4":"e","5":"d","6":" ","7":"t","8":"o","9":" ","level":"debug","message":"error","service":"telecom-billing","timestamp":"2025-12-12 19:18:51"}
{"0":"G","1":"E","10":"o","11":"a","12":"r","13":"d","14":"/","15":"o","16":"v","17":"e","18":"r","19":"v","2":"T","20":"i","21":"e","22":"w","3":" ","4":"/","5":"d","6":"a","7":"s","8":"h","9":"b","level":"debug","message":"info","service":"telecom-billing","timestamp":"2025-12-12 19:18:51"}
{"0":"F","1":"a","10":"f","11":"e","12":"t","13":"c","14":"h","15":" ","16":"a","17":"l","18":"l","19":" ","2":"i","20":"c","21":"u","22":"s","23":"t","24":"o","25":"m","26":"e","27":"r","28":"s","3":"l","4":"e","5":"d","6":" ","7":"t","8":"o","9":" ","level":"debug","message":"error","service":"telecom-billing","timestamp":"2025-12-12 19:18:52"}
{"0":"F","1":"a","10":"g","11":"e","12":"t","13":" ","14":"d","15":"a","16":"s","17":"h","18":"b","19":"o","2":"i","20":"a","21":"r","22":"d","23":" ","24":"o","25":"v","26":"e","27":"r","28":"v","29":"i","3":"l","30":"e","31":"w","4":"e","5":"d","6":" ","7":"t","8":"o","9":" ","level":"debug","message":"error","service":"telecom-billing","timestamp":"2025-12-12 19:18:52"}
{"0":"G","1":"E","10":"o","11":"a","12":"r","13":"d","14":"/","15":"o","16":"v","17":"e","18":"r","19":"v","2":"T","20":"i","21":"e","22":"w","3":" ","4":"/","5":"d","6":"a","7":"s","8":"h","9":"b","level":"debug","message":"info","service":"telecom-billing","timestamp":"2025-12-12 19:18:52"}
{"0":"D","1":"e","10":"s","11":"e","12":"e","13":"d","14":"i","15":"n","16":"g","17":" ","18":"f","19":"a","2":"m","20":"i","21":"l","22":"e","23":"d","3":"o","4":" ","5":"d","6":"a","7":"t","8":"a","9":" ","level":"debug","message":"error","service":"telecom-billing","timestamp":"2025-12-12 19:32:56"}
{"0":"D","1":"e","10":"s","11":"e","12":"e","13":"d","14":"i","15":"n","16":"g","17":" ","18":"f","19":"a","2":"m","20":"i","21":"l","22":"e","23":"d","3":"o","4":" ","5":"d","6":"a","7":"t","8":"a","9":" ","level":"debug","message":"error","service":"telecom-billing","timestamp":"2025-12-12 19:33:24"}
{"0":"G","1":"E","10":"o","11":"a","12":"r","13":"d","14":"/","15":"o","16":"v","17":"e","18":"r","19":"v","2":"T","20":"i","21":"e","22":"w","3":" ","4":"/","5":"d","6":"a","7":"s","8":"h","9":"b","level":"debug","message":"info","service":"telecom-billing","timestamp":"2025-12-12 19:34:09"}
{"0":"G","1":"E","10":"o","11":"a","12":"r","13":"d","14":"/","15":"o","16":"v","17":"e","18":"r","19":"v","2":"T","20":"i","21":"e","22":"w","3":" ","4":"/","5":"d","6":"a","7":"s","8":"h","9":"b","level":"debug","message":"info","service":"telecom-billing","timestamp":"2025-12-12 19:34:10"}
{"0":"G","1":"E","10":"c","11":"e","12":"s","2":"T","3":" ","4":"/","5":"i","6":"n","7":"v","8":"o","9":"i","level":"debug","message":"info","service":"telecom-billing","timestamp":"2025-12-12 19:37:00"}
{"0":"G","1":"E","10":"c","11":"e","12":"s","2":"T","3":" ","4":"/","5":"i","6":"n","7":"v","8":"o","9":"i","level":"debug","message":"info","service":"telecom-billing","timestamp":"2025-12-12 19:37:01"}
{"0":"G","1":"E","2":"T","3":" ","4":"/","level":"debug","message":"info","service":"telecom-billing","timestamp":"2025-12-12 19:37:05"}
{"0":"G","1":"E","2":"T","3":" ","4":"/","level":"debug","message":"info","service":"telecom-billing","timestamp":"2025-12-12 19:37:06"}
{"0":"G","1":"E","10":"0","11":"0","12":"9","13":"-","14":"a","15":"0","16":"1","17":"2","18":"-","19":"4","2":"T","20":"1","21":"c","22":"3","23":"-","24":"9","25":"1","26":"f","27":"c","28":"-","29":"5","3":" ","30":"6","31":"5","32":"0","33":"1","34":"5","35":"0","36":"9","37":"8","38":"3","39":"6","4":"/","40":"d","41":"/","42":"p","43":"r","44":"e","45":"v","46":"i","47":"e","48":"w","5":"f","6":"7","7":"c","8":"d","9":"3","level":"debug","message":"info","service":"telecom-billing","timestamp":"2025-12-12 19:37:13"}
{"0":"G","1":"E","10":"0","11":"0","12":"9","13":"-","14":"a","15":"0","16":"1","17":"2","18":"-","19":"4","2":"T","20":"1","21":"c","22":"3","23":"-","24":"9","25":"1","26":"f","27":"c","28":"-","29":"5","3":" ","30":"6","31":"5","32":"0","33":"1","34":"5","35":"0","36":"9","37":"8","38":"3","39":"6","4":"/","40":"d","41":"/","42":"p","43":"r","44":"e","45":"v","46":"i","47":"e","48":"w","5":"f","6":"7","7":"c","8":"d","9":"3","level":"debug","message":"info","service":"telecom-billing","timestamp":"2025-12-12 19:37:18"}
{"0":"G","1":"E","10":"0","11":"0","12":"9","13":"-","14":"a","15":"0","16":"1","17":"2","18":"-","19":"4","2":"T","20":"1","21":"c","22":"3","23":"-","24":"9","25":"1","26":"f","27":"c","28":"-","29":"5","3":" ","30":"6","31":"5","32":"0","33":"1","34":"5","35":"0","36":"9","37":"8","38":"3","39":"6","4":"/","40":"d","41":"/","42":"p","43":"r","44":"e","45":"v","46":"i","47":"e","48":"w","5":"f","6":"7","7":"c","8":"d","9":"3","level":"debug","message":"info","service":"telecom-billing","timestamp":"2025-12-12 19:37:24"}
{"0":"G","1":"E","10":"0","11":"0","12":"9","13":"-","14":"a","15":"0","16":"1","17":"2","18":"-","19":"4","2":"T","20":"1","21":"c","22":"3","23":"-","24":"9","25":"1","26":"f","27":"c","28":"-","29":"5","3":" ","30":"6","31":"5","32":"0","33":"1","34":"5","35":"0","36":"9","37":"8","38":"3","39":"6","4":"/","40":"d","41":"/","42":"p","43":"r","44":"e","45":"v","46":"i","47":"e","48":"w","5":"f","6":"7","7":"c","8":"d","9":"3","level":"debug","message":"info","service":"telecom-billing","timestamp":"2025-12-12 19:37:24"}
{"0":"G","1":"E","10":"0","11":"0","12":"9","13":"-","14":"a","15":"0","16":"1","17":"2","18":"-","19":"4","2":"T","20":"1","21":"c","22":"3","23":"-","24":"9","25":"1","26":"f","27":"c","28":"-","29":"5","3":" ","30":"6","31":"5","32":"0","33":"1","34":"5","35":"0","36":"9","37":"8","38":"3","39":"6","4":"/","40":"d","41":"/","42":"p","43":"r","44":"e","45":"v","46":"i","47":"e","48":"w","5":"f","6":"7","7":"c","8":"d","9":"3","level":"debug","message":"info","service":"telecom-billing","timestamp":"2025-12-12 19:37:25"}
{"0":"G","1":"E","10":"0","11":"0","12":"9","13":"-","14":"a","15":"0","16":"1","17":"2","18":"-","19":"4","2":"T","20":"1","21":"c","22":"3","23":"-","24":"9","25":"1","26":"f","27":"c","28":"-","29":"5","3":" ","30":"6","31":"5","32":"0","33":"1","34":"5","35":"0","36":"9","37":"8","38":"3","39":"6","4":"/","40":"d","41":"/","42":"p","43":"r","44":"e","45":"v","46":"i","47":"e","48":"w","5":"f","6":"7","7":"c","8":"d","9":"3","level":"debug","message":"info","service":"telecom-billing","timestamp":"2025-12-12 19:37:25"}
{"0":"G","1":"E","10":"0","11":"0","12":"9","13":"-","14":"a","15":"0","16":"1","17":"2","18":"-","19":"4","2":"T","20":"1","21":"c","22":"3","23":"-","24":"9","25":"1","26":"f","27":"c","28":"-","29":"5","3":" ","30":"6","31":"5","32":"0","33":"1","34":"5","35":"0","36":"9","37":"8","38":"3","39":"6","4":"/","40":"d","41":"/","42":"p","43":"r","44":"e","45":"v","46":"i","47":"e","48":"w","5":"f","6":"7","7":"c","8":"d","9":"3","level":"debug","message":"info","service":"telecom-billing","timestamp":"2025-12-12 19:37:26"}
{"0":"G","1":"E","10":"0","11":"0","12":"9","13":"-","14":"a","15":"0","16":"1","17":"2","18":"-","19":"4","2":"T","20":"1","21":"c","22":"3","23":"-","24":"9","25":"1","26":"f","27":"c","28":"-","29":"5","3":" ","30":"6","31":"5","32":"0","33":"1","34":"5","35":"0","36":"9","37":"8","38":"3","39":"6","4":"/","40":"d","41":"/","42":"p","43":"r","44":"e","45":"v","46":"i","47":"e","48":"w","5":"f","6":"7","7":"c","8":"d","9":"3","level":"debug","message":"info","service":"telecom-billing","timestamp":"2025-12-12 19:37:26"}
{"0":"G","1":"E","10":"0","11":"0","12":"9","13":"-","14":"a","15":"0","16":"1","17":"2","18":"-","19":"4","2":"T","20":"1","21":"c","22":"3","23":"-","24":"9","25":"1","26":"f","27":"c","28":"-","29":"5","3":" ","30":"6","31":"5","32":"0","33":"1","34":"5","35":"0","36":"9","37":"8","38":"3","39":"6","4":"/","40":"d","41":"/","42":"p","43":"r","44":"e","45":"v","46":"i","47":"e","48":"w","5":"f","6":"7","7":"c","8":"d","9":"3","level":"debug","message":"info","service":"telecom-billing","timestamp":"2025-12-12 19:37:27"}
{"0":"G","1":"E","10":"0","11":"0","12":"9","13":"-","14":"a","15":"0","16":"1","17":"2","18":"-","19":"4","2":"T","20":"1","21":"c","22":"3","23":"-","24":"9","25":"1","26":"f","27":"c","28":"-","29":"5","3":" ","30":"6","31":"5","32":"0","33":"1","34":"5","35":"0","36":"9","37":"8","38":"3","39":"6","4":"/","40":"d","41":"/","42":"p","43":"r","44":"e","45":"v","46":"i","47":"e","48":"w","5":"f","6":"7","7":"c","8":"d","9":"3","level":"debug","message":"info","service":"telecom-billing","timestamp":"2025-12-12 19:37:27"}
{"0":"G","1":"E","10":"0","11":"0","12":"9","13":"-","14":"a","15":"0","16":"1","17":"2","18":"-","19":"4","2":"T","20":"1","21":"c","22":"3","23":"-","24":"9","25":"1","26":"f","27":"c","28":"-","29":"5","3":" ","30":"6","31":"5","32":"0","33":"1","34":"5","35":"0","36":"9","37":"8","38":"3","39":"6","4":"/","40":"d","41":"/","42":"p","43":"r","44":"e","45":"v","46":"i","47":"e","48":"w","5":"f","6":"7","7":"c","8":"d","9":"3","level":"debug","message":"info","service":"telecom-billing","timestamp":"2025-12-12 19:37:27"}
{"0":"G","1":"E","10":"0","11":"0","12":"9","13":"-","14":"a","15":"0","16":"1","17":"2","18":"-","19":"4","2":"T","20":"1","21":"c","22":"3","23":"-","24":"9","25":"1","26":"f","27":"c","28":"-","29":"5","3":" ","30":"6","31":"5","32":"0","33":"1","34":"5","35":"0","36":"9","37":"8","38":"3","39":"6","4":"/","40":"d","41":"/","42":"p","43":"r","44":"e","45":"v","46":"i","47":"e","48":"w","5":"f","6":"7","7":"c","8":"d","9":"3","level":"debug","message":"info","service":"telecom-billing","timestamp":"2025-12-12 19:37:27"}
{"0":"C","1":"u","10":"a","11":"l","12":"a","13":"n","14":"c","15":"e","16":" ","17":"u","18":"p","19":"d","2":"s","20":"a","21":"t","22":"e","23":"d","3":"t","4":"o","5":"m","6":"e","7":"r","8":" ","9":"b","level":"debug","message":"info","service":"telecom-billing","timestamp":"2025-12-12 19:37:36"}
{"0":"C","1":"D","10":"g","11":" ","12":"u","13":"p","14":"d","15":"a","16":"t","17":"e","18":"d","2":"R","3":" ","4":"b","5":"i","6":"l","7":"l","8":"i","9":"n","level":"debug","message":"info","service":"telecom-billing","timestamp":"2025-12-12 19:37:36"}
{"0":"B","1":"a","10":"a","11":"n","12":"s","13":"a","14":"c","15":"t","16":"i","17":"o","18":"n","19":" ","2":"l","20":"r","21":"e","22":"c","23":"o","24":"r","25":"d","26":"e","27":"d","3":"a","4":"n","5":"c","6":"e","7":" ","8":"t","9":"r","level":"debug","message":"info","service":"telecom-billing","timestamp":"2025-12-12 19:37:36"}
{"0":"C","1":"D","10":"s","11":"e","12":"d","13":" ","14":"S","15":"u","16":"c","17":"c","18":"e","19":"s","2":"R","20":"s","21":"f","22":"u","23":"l","24":"l","25":"y","3":" ","4":"P","5":"r","6":"o","7":"c","8":"e","9":"s","level":"debug","message":"info","service":"telecom-billing","timestamp":"2025-12-12 19:37:36"}
{"0":"C","1":"u","10":"a","11":"l","12":"a","13":"n","14":"c","15":"e","16":" ","17":"u","18":"p","19":"d","2":"s","20":"a","21":"t","22":"e","23":"d","3":"t","4":"o","5":"m","6":"e","7":"r","8":" ","9":"b","level":"debug","message":"info","service":"telecom-billing","timestamp":"2025-12-12 19:37:36"}
{"0":"C","1":"D","10":"g","11":" ","12":"u","13":"p","14":"d","15":"a","16":"t","17":"e","18":"d","2":"R","3":" ","4":"b","5":"i","6":"l","7":"l","8":"i","9":"n","level":"debug","message":"info","service":"telecom-billing","timestamp":"2025-12-12 19:37:36"}
{"0":"B","1":"a","10":"a","11":"n","12":"s","13":"a","14":"c","15":"t","16":"i","17":"o","18":"n","19":" ","2":"l","20":"r","21":"e","22":"c","23":"o","24":"r","25":"d","26":"e","27":"d","3":"a","4":"n","5":"c","6":"e","7":" ","8":"t","9":"r","level":"debug","message":"info","service":"telecom-billing","timestamp":"2025-12-12 19:37:36"}
{"0":"C","1":"D","10":"s","11":"e","12":"d","13":" ","14":"S","15":"u","16":"c","17":"c","18":"e","19":"s","2":"R","20":"s","21":"f","22":"u","23":"l","24":"l","25":"y","3":" ","4":"P","5":"r","6":"o","7":"c","8":"e","9":"s","level":"debug","message":"info","service":"telecom-billing","timestamp":"2025-12-12 19:37:36"}
{"0":"C","1":"u","10":"a","11":"l","12":"a","13":"n","14":"c","15":"e","16":" ","17":"u","18":"p","19":"d","2":"s","20":"a","21":"t","22":"e","23":"d","3":"t","4":"o","5":"m","6":"e","7":"r","8":" ","9":"b","level":"debug","message":"info","service":"telecom-billing","timestamp":"2025-12-12 19:37:36"}
{"0":"C","1":"D","10":"g","11":" ","12":"u","13":"p","14":"d","15":"a","16":"t","17":"e","18":"d","2":"R","3":" ","4":"b","5":"i","6":"l","7":"l","8":"i","9":"n","level":"debug","message":"info","service":"telecom-billing","timestamp":"2025-12-12 19:37:36"}
{"0":"B","1":"a","10":"a","11":"n","12":"s","13":"a","14":"c","15":"t","16":"i","17":"o","18":"n","19":" ","2":"l","20":"r","21":"e","22":"c","23":"o","24":"r","25":"d","26":"e","27":"d","3":"a","4":"n","5":"c","6":"e","7":" ","8":"t","9":"r","level":"debug","message":"info","service":"telecom-billing","timestamp":"2025-12-12 19:37:36"}
{"0":"C","1":"D","10":"s","11":"e","12":"d","13":" ","14":"S","15":"u","16":"c","17":"c","18":"e","19":"s","2":"R","20":"s","21":"f","22":"u","23":"l","24":"l","25":"y","3":" ","4":"P","5":"r","6":"o","7":"c","8":"e","9":"s","level":"debug","message":"info","service":"telecom-billing","timestamp":"2025-12-12 19:37:36"}
{"0":"C","1":"u","10":"a","11":"l","12":"a","13":"n","14":"c","15":"e","16":" ","17":"u","18":"p","19":"d","2":"s","20":"a","21":"t","22":"e","23":"d","3":"t","4":"o","5":"m","6":"e","7":"r","8":" ","9":"b","level":"debug","message":"info","service":"telecom-billing","timestamp":"2025-12-12 19:37:36"}
{"0":"C","1":"D","10":"g","11":" ","12":"u","13":"p","14":"d","15":"a","16":"t","17":"e","18":"d","2":"R","3":" ","4":"b","5":"i","6":"l","7":"l","8":"i","9":"n","level":"debug","message":"info","service":"telecom-billing","timestamp":"2025-12-12 19:37:36"}
{"0":"B","1":"a","10":"a","11":"n","12":"s","13":"a","14":"c","15":"t","16":"i","17":"o","18":"n","19":" ","2":"l","20":"r","21":"e","22":"c","23":"o","24":"r","25":"d","26":"e","27":"d","3":"a","4":"n","5":"c","6":"e","7":" ","8":"t","9":"r","level":"debug","message":"info","service":"telecom-billing","timestamp":"2025-12-12 19:37:36"}
{"0":"C","1":"D","10":"s","11":"e","12":"d","13":" ","14":"S","15":"u","16":"c","17":"c","18":"e","19":"s","2":"R","20":"s","21":"f","22":"u","23":"l","24":"l","25":"y","3":" ","4":"P","5":"r","6":"o","7":"c","8":"e","9":"s","level":"debug","message":"info","service":"telecom-billing","timestamp":"2025-12-12 19:37:36"}
{"0":"C","1":"u","10":"a","11":"l","12":"a","13":"n","14":"c","15":"e","16":" ","17":"u","18":"p","19":"d","2":"s","20":"a","21":"t","22":"e","23":"d","3":"t","4":"o","5":"m","6":"e","7":"r","8":" ","9":"b","level":"debug","message":"info","service":"telecom-billing","timestamp":"2025-12-12 19:37:36"}
{"0":"C","1":"D","10":"g","11":" ","12":"u","13":"p","14":"d","15":"a","16":"t","17":"e","18":"d","2":"R","3":" ","4":"b","5":"i","6":"l","7":"l","8":"i","9":"n","level":"debug","message":"info","service":"telecom-billing","timestamp":"2025-12-12 19:37:36"}
{"0":"B","1":"a","10":"a","11":"n","12":"s","13":"a","14":"c","15":"t","16":"i","17":"o","18":"n","19":" ","2":"l","20":"r","21":"e","22":"c","23":"o","24":"r","25":"d","26":"e","27":"d","3":"a","4":"n","5":"c","6":"e","7":" ","8":"t","9":"r","level":"debug","message":"info","service":"telecom-billing","timestamp":"2025-12-12 19:37:36"}
{"0":"C","1":"D","10":"s","11":"e","12":"d","13":" ","14":"S","15":"u","16":"c","17":"c","18":"e","19":"s","2":"R","20":"s","21":"f","22":"u","23":"l","24":"l","25":"y","3":" ","4":"P","5":"r","6":"o","7":"c","8":"e","9":"s","level":"debug","message":"info","service":"telecom-billing","timestamp":"2025-12-12 19:37:36"}
{"0":"C","1":"u","10":"a","11":"l","12":"a","13":"n","14":"c","15":"e","16":" ","17":"u","18":"p","19":"d","2":"s","20":"a","21":"t","22":"e","23":"d","3":"t","4":"o","5":"m","6":"e","7":"r","8":" ","9":"b","level":"debug","message":"info","service":"telecom-billing","timestamp":"2025-12-12 19:37:36"}
{"0":"C","1":"D","10":"g","11":" ","12":"u","13":"p","14":"d","15":"a","16":"t","17":"e","18":"d","2":"R","3":" ","4":"b","5":"i","6":"l","7":"l","8":"i","9":"n","level":"debug","message":"info","service":"telecom-billing","timestamp":"2025-12-12 19:37:36"}
{"0":"B","1":"a","10":"a","11":"n","12":"s","13":"a","14":"c","15":"t","16":"i","17":"o","18":"n","19":" ","2":"l","20":"r","21":"e","22":"c","23":"o","24":"r","25":"d","26":"e","27":"d","3":"a","4":"n","5":"c","6":"e","7":" ","8":"t","9":"r","level":"debug","message":"info","service":"telecom-billing","timestamp":"2025-12-12 19:37:36"}
{"0":"C","1":"D","10":"s","11":"e","12":"d","13":" ","14":"S","15":"u","16":"c","17":"c","18":"e","19":"s","2":"R","20":"s","21":"f","22":"u","23":"l","24":"l","25":"y","3":" ","4":"P","5":"r","6":"o","7":"c","8":"e","9":"s","level":"debug","message":"info","service":"telecom-billing","timestamp":"2025-12-12 19:37:36"}
{"0":"C","1":"u","10":"a","11":"l","12":"a","13":"n","14":"c","15":"e","16":" ","17":"u","18":"p","19":"d","2":"s","20":"a","21":"t","22":"e","23":"d","3":"t","4":"o","5":"m","6":"e","7":"r","8":" ","9":"b","level":"debug","message":"info","service":"telecom-billing","timestamp":"2025-12-12 19:37:36"}
{"0":"C","1":"D","10":"g","11":" ","12":"u","13":"p","14":"d","15":"a","16":"t","17":"e","18":"d","2":"R","3":" ","4":"b","5":"i","6":"l","7":"l","8":"i","9":"n","level":"debug","message":"info","service":"telecom-billing","timestamp":"2025-12-12 19:37:36"}
{"0":"B","1":"a","10":"a","11":"n","12":"s","13":"a","14":"c","15":"t","16":"i","17":"o","18":"n","19":" ","2":"l","20":"r","21":"e","22":"c","23":"o","24":"r","25":"d","26":"e","27":"d","3":"a","4":"n","5":"c","6":"e","7":" ","8":"t","9":"r","level":"debug","message":"info","service":"telecom-billing","timestamp":"2025-12-12 19:37:36"}
{"0":"C","1":"D","10":"s","11":"e","12":"d","13":" ","14":"S","15":"u","16":"c","17":"c","18":"e","19":"s","2":"R","20":"s","21":"f","22":"u","23":"l","24":"l","25":"y","3":" ","4":"P","5":"r","6":"o","7":"c","8":"e","9":"s","level":"debug","message":"info","service":"telecom-billing","timestamp":"2025-12-12 19:37:36"}
{"0":"C","1":"u","10":"a","11":"l","12":"a","13":"n","14":"c","15":"e","16":" ","17":"u","18":"p","19":"d","2":"s","20":"a","21":"t","22":"e","23":"d","3":"t","4":"o","5":"m","6":"e","7":"r","8":" ","9":"b","level":"debug","message":"info","service":"telecom-billing","timestamp":"2025-12-12 19:37:36"}
{"0":"C","1":"D","10":"g","11":" ","12":"u","13":"p","14":"d","15":"a","16":"t","17":"e","18":"d","2":"R","3":" ","4":"b","5":"i","6":"l","7":"l","8":"i","9":"n","level":"debug","message":"info","service":"telecom-billing","timestamp":"2025-12-12 19:37:36"}
{"0":"B","1":"a","10":"a","11":"n","12":"s","13":"a","14":"c","15":"t","16":"i","17":"o","18":"n","19":" ","2":"l","20":"r","21":"e","22":"c","23":"o","24":"r","25":"d","26":"e","27":"d","3":"a","4":"n","5":"c","6":"e","7":" ","8":"t","9":"r","level":"debug","message":"info","service":"telecom-billing","timestamp":"2025-12-12 19:37:36"}
{"0":"C","1":"D","10":"s","11":"e","12":"d","13":" ","14":"S","15":"u","16":"c","17":"c","18":"e","19":"s","2":"R","20":"s","21":"f","22":"u","23":"l","24":"l","25":"y","3":" ","4":"P","5":"r","6":"o","7":"c","8":"e","9":"s","level":"debug","message":"info","service":"telecom-billing","timestamp":"2025-12-12 19:37:36"}
{"0":"C","1":"u","10":"a","11":"l","12":"a","13":"n","14":"c","15":"e","16":" ","17":"u","18":"p","19":"d","2":"s","20":"a","21":"t","22":"e","23":"d","3":"t","4":"o","5":"m","6":"e","7":"r","8":" ","9":"b","level":"debug","message":"info","service":"telecom-billing","timestamp":"2025-12-12 19:37:36"}
{"0":"C","1":"D","10":"g","11":" ","12":"u","13":"p","14":"d","15":"a","16":"t","17":"e","18":"d","2":"R","3":" ","4":"b","5":"i","6":"l","7":"l","8":"i","9":"n","level":"debug","message":"info","service":"telecom-billing","timestamp":"2025-12-12 19:37:36"}
{"0":"B","1":"a","10":"a","11":"n","12":"s","13":"a","14":"c","15":"t","16":"i","17":"o","18":"n","19":" ","2":"l","20":"r","21":"e","22":"c","23":"o","24":"r","25":"d","26":"e","27":"d","3":"a","4":"n","5":"c","6":"e","7":" ","8":"t","9":"r","level":"debug","message":"info","service":"telecom-billing","timestamp":"2025-12-12 19:37:36"}
{"0":"C","1":"D","10":"s","11":"e","12":"d","13":" ","14":"S","15":"u","16":"c","17":"c","18":"e","19":"s","2":"R","20":"s","21":"f","22":"u","23":"l","24":"l","25":"y","3":" ","4":"P","5":"r","6":"o","7":"c","8":"e","9":"s","level":"debug","message":"info","service":"telecom-billing","timestamp":"2025-12-12 19:37:36"}
{"0":"C","1":"u","10":"a","11":"l","12":"a","13":"n","14":"c","15":"e","16":" ","17":"u","18":"p","19":"d","2":"s","20":"a","21":"t","22":"e","23":"d","3":"t","4":"o","5":"m","6":"e","7":"r","8":" ","9":"b","level":"debug","message":"info","service":"telecom-billing","timestamp":"2025-12-12 19:37:36"}
{"0":"C","1":"D","10":"g","11":" ","12":"u","13":"p","14":"d","15":"a","16":"t","17":"e","18":"d","2":"R","3":" ","4":"b","5":"i","6":"l","7":"l","8":"i","9":"n","level":"debug","message":"info","service":"telecom-billing","timestamp":"2025-12-12 19:37:36"}
{"0":"B","1":"a","10":"a","11":"n","12":"s","13":"a","14":"c","15":"t","16":"i","17":"o","18":"n","19":" ","2":"l","20":"r","21":"e","22":"c","23":"o","24":"r","25":"d","26":"e","27":"d","3":"a","4":"n","5":"c","6":"e","7":" ","8":"t","9":"r","level":"debug","message":"info","service":"telecom-billing","timestamp":"2025-12-12 19:37:36"}
{"0":"C","1":"D","10":"s","11":"e","12":"d","13":" ","14":"S","15":"u","16":"c","17":"c","18":"e","19":"s","2":"R","20":"s","21":"f","22":"u","23":"l","24":"l","25":"y","3":" ","4":"P","5":"r","6":"o","7":"c","8":"e","9":"s","level":"debug","message":"info","service":"telecom-billing","timestamp":"2025-12-12 19:37:36"}
{"0":"C","1":"u","10":"a","11":"l","12":"a","13":"n","14":"c","15":"e","16":" ","17":"u","18":"p","19":"d","2":"s","20":"a","21":"t","22":"e","23":"d","3":"t","4":"o","5":"m","6":"e","7":"r","8":" ","9":"b","level":"debug","message":"info","service":"telecom-billing","timestamp":"2025-12-12 19:37:36"}
{"0":"C","1":"D","10":"g","11":" ","12":"u","13":"p","14":"d","15":"a","16":"t","17":"e","18":"d","2":"R","3":" ","4":"b","5":"i","6":"l","7":"l","8":"i","9":"n","level":"debug","message":"info","service":"telecom-billing","timestamp":"2025-12-12 19:37:36"}
{"0":"B","1":"a","10":"a","11":"n","12":"s","13":"a","14":"c","15":"t","16":"i","17":"o","18":"n","19":" ","2":"l","20":"r","21":"e","22":"c","23":"o","24":"r","25":"d","26":"e","27":"d","3":"a","4":"n","5":"c","6":"e","7":" ","8":"t","9":"r","level":"debug","message":"info","service":"telecom-billing","timestamp":"2025-12-12 19:37:36"}
{"0":"C","1":"D","10":"s","11":"e","12":"d","13":" ","14":"S","15":"u","16":"c","17":"c","18":"e","19":"s","2":"R","20":"s","21":"f","22":"u","23":"l","24":"l","25":"y","3":" ","4":"P","5":"r","6":"o","7":"c","8":"e","9":"s","level":"debug","message":"info","service":"telecom-billing","timestamp":"2025-12-12 19:37:36"}
{"0":"C","1":"u","10":"a","11":"l","12":"a","13":"n","14":"c","15":"e","16":" ","17":"u","18":"p","19":"d","2":"s","20":"a","21":"t","22":"e","23":"d","3":"t","4":"o","5":"m","6":"e","7":"r","8":" ","9":"b","level":"debug","message":"info","service":"telecom-billing","timestamp":"2025-12-12 19:37:36"}
{"0":"C","1":"D","10":"g","11":" ","12":"u","13":"p","14":"d","15":"a","16":"t","17":"e","18":"d","2":"R","3":" ","4":"b","5":"i","6":"l","7":"l","8":"i","9":"n","level":"debug","message":"info","service":"telecom-billing","timestamp":"2025-12-12 19:37:36"}
{"0":"B","1":"a","10":"a","11":"n","12":"s","13":"a","14":"c","15":"t","16":"i","17":"o","18":"n","19":" ","2":"l","20":"r","21":"e","22":"c","23":"o","24":"r","25":"d","26":"e","27":"d","3":"a","4":"n","5":"c","6":"e","7":" ","8":"t","9":"r","level":"debug","message":"info","service":"telecom-billing","timestamp":"2025-12-12 19:37:36"}
{"0":"C","1":"D","10":"s","11":"e","12":"d","13":" ","14":"S","15":"u","16":"c","17":"c","18":"e","19":"s","2":"R","20":"s","21":"f","22":"u","23":"l","24":"l","25":"y","3":" ","4":"P","5":"r","6":"o","7":"c","8":"e","9":"s","level":"debug","message":"info","service":"telecom-billing","timestamp":"2025-12-12 19:37:36"}
{"0":"C","1":"u","10":"a","11":"l","12":"a","13":"n","14":"c","15":"e","16":" ","17":"u","18":"p","19":"d","2":"s","20":"a","21":"t","22":"e","23":"d","3":"t","4":"o","5":"m","6":"e","7":"r","8":" ","9":"b","level":"debug","message":"info","service":"telecom-billing","timestamp":"2025-12-12 19:37:36"}
{"0":"C","1":"D","10":"g","11":" ","12":"u","13":"p","14":"d","15":"a","16":"t","17":"e","18":"d","2":"R","3":" ","4":"b","5":"i","6":"l","7":"l","8":"i","9":"n","level":"debug","message":"info","service":"telecom-billing","timestamp":"2025-12-12 19:37:36"}
{"0":"B","1":"a","10":"a","11":"n","12":"s","13":"a","14":"c","15":"t","16":"i","17":"o","18":"n","19":" ","2":"l","20":"r","21":"e","22":"c","23":"o","24":"r","25":"d","26":"e","27":"d","3":"a","4":"n","5":"c","6":"e","7":" ","8":"t","9":"r","level":"debug","message":"info","service":"telecom-billing","timestamp":"2025-12-12 19:37:36"}
{"0":"C","1":"D","10":"s","11":"e","12":"d","13":" ","14":"S","15":"u","16":"c","17":"c","18":"e","19":"s","2":"R","20":"s","21":"f","22":"u","23":"l","24":"l","25":"y","3":" ","4":"P","5":"r","6":"o","7":"c","8":"e","9":"s","level":"debug","message":"info","service":"telecom-billing","timestamp":"2025-12-12 19:37:36"}
{"0":"C","1":"u","10":"a","11":"l","12":"a","13":"n","14":"c","15":"e","16":" ","17":"u","18":"p","19":"d","2":"s","20":"a","21":"t","22":"e","23":"d","3":"t","4":"o","5":"m","6":"e","7":"r","8":" ","9":"b","level":"debug","message":"info","service":"telecom-billing","timestamp":"2025-12-12 19:37:36"}
{"0":"C","1":"D","10":"g","11":" ","12":"u","13":"p","14":"d","15":"a","16":"t","17":"e","18":"d","2":"R","3":" ","4":"b","5":"i","6":"l","7":"l","8":"i","9":"n","level":"debug","message":"info","service":"telecom-billing","timestamp":"2025-12-12 19:37:36"}
{"0":"B","1":"a","10":"a","11":"n","12":"s","13":"a","14":"c","15":"t","16":"i","17":"o","18":"n","19":" ","2":"l","20":"r","21":"e","22":"c","23":"o","24":"r","25":"d","26":"e","27":"d","3":"a","4":"n","5":"c","6":"e","7":" ","8":"t","9":"r","level":"debug","message":"info","service":"telecom-billing","timestamp":"2025-12-12 19:37:36"}
{"0":"C","1":"D","10":"s","11":"e","12":"d","13":" ","14":"S","15":"u","16":"c","17":"c","18":"e","19":"s","2":"R","20":"s","21":"f","22":"u","23":"l","24":"l","25":"y","3":" ","4":"P","5":"r","6":"o","7":"c","8":"e","9":"s","level":"debug","message":"info","service":"telecom-billing","timestamp":"2025-12-12 19:37:36"}
{"0":"C","1":"u","10":"a","11":"l","12":"a","13":"n","14":"c","15":"e","16":" ","17":"u","18":"p","19":"d","2":"s","20":"a","21":"t","22":"e","23":"d","3":"t","4":"o","5":"m","6":"e","7":"r","8":" ","9":"b","level":"debug","message":"info","service":"telecom-billing","timestamp":"2025-12-12 19:37:36"}
{"0":"C","1":"D","10":"g","11":" ","12":"u","13":"p","14":"d","15":"a","16":"t","17":"e","18":"d","2":"R","3":" ","4":"b","5":"i","6":"l","7":"l","8":"i","9":"n","level":"debug","message":"info","service":"telecom-billing","timestamp":"2025-12-12 19:37:36"}
{"0":"B","1":"a","10":"a","11":"n","12":"s","13":"a","14":"c","15":"t","16":"i","17":"o","18":"n","19":" ","2":"l","20":"r","21":"e","22":"c","23":"o","24":"r","25":"d","26":"e","27":"d","3":"a","4":"n","5":"c","6":"e","7":" ","8":"t","9":"r","level":"debug","message":"info","service":"telecom-billing","timestamp":"2025-12-12 19:37:36"}
{"0":"C","1":"D","10":"s","11":"e","12":"d","13":" ","14":"S","15":"u","16":"c","17":"c","18":"e","19":"s","2":"R","20":"s","21":"f","22":"u","23":"l","24":"l","25":"y","3":" ","4":"P","5":"r","6":"o","7":"c","8":"e","9":"s","level":"debug","message":"info","service":"telecom-billing","timestamp":"2025-12-12 19:37:36"}
{"0":"C","1":"u","10":"a","11":"l","12":"a","13":"n","14":"c","15":"e","16":" ","17":"u","18":"p","19":"d","2":"s","20":"a","21":"t","22":"e","23":"d","3":"t","4":"o","5":"m","6":"e","7":"r","8":" ","9":"b","level":"debug","message":"info","service":"telecom-billing","timestamp":"2025-12-12 19:37:36"}
{"0":"C","1":"D","10":"g","11":" ","12":"u","13":"p","14":"d","15":"a","16":"t","17":"e","18":"d","2":"R","3":" ","4":"b","5":"i","6":"l","7":"l","8":"i","9":"n","level":"debug","message":"info","service":"telecom-billing","timestamp":"2025-12-12 19:37:36"}
{"0":"B","1":"a","10":"a","11":"n","12":"s","13":"a","14":"c","15":"t","16":"i","17":"o","18":"n","19":" ","2":"l","20":"r","21":"e","22":"c","23":"o","24":"r","25":"d","26":"e","27":"d","3":"a","4":"n","5":"c","6":"e","7":" ","8":"t","9":"r","level":"debug","message":"info","service":"telecom-billing","timestamp":"2025-12-12 19:37:36"}
{"0":"C","1":"D","10":"s","11":"e","12":"d","13":" ","14":"S","15":"u","16":"c","17":"c","18":"e","19":"s","2":"R","20":"s","21":"f","22":"u","23":"l","24":"l","25":"y","3":" ","4":"P","5":"r","6":"o","7":"c","8":"e","9":"s","level":"debug","message":"info","service":"telecom-billing","timestamp":"2025-12-12 19:37:36"}
{"0":"C","1":"u","10":"a","11":"l","12":"a","13":"n","14":"c","15":"e","16":" ","17":"u","18":"p","19":"d","2":"s","20":"a","21":"t","22":"e","23":"d","3":"t","4":"o","5":"m","6":"e","7":"r","8":" ","9":"b","level":"debug","message":"info","service":"telecom-billing","timestamp":"2025-12-12 19:37:36"}
{"0":"C","1":"D","10":"g","11":" ","12":"u","13":"p","14":"d","15":"a","16":"t","17":"e","18":"d","2":"R","3":" ","4":"b","5":"i","6":"l","7":"l","8":"i","9":"n","level":"debug","message":"info","service":"telecom-billing","timestamp":"2025-12-12 19:37:36"}
{"0":"B","1":"a","10":"a","11":"n","12":"s","13":"a","14":"c","15":"t","16":"i","17":"o","18":"n","19":" ","2":"l","20":"r","21":"e","22":"c","23":"o","24":"r","25":"d","26":"e","27":"d","3":"a","4":"n","5":"c","6":"e","7":" ","8":"t","9":"r","level":"debug","message":"info","service":"telecom-billing","timestamp":"2025-12-12 19:37:36"}
{"0":"C","1":"D","10":"s","11":"e","12":"d","13":" ","14":"S","15":"u","16":"c","17":"c","18":"e","19":"s","2":"R","20":"s","21":"f","22":"u","23":"l","24":"l","25":"y","3":" ","4":"P","5":"r","6":"o","7":"c","8":"e","9":"s","level":"debug","message":"info","service":"telecom-billing","timestamp":"2025-12-12 19:37:36"}
{"0":"C","1":"u","10":"a","11":"l","12":"a","13":"n","14":"c","15":"e","16":" ","17":"u","18":"p","19":"d","2":"s","20":"a","21":"t","22":"e","23":"d","3":"t","4":"o","5":"m","6":"e","7":"r","8":" ","9":"b","level":"debug","message":"info","service":"telecom-billing","timestamp":"2025-12-12 19:37:36"}
{"0":"C","1":"D","10":"g","11":" ","12":"u","13":"p","14":"d","15":"a","16":"t","17":"e","18":"d","2":"R","3":" ","4":"b","5":"i","6":"l","7":"l","8":"i","9":"n","level":"debug","message":"info","service":"telecom-billing","timestamp":"2025-12-12 19:37:36"}
{"0":"B","1":"a","10":"a","11":"n","12":"s","13":"a","14":"c","15":"t","16":"i","17":"o","18":"n","19":" ","2":"l","20":"r","21":"e","22":"c","23":"o","24":"r","25":"d","26":"e","27":"d","3":"a","4":"n","5":"c","6":"e","7":" ","8":"t","9":"r","level":"debug","message":"info","service":"telecom-billing","timestamp":"2025-12-12 19:37:36"}
{"0":"C","1":"D","10":"s","11":"e","12":"d","13":" ","14":"S","15":"u","16":"c","17":"c","18":"e","19":"s","2":"R","20":"s","21":"f","22":"u","23":"l","24":"l","25":"y","3":" ","4":"P","5":"r","6":"o","7":"c","8":"e","9":"s","level":"debug","message":"info","service":"telecom-billing","timestamp":"2025-12-12 19:37:36"}
{"0":"C","1":"u","10":"a","11":"l","12":"a","13":"n","14":"c","15":"e","16":" ","17":"u","18":"p","19":"d","2":"s","20":"a","21":"t","22":"e","23":"d","3":"t","4":"o","5":"m","6":"e","7":"r","8":" ","9":"b","level":"debug","message":"info","service":"telecom-billing","timestamp":"2025-12-12 19:37:36"}
{"0":"C","1":"D","10":"g","11":" ","12":"u","13":"p","14":"d","15":"a","16":"t","17":"e","18":"d","2":"R","3":" ","4":"b","5":"i","6":"l","7":"l","8":"i","9":"n","level":"debug","message":"info","service":"telecom-billing","timestamp":"2025-12-12 19:37:36"}
{"0":"B","1":"a","10":"a","11":"n","12":"s","13":"a","14":"c","15":"t","16":"i","17":"o","18":"n","19":" ","2":"l","20":"r","21":"e","22":"c","23":"o","24":"r","25":"d","26":"e","27":"d","3":"a","4":"n","5":"c","6":"e","7":" ","8":"t","9":"r","level":"debug","message":"info","service":"telecom-billing","timestamp":"2025-12-12 19:37:36"}
{"0":"C","1":"D","10":"s","11":"e","12":"d","13":" ","14":"S","15":"u","16":"c","17":"c","18":"e","19":"s","2":"R","20":"s","21":"f","22":"u","23":"l","24":"l","25":"y","3":" ","4":"P","5":"r","6":"o","7":"c","8":"e","9":"s","level":"debug","message":"info","service":"telecom-billing","timestamp":"2025-12-12 19:37:36"}
{"0":"C","1":"u","10":"a","11":"l","12":"a","13":"n","14":"c","15":"e","16":" ","17":"u","18":"p","19":"d","2":"s","20":"a","21":"t","22":"e","23":"d","3":"t","4":"o","5":"m","6":"e","7":"r","8":" ","9":"b","level":"debug","message":"info","service":"telecom-billing","timestamp":"2025-12-12 19:37:36"}
{"0":"C","1":"D","10":"g","11":" ","12":"u","13":"p","14":"d","15":"a","16":"t","17":"e","18":"d","2":"R","3":" ","4":"b","5":"i","6":"l","7":"l","8":"i","9":"n","level":"debug","message":"info","service":"telecom-billing","timestamp":"2025-12-12 19:37:36"}
{"0":"B","1":"a","10":"a","11":"n","12":"s","13":"a","14":"c","15":"t","16":"i","17":"o","18":"n","19":" ","2":"l","20":"r","21":"e","22":"c","23":"o","24":"r","25":"d","26":"e","27":"d","3":"a","4":"n","5":"c","6":"e","7":" ","8":"t","9":"r","level":"debug","message":"info","service":"telecom-billing","timestamp":"2025-12-12 19:37:36"}
{"0":"C","1":"D","10":"s","11":"e","12":"d","13":" ","14":"S","15":"u","16":"c","17":"c","18":"e","19":"s","2":"R","20":"s","21":"f","22":"u","23":"l","24":"l","25":"y","3":" ","4":"P","5":"r","6":"o","7":"c","8":"e","9":"s","level":"debug","message":"info","service":"telecom-billing","timestamp":"2025-12-12 19:37:36"}
{"0":"C","1":"u","10":"a","11":"l","12":"a","13":"n","14":"c","15":"e","16":" ","17":"u","18":"p","19":"d","2":"s","20":"a","21":"t","22":"e","23":"d","3":"t","4":"o","5":"m","6":"e","7":"r","8":" ","9":"b","level":"debug","message":"info","service":"telecom-billing","timestamp":"2025-12-12 19:37:36"}
{"0":"C","1":"D","10":"g","11":" ","12":"u","13":"p","14":"d","15":"a","16":"t","17":"e","18":"d","2":"R","3":" ","4":"b","5":"i","6":"l","7":"l","8":"i","9":"n","level":"debug","message":"info","service":"telecom-billing","timestamp":"2025-12-12 19:37:36"}
{"0":"B","1":"a","10":"a","11":"n","12":"s","13":"a","14":"c","15":"t","16":"i","17":"o","18":"n","19":" ","2":"l","20":"r","21":"e","22":"c","23":"o","24":"r","25":"d","26":"e","27":"d","3":"a","4":"n","5":"c","6":"e","7":" ","8":"t","9":"r","level":"debug","message":"info","service":"telecom-billing","timestamp":"2025-12-12 19:37:36"}
{"0":"C","1":"D","10":"s","11":"e","12":"d","13":" ","14":"S","15":"u","16":"c","17":"c","18":"e","19":"s","2":"R","20":"s","21":"f","22":"u","23":"l","24":"l","25":"y","3":" ","4":"P","5":"r","6":"o","7":"c","8":"e","9":"s","level":"debug","message":"info","service":"telecom-billing","timestamp":"2025-12-12 19:37:36"}
{"0":"C","1":"u","10":"a","11":"l","12":"a","13":"n","14":"c","15":"e","16":" ","17":"u","18":"p","19":"d","2":"s","20":"a","21":"t","22":"e","23":"d","3":"t","4":"o","5":"m","6":"e","7":"r","8":" ","9":"b","level":"debug","message":"info","service":"telecom-billing","timestamp":"2025-12-12 19:37:36"}
{"0":"C","1":"D","10":"g","11":" ","12":"u","13":"p","14":"d","15":"a","16":"t","17":"e","18":"d","2":"R","3":" ","4":"b","5":"i","6":"l","7":"l","8":"i","9":"n","level":"debug","message":"info","service":"telecom-billing","timestamp":"2025-12-12 19:37:36"}
{"0":"B","1":"a","10":"a","11":"n","12":"s","13":"a","14":"c","15":"t","16":"i","17":"o","18":"n","19":" ","2":"l","20":"r","21":"e","22":"c","23":"o","24":"r","25":"d","26":"e","27":"d","3":"a","4":"n","5":"c","6":"e","7":" ","8":"t","9":"r","level":"debug","message":"info","service":"telecom-billing","timestamp":"2025-12-12 19:37:36"}
{"0":"C","1":"D","10":"s","11":"e","12":"d","13":" ","14":"S","15":"u","16":"c","17":"c","18":"e","19":"s","2":"R","20":"s","21":"f","22":"u","23":"l","24":"l","25":"y","3":" ","4":"P","5":"r","6":"o","7":"c","8":"e","9":"s","level":"debug","message":"info","service":"telecom-billing","timestamp":"2025-12-12 19:37:36"}
{"0":"C","1":"u","10":"a","11":"l","12":"a","13":"n","14":"c","15":"e","16":" ","17":"u","18":"p","19":"d","2":"s","20":"a","21":"t","22":"e","23":"d","3":"t","4":"o","5":"m","6":"e","7":"r","8":" ","9":"b","level":"debug","message":"info","service":"telecom-billing","timestamp":"2025-12-12 19:37:36"}
{"0":"C","1":"D","10":"g","11":" ","12":"u","13":"p","14":"d","15":"a","16":"t","17":"e","18":"d","2":"R","3":" ","4":"b","5":"i","6":"l","7":"l","8":"i","9":"n","level":"debug","message":"info","service":"telecom-billing","timestamp":"2025-12-12 19:37:36"}
{"0":"B","1":"a","10":"a","11":"n","12":"s","13":"a","14":"c","15":"t","16":"i","17":"o","18":"n","19":" ","2":"l","20":"r","21":"e","22":"c","23":"o","24":"r","25":"d","26":"e","27":"d","3":"a","4":"n","5":"c","6":"e","7":" ","8":"t","9":"r","level":"debug","message":"info","service":"telecom-billing","timestamp":"2025-12-12 19:37:36"}
{"0":"C","1":"D","10":"s","11":"e","12":"d","13":" ","14":"S","15":"u","16":"c","17":"c","18":"e","19":"s","2":"R","20":"s","21":"f","22":"u","23":"l","24":"l","25":"y","3":" ","4":"P","5":"r","6":"o","7":"c","8":"e","9":"s","level":"debug","message":"info","service":"telecom-billing","timestamp":"2025-12-12 19:37:36"}
{"0":"C","1":"u","10":"a","11":"l","12":"a","13":"n","14":"c","15":"e","16":" ","17":"u","18":"p","19":"d","2":"s","20":"a","21":"t","22":"e","23":"d","3":"t","4":"o","5":"m","6":"e","7":"r","8":" ","9":"b","level":"debug","message":"info","service":"telecom-billing","timestamp":"2025-12-12 19:37:36"}
{"0":"C","1":"D","10":"g","11":" ","12":"u","13":"p","14":"d","15":"a","16":"t","17":"e","18":"d","2":"R","3":" ","4":"b","5":"i","6":"l","7":"l","8":"i","9":"n","level":"debug","message":"info","service":"telecom-billing","timestamp":"2025-12-12 19:37:36"}
{"0":"B","1":"a","10":"a","11":"n","12":"s","13":"a","14":"c","15":"t","16":"i","17":"o","18":"n","19":" ","2":"l","20":"r","21":"e","22":"c","23":"o","24":"r","25":"d","26":"e","27":"d","3":"a","4":"n","5":"c","6":"e","7":" ","8":"t","9":"r","level":"debug","message":"info","service":"telecom-billing","timestamp":"2025-12-12 19:37:36"}
{"0":"C","1":"D","10":"s","11":"e","12":"d","13":" ","14":"S","15":"u","16":"c","17":"c","18":"e","19":"s","2":"R","20":"s","21":"f","22":"u","23":"l","24":"l","25":"y","3":" ","4":"P","5":"r","6":"o","7":"c","8":"e","9":"s","level":"debug","message":"info","service":"telecom-billing","timestamp":"2025-12-12 19:37:36"}
{"0":"C","1":"u","10":"a","11":"l","12":"a","13":"n","14":"c","15":"e","16":" ","17":"u","18":"p","19":"d","2":"s","20":"a","21":"t","22":"e","23":"d","3":"t","4":"o","5":"m","6":"e","7":"r","8":" ","9":"b","level":"debug","message":"info","service":"telecom-billing","timestamp":"2025-12-12 19:37:36"}
{"0":"C","1":"D","10":"g","11":" ","12":"u","13":"p","14":"d","15":"a","16":"t","17":"e","18":"d","2":"R","3":" ","4":"b","5":"i","6":"l","7":"l","8":"i","9":"n","level":"debug","message":"info","service":"telecom-billing","timestamp":"2025-12-12 19:37:36"}
{"0":"B","1":"a","10":"a","11":"n","12":"s","13":"a","14":"c","15":"t","16":"i","17":"o","18":"n","19":" ","2":"l","20":"r","21":"e","22":"c","23":"o","24":"r","25":"d","26":"e","27":"d","3":"a","4":"n","5":"c","6":"e","7":" ","8":"t","9":"r","level":"debug","message":"info","service":"telecom-billing","timestamp":"2025-12-12 19:37:36"}
{"0":"C","1":"D","10":"s","11":"e","12":"d","13":" ","14":"S","15":"u","16":"c","17":"c","18":"e","19":"s","2":"R","20":"s","21":"f","22":"u","23":"l","24":"l","25":"y","3":" ","4":"P","5":"r","6":"o","7":"c","8":"e","9":"s","level":"debug","message":"info","service":"telecom-billing","timestamp":"2025-12-12 19:37:36"}
{"0":"C","1":"u","10":"a","11":"l","12":"a","13":"n","14":"c","15":"e","16":" ","17":"u","18":"p","19":"d","2":"s","20":"a","21":"t","22":"e","23":"d","3":"t","4":"o","5":"m","6":"e","7":"r","8":" ","9":"b","level":"debug","message":"info","service":"telecom-billing","timestamp":"2025-12-12 19:37:36"}
{"0":"C","1":"D","10":"g","11":" ","12":"u","13":"p","14":"d","15":"a","16":"t","17":"e","18":"d","2":"R","3":" ","4":"b","5":"i","6":"l","7":"l","8":"i","9":"n","level":"debug","message":"info","service":"telecom-billing","timestamp":"2025-12-12 19:37:36"}
{"0":"B","1":"a","10":"a","11":"n","12":"s","13":"a","14":"c","15":"t","16":"i","17":"o","18":"n","19":" ","2":"l","20":"r","21":"e","22":"c","23":"o","24":"r","25":"d","26":"e","27":"d","3":"a","4":"n","5":"c","6":"e","7":" ","8":"t","9":"r","level":"debug","message":"info","service":"telecom-billing","timestamp":"2025-12-12 19:37:36"}
{"0":"C","1":"D","10":"s","11":"e","12":"d","13":" ","14":"S","15":"u","16":"c","17":"c","18":"e","19":"s","2":"R","20":"s","21":"f","22":"u","23":"l","24":"l","25":"y","3":" ","4":"P","5":"r","6":"o","7":"c","8":"e","9":"s","level":"debug","message":"info","service":"telecom-billing","timestamp":"2025-12-12 19:37:36"}
{"0":"C","1":"u","10":"a","11":"l","12":"a","13":"n","14":"c","15":"e","16":" ","17":"u","18":"p","19":"d","2":"s","20":"a","21":"t","22":"e","23":"d","3":"t","4":"o","5":"m","6":"e","7":"r","8":" ","9":"b","level":"debug","message":"info","service":"telecom-billing","timestamp":"2025-12-12 19:37:36"}
{"0":"C","1":"D","10":"g","11":" ","12":"u","13":"p","14":"d","15":"a","16":"t","17":"e","18":"d","2":"R","3":" ","4":"b","5":"i","6":"l","7":"l","8":"i","9":"n","level":"debug","message":"info","service":"telecom-billing","timestamp":"2025-12-12 19:37:36"}
{"0":"B","1":"a","10":"a","11":"n","12":"s","13":"a","14":"c","15":"t","16":"i","17":"o","18":"n","19":" ","2":"l","20":"r","21":"e","22":"c","23":"o","24":"r","25":"d","26":"e","27":"d","3":"a","4":"n","5":"c","6":"e","7":" ","8":"t","9":"r","level":"debug","message":"info","service":"telecom-billing","timestamp":"2025-12-12 19:37:36"}
{"0":"C","1":"D","10":"s","11":"e","12":"d","13":" ","14":"S","15":"u","16":"c","17":"c","18":"e","19":"s","2":"R","20":"s","21":"f","22":"u","23":"l","24":"l","25":"y","3":" ","4":"P","5":"r","6":"o","7":"c","8":"e","9":"s","level":"debug","message":"info","service":"telecom-billing","timestamp":"2025-12-12 19:37:36"}
{"0":"C","1":"u","10":"a","11":"l","12":"a","13":"n","14":"c","15":"e","16":" ","17":"u","18":"p","19":"d","2":"s","20":"a","21":"t","22":"e","23":"d","3":"t","4":"o","5":"m","6":"e","7":"r","8":" ","9":"b","level":"debug","message":"info","service":"telecom-billing","timestamp":"2025-12-12 19:37:36"}
{"0":"C","1":"D","10":"g","11":" ","12":"u","13":"p","14":"d","15":"a","16":"t","17":"e","18":"d","2":"R","3":" ","4":"b","5":"i","6":"l","7":"l","8":"i","9":"n","level":"debug","message":"info","service":"telecom-billing","timestamp":"2025-12-12 19:37:36"}
{"0":"B","1":"a","10":"a","11":"n","12":"s","13":"a","14":"c","15":"t","16":"i","17":"o","18":"n","19":" ","2":"l","20":"r","21":"e","22":"c","23":"o","24":"r","25":"d","26":"e","27":"d","3":"a","4":"n","5":"c","6":"e","7":" ","8":"t","9":"r","level":"debug","message":"info","service":"telecom-billing","timestamp":"2025-12-12 19:37:36"}
{"0":"C","1":"D","10":"s","11":"e","12":"d","13":" ","14":"S","15":"u","16":"c","17":"c","18":"e","19":"s","2":"R","20":"s","21":"f","22":"u","23":"l","24":"l","25":"y","3":" ","4":"P","5":"r","6":"o","7":"c","8":"e","9":"s","level":"debug","message":"info","service":"telecom-billing","timestamp":"2025-12-12 19:37:36"}
{"0":"C","1":"u","10":"a","11":"l","12":"a","13":"n","14":"c","15":"e","16":" ","17":"u","18":"p","19":"d","2":"s","20":"a","21":"t","22":"e","23":"d","3":"t","4":"o","5":"m","6":"e","7":"r","8":" ","9":"b","level":"debug","message":"info","service":"telecom-billing","timestamp":"2025-12-12 19:37:36"}
{"0":"C","1":"D","10":"g","11":" ","12":"u","13":"p","14":"d","15":"a","16":"t","17":"e","18":"d","2":"R","3":" ","4":"b","5":"i","6":"l","7":"l","8":"i","9":"n","level":"debug","message":"info","service":"telecom-billing","timestamp":"2025-12-12 19:37:36"}
{"0":"B","1":"a","10":"a","11":"n","12":"s","13":"a","14":"c","15":"t","16":"i","17":"o","18":"n","19":" ","2":"l","20":"r","21":"e","22":"c","23":"o","24":"r","25":"d","26":"e","27":"d","3":"a","4":"n","5":"c","6":"e","7":" ","8":"t","9":"r","level":"debug","message":"info","service":"telecom-billing","timestamp":"2025-12-12 19:37:36"}
{"0":"C","1":"D","10":"s","11":"e","12":"d","13":" ","14":"S","15":"u","16":"c","17":"c","18":"e","19":"s","2":"R","20":"s","21":"f","22":"u","23":"l","24":"l","25":"y","3":" ","4":"P","5":"r","6":"o","7":"c","8":"e","9":"s","level":"debug","message":"info","service":"telecom-billing","timestamp":"2025-12-12 19:37:36"}
{"0":"C","1":"u","10":"a","11":"l","12":"a","13":"n","14":"c","15":"e","16":" ","17":"u","18":"p","19":"d","2":"s","20":"a","21":"t","22":"e","23":"d","3":"t","4":"o","5":"m","6":"e","7":"r","8":" ","9":"b","level":"debug","message":"info","service":"telecom-billing","timestamp":"2025-12-12 19:37:36"}
{"0":"C","1":"D","10":"g","11":" ","12":"u","13":"p","14":"d","15":"a","16":"t","17":"e","18":"d","2":"R","3":" ","4":"b","5":"i","6":"l","7":"l","8":"i","9":"n","level":"debug","message":"info","service":"telecom-billing","timestamp":"2025-12-12 19:37:36"}
{"0":"B","1":"a","10":"a","11":"n","12":"s","13":"a","14":"c","15":"t","16":"i","17":"o","18":"n","19":" ","2":"l","20":"r","21":"e","22":"c","23":"o","24":"r","25":"d","26":"e","27":"d","3":"a","4":"n","5":"c","6":"e","7":" ","8":"t","9":"r","level":"debug","message":"info","service":"telecom-billing","timestamp":"2025-12-12 19:37:36"}
{"0":"C","1":"D","10":"s","11":"e","12":"d","13":" ","14":"S","15":"u","16":"c","17":"c","18":"e","19":"s","2":"R","20":"s","21":"f","22":"u","23":"l","24":"l","25":"y","3":" ","4":"P","5":"r","6":"o","7":"c","8":"e","9":"s","level":"debug","message":"info","service":"telecom-billing","timestamp":"2025-12-12 19:37:36"}
{"0":"C","1":"u","10":"a","11":"l","12":"a","13":"n","14":"c","15":"e","16":" ","17":"u","18":"p","19":"d","2":"s","20":"a","21":"t","22":"e","23":"d","3":"t","4":"o","5":"m","6":"e","7":"r","8":" ","9":"b","level":"debug","message":"info","service":"telecom-billing","timestamp":"2025-12-12 19:37:36"}
{"0":"C","1":"D","10":"g","11":" ","12":"u","13":"p","14":"d","15":"a","16":"t","17":"e","18":"d","2":"R","3":" ","4":"b","5":"i","6":"l","7":"l","8":"i","9":"n","level":"debug","message":"info","service":"telecom-billing","timestamp":"2025-12-12 19:37:36"}
{"0":"B","1":"a","10":"a","11":"n","12":"s","13":"a","14":"c","15":"t","16":"i","17":"o","18":"n","19":" ","2":"l","20":"r","21":"e","22":"c","23":"o","24":"r","25":"d","26":"e","27":"d","3":"a","4":"n","5":"c","6":"e","7":" ","8":"t","9":"r","level":"debug","message":"info","service":"telecom-billing","timestamp":"2025-12-12 19:37:36"}
{"0":"C","1":"D","10":"s","11":"e","12":"d","13":" ","14":"S","15":"u","16":"c","17":"c","18":"e","19":"s","2":"R","20":"s","21":"f","22":"u","23":"l","24":"l","25":"y","3":" ","4":"P","5":"r","6":"o","7":"c","8":"e","9":"s","level":"debug","message":"info","service":"telecom-billing","timestamp":"2025-12-12 19:37:36"}
{"0":"C","1":"u","10":"a","11":"l","12":"a","13":"n","14":"c","15":"e","16":" ","17":"u","18":"p","19":"d","2":"s","20":"a","21":"t","22":"e","23":"d","3":"t","4":"o","5":"m","6":"e","7":"r","8":" ","9":"b","level":"debug","message":"info","service":"telecom-billing","timestamp":"2025-12-12 19:37:36"}
{"0":"C","1":"D","10":"g","11":" ","12":"u","13":"p","14":"d","15":"a","16":"t","17":"e","18":"d","2":"R","3":" ","4":"b","5":"i","6":"l","7":"l","8":"i","9":"n","level":"debug","message":"info","service":"telecom-billing","timestamp":"2025-12-12 19:37:36"}
{"0":"B","1":"a","10":"a","11":"n","12":"s","13":"a","14":"c","15":"t","16":"i","17":"o","18":"n","19":" ","2":"l","20":"r","21":"e","22":"c","23":"o","24":"r","25":"d","26":"e","27":"d","3":"a","4":"n","5":"c","6":"e","7":" ","8":"t","9":"r","level":"debug","message":"info","service":"telecom-billing","timestamp":"2025-12-12 19:37:36"}
{"0":"C","1":"D","10":"s","11":"e","12":"d","13":" ","14":"S","15":"u","16":"c","17":"c","18":"e","19":"s","2":"R","20":"s","21":"f","22":"u","23":"l","24":"l","25":"y","3":" ","4":"P","5":"r","6":"o","7":"c","8":"e","9":"s","level":"debug","message":"info","service":"telecom-billing","timestamp":"2025-12-12 19:37:36"}
{"0":"C","1":"u","10":"a","11":"l","12":"a","13":"n","14":"c","15":"e","16":" ","17":"u","18":"p","19":"d","2":"s","20":"a","21":"t","22":"e","23":"d","3":"t","4":"o","5":"m","6":"e","7":"r","8":" ","9":"b","level":"debug","message":"info","service":"telecom-billing","timestamp":"2025-12-12 19:37:36"}
{"0":"C","1":"D","10":"g","11":" ","12":"u","13":"p","14":"d","15":"a","16":"t","17":"e","18":"d","2":"R","3":" ","4":"b","5":"i","6":"l","7":"l","8":"i","9":"n","level":"debug","message":"info","service":"telecom-billing","timestamp":"2025-12-12 19:37:36"}
{"0":"B","1":"a","10":"a","11":"n","12":"s","13":"a","14":"c","15":"t","16":"i","17":"o","18":"n","19":" ","2":"l","20":"r","21":"e","22":"c","23":"o","24":"r","25":"d","26":"e","27":"d","3":"a","4":"n","5":"c","6":"e","7":" ","8":"t","9":"r","level":"debug","message":"info","service":"telecom-billing","timestamp":"2025-12-12 19:37:36"}
{"0":"C","1":"D","10":"s","11":"e","12":"d","13":" ","14":"S","15":"u","16":"c","17":"c","18":"e","19":"s","2":"R","20":"s","21":"f","22":"u","23":"l","24":"l","25":"y","3":" ","4":"P","5":"r","6":"o","7":"c","8":"e","9":"s","level":"debug","message":"info","service":"telecom-billing","timestamp":"2025-12-12 19:37:36"}
{"0":"C","1":"u","10":"a","11":"l","12":"a","13":"n","14":"c","15":"e","16":" ","17":"u","18":"p","19":"d","2":"s","20":"a","21":"t","22":"e","23":"d","3":"t","4":"o","5":"m","6":"e","7":"r","8":" ","9":"b","level":"debug","message":"info","service":"telecom-billing","timestamp":"2025-12-12 19:37:36"}
{"0":"C","1":"D","10":"g","11":" ","12":"u","13":"p","14":"d","15":"a","16":"t","17":"e","18":"d","2":"R","3":" ","4":"b","5":"i","6":"l","7":"l","8":"i","9":"n","level":"debug","message":"info","service":"telecom-billing","timestamp":"2025-12-12 19:37:36"}
{"0":"B","1":"a","10":"a","11":"n","12":"s","13":"a","14":"c","15":"t","16":"i","17":"o","18":"n","19":" ","2":"l","20":"r","21":"e","22":"c","23":"o","24":"r","25":"d","26":"e","27":"d","3":"a","4":"n","5":"c","6":"e","7":" ","8":"t","9":"r","level":"debug","message":"info","service":"telecom-billing","timestamp":"2025-12-12 19:37:36"}
{"0":"C","1":"D","10":"s","11":"e","12":"d","13":" ","14":"S","15":"u","16":"c","17":"c","18":"e","19":"s","2":"R","20":"s","21":"f","22":"u","23":"l","24":"l","25":"y","3":" ","4":"P","5":"r","6":"o","7":"c","8":"e","9":"s","level":"debug","message":"info","service":"telecom-billing","timestamp":"2025-12-12 19:37:36"}
{"0":"C","1":"u","10":"a","11":"l","12":"a","13":"n","14":"c","15":"e","16":" ","17":"u","18":"p","19":"d","2":"s","20":"a","21":"t","22":"e","23":"d","3":"t","4":"o","5":"m","6":"e","7":"r","8":" ","9":"b","level":"debug","message":"info","service":"telecom-billing","timestamp":"2025-12-12 19:37:36"}
{"0":"C","1":"D","10":"g","11":" ","12":"u","13":"p","14":"d","15":"a","16":"t","17":"e","18":"d","2":"R","3":" ","4":"b","5":"i","6":"l","7":"l","8":"i","9":"n","level":"debug","message":"info","service":"telecom-billing","timestamp":"2025-12-12 19:37:36"}
{"0":"B","1":"a","10":"a","11":"n","12":"s","13":"a","14":"c","15":"t","16":"i","17":"o","18":"n","19":" ","2":"l","20":"r","21":"e","22":"c","23":"o","24":"r","25":"d","26":"e","27":"d","3":"a","4":"n","5":"c","6":"e","7":" ","8":"t","9":"r","level":"debug","message":"info","service":"telecom-billing","timestamp":"2025-12-12 19:37:36"}
{"0":"C","1":"D","10":"s","11":"e","12":"d","13":" ","14":"S","15":"u","16":"c","17":"c","18":"e","19":"s","2":"R","20":"s","21":"f","22":"u","23":"l","24":"l","25":"y","3":" ","4":"P","5":"r","6":"o","7":"c","8":"e","9":"s","level":"debug","message":"info","service":"telecom-billing","timestamp":"2025-12-12 19:37:36"}
{"0":"C","1":"u","10":"a","11":"l","12":"a","13":"n","14":"c","15":"e","16":" ","17":"u","18":"p","19":"d","2":"s","20":"a","21":"t","22":"e","23":"d","3":"t","4":"o","5":"m","6":"e","7":"r","8":" ","9":"b","level":"debug","message":"info","service":"telecom-billing","timestamp":"2025-12-12 19:37:36"}
{"0":"C","1":"D","10":"g","11":" ","12":"u","13":"p","14":"d","15":"a","16":"t","17":"e","18":"d","2":"R","3":" ","4":"b","5":"i","6":"l","7":"l","8":"i","9":"n","level":"debug","message":"info","service":"telecom-billing","timestamp":"2025-12-12 19:37:36"}
{"0":"B","1":"a","10":"a","11":"n","12":"s","13":"a","14":"c","15":"t","16":"i","17":"o","18":"n","19":" ","2":"l","20":"r","21":"e","22":"c","23":"o","24":"r","25":"d","26":"e","27":"d","3":"a","4":"n","5":"c","6":"e","7":" ","8":"t","9":"r","level":"debug","message":"info","service":"telecom-billing","timestamp":"2025-12-12 19:37:36"}
{"0":"C","1":"D","10":"s","11":"e","12":"d","13":" ","14":"S","15":"u","16":"c","17":"c","18":"e","19":"s","2":"R","20":"s","21":"f","22":"u","23":"l","24":"l","25":"y","3":" ","4":"P","5":"r","6":"o","7":"c","8":"e","9":"s","level":"debug","message":"info","service":"telecom-billing","timestamp":"2025-12-12 19:37:36"}
{"0":"C","1":"u","10":"a","11":"l","12":"a","13":"n","14":"c","15":"e","16":" ","17":"u","18":"p","19":"d","2":"s","20":"a","21":"t","22":"e","23":"d","3":"t","4":"o","5":"m","6":"e","7":"r","8":" ","9":"b","level":"debug","message":"info","service":"telecom-billing","timestamp":"2025-12-12 19:37:36"}
{"0":"C","1":"D","10":"g","11":" ","12":"u","13":"p","14":"d","15":"a","16":"t","17":"e","18":"d","2":"R","3":" ","4":"b","5":"i","6":"l","7":"l","8":"i","9":"n","level":"debug","message":"info","service":"telecom-billing","timestamp":"2025-12-12 19:37:36"}
{"0":"B","1":"a","10":"a","11":"n","12":"s","13":"a","14":"c","15":"t","16":"i","17":"o","18":"n","19":" ","2":"l","20":"r","21":"e","22":"c","23":"o","24":"r","25":"d","26":"e","27":"d","3":"a","4":"n","5":"c","6":"e","7":" ","8":"t","9":"r","level":"debug","message":"info","service":"telecom-billing","timestamp":"2025-12-12 19:37:36"}
{"0":"C","1":"D","10":"s","11":"e","12":"d","13":" ","14":"S","15":"u","16":"c","17":"c","18":"e","19":"s","2":"R","20":"s","21":"f","22":"u","23":"l","24":"l","25":"y","3":" ","4":"P","5":"r","6":"o","7":"c","8":"e","9":"s","level":"debug","message":"info","service":"telecom-billing","timestamp":"2025-12-12 19:37:36"}
{"0":"C","1":"u","10":"a","11":"l","12":"a","13":"n","14":"c","15":"e","16":" ","17":"u","18":"p","19":"d","2":"s","20":"a","21":"t","22":"e","23":"d","3":"t","4":"o","5":"m","6":"e","7":"r","8":" ","9":"b","level":"debug","message":"info","service":"telecom-billing","timestamp":"2025-12-12 19:37:36"}
{"0":"C","1":"D","10":"g","11":" ","12":"u","13":"p","14":"d","15":"a","16":"t","17":"e","18":"d","2":"R","3":" ","4":"b","5":"i","6":"l","7":"l","8":"i","9":"n","level":"debug","message":"info","service":"telecom-billing","timestamp":"2025-12-12 19:37:36"}
{"0":"B","1":"a","10":"a","11":"n","12":"s","13":"a","14":"c","15":"t","16":"i","17":"o","18":"n","19":" ","2":"l","20":"r","21":"e","22":"c","23":"o","24":"r","25":"d","26":"e","27":"d","3":"a","4":"n","5":"c","6":"e","7":" ","8":"t","9":"r","level":"debug","message":"info","service":"telecom-billing","timestamp":"2025-12-12 19:37:36"}
{"0":"C","1":"D","10":"s","11":"e","12":"d","13":" ","14":"S","15":"u","16":"c","17":"c","18":"e","19":"s","2":"R","20":"s","21":"f","22":"u","23":"l","24":"l","25":"y","3":" ","4":"P","5":"r","6":"o","7":"c","8":"e","9":"s","level":"debug","message":"info","service":"telecom-billing","timestamp":"2025-12-12 19:37:36"}
{"0":"C","1":"u","10":"a","11":"l","12":"a","13":"n","14":"c","15":"e","16":" ","17":"u","18":"p","19":"d","2":"s","20":"a","21":"t","22":"e","23":"d","3":"t","4":"o","5":"m","6":"e","7":"r","8":" ","9":"b","level":"debug","message":"info","service":"telecom-billing","timestamp":"2025-12-12 19:37:36"}
{"0":"C","1":"D","10":"g","11":" ","12":"u","13":"p","14":"d","15":"a","16":"t","17":"e","18":"d","2":"R","3":" ","4":"b","5":"i","6":"l","7":"l","8":"i","9":"n","level":"debug","message":"info","service":"telecom-billing","timestamp":"2025-12-12 19:37:36"}
{"0":"B","1":"a","10":"a","11":"n","12":"s","13":"a","14":"c","15":"t","16":"i","17":"o","18":"n","19":" ","2":"l","20":"r","21":"e","22":"c","23":"o","24":"r","25":"d","26":"e","27":"d","3":"a","4":"n","5":"c","6":"e","7":" ","8":"t","9":"r","level":"debug","message":"info","service":"telecom-billing","timestamp":"2025-12-12 19:37:36"}
{"0":"C","1":"D","10":"s","11":"e","12":"d","13":" ","14":"S","15":"u","16":"c","17":"c","18":"e","19":"s","2":"R","20":"s","21":"f","22":"u","23":"l","24":"l","25":"y","3":" ","4":"P","5":"r","6":"o","7":"c","8":"e","9":"s","level":"debug","message":"info","service":"telecom-billing","timestamp":"2025-12-12 19:37:36"}
{"0":"C","1":"u","10":"a","11":"l","12":"a","13":"n","14":"c","15":"e","16":" ","17":"u","18":"p","19":"d","2":"s","20":"a","21":"t","22":"e","23":"d","3":"t","4":"o","5":"m","6":"e","7":"r","8":" ","9":"b","level":"debug","message":"info","service":"telecom-billing","timestamp":"2025-12-12 19:37:36"}
{"0":"C","1":"D","10":"g","11":" ","12":"u","13":"p","14":"d","15":"a","16":"t","17":"e","18":"d","2":"R","3":" ","4":"b","5":"i","6":"l","7":"l","8":"i","9":"n","level":"debug","message":"info","service":"telecom-billing","timestamp":"2025-12-12 19:37:36"}
{"0":"B","1":"a","10":"a","11":"n","12":"s","13":"a","14":"c","15":"t","16":"i","17":"o","18":"n","19":" ","2":"l","20":"r","21":"e","22":"c","23":"o","24":"r","25":"d","26":"e","27":"d","3":"a","4":"n","5":"c","6":"e","7":" ","8":"t","9":"r","level":"debug","message":"info","service":"telecom-billing","timestamp":"2025-12-12 19:37:36"}
{"0":"C","1":"D","10":"s","11":"e","12":"d","13":" ","14":"S","15":"u","16":"c","17":"c","18":"e","19":"s","2":"R","20":"s","21":"f","22":"u","23":"l","24":"l","25":"y","3":" ","4":"P","5":"r","6":"o","7":"c","8":"e","9":"s","level":"debug","message":"info","service":"telecom-billing","timestamp":"2025-12-12 19:37:36"}
{"0":"C","1":"u","10":"a","11":"l","12":"a","13":"n","14":"c","15":"e","16":" ","17":"u","18":"p","19":"d","2":"s","20":"a","21":"t","22":"e","23":"d","3":"t","4":"o","5":"m","6":"e","7":"r","8":" ","9":"b","level":"debug","message":"info","service":"telecom-billing","timestamp":"2025-12-12 19:37:36"}
{"0":"C","1":"D","10":"g","11":" ","12":"u","13":"p","14":"d","15":"a","16":"t","17":"e","18":"d","2":"R","3":" ","4":"b","5":"i","6":"l","7":"l","8":"i","9":"n","level":"debug","message":"info","service":"telecom-billing","timestamp":"2025-12-12 19:37:36"}
{"0":"B","1":"a","10":"a","11":"n","12":"s","13":"a","14":"c","15":"t","16":"i","17":"o","18":"n","19":" ","2":"l","20":"r","21":"e","22":"c","23":"o","24":"r","25":"d","26":"e","27":"d","3":"a","4":"n","5":"c","6":"e","7":" ","8":"t","9":"r","level":"debug","message":"info","service":"telecom-billing","timestamp":"2025-12-12 19:37:36"}
{"0":"C","1":"D","10":"s","11":"e","12":"d","13":" ","14":"S","15":"u","16":"c","17":"c","18":"e","19":"s","2":"R","20":"s","21":"f","22":"u","23":"l","24":"l","25":"y","3":" ","4":"P","5":"r","6":"o","7":"c","8":"e","9":"s","level":"debug","message":"info","service":"telecom-billing","timestamp":"2025-12-12 19:37:36"}
{"0":"C","1":"u","10":"a","11":"l","12":"a","13":"n","14":"c","15":"e","16":" ","17":"u","18":"p","19":"d","2":"s","20":"a","21":"t","22":"e","23":"d","3":"t","4":"o","5":"m","6":"e","7":"r","8":" ","9":"b","level":"debug","message":"info","service":"telecom-billing","timestamp":"2025-12-12 19:37:36"}
{"0":"C","1":"D","10":"g","11":" ","12":"u","13":"p","14":"d","15":"a","16":"t","17":"e","18":"d","2":"R","3":" ","4":"b","5":"i","6":"l","7":"l","8":"i","9":"n","level":"debug","message":"info","service":"telecom-billing","timestamp":"2025-12-12 19:37:36"}
{"0":"B","1":"a","10":"a","11":"n","12":"s","13":"a","14":"c","15":"t","16":"i","17":"o","18":"n","19":" ","2":"l","20":"r","21":"e","22":"c","23":"o","24":"r","25":"d","26":"e","27":"d","3":"a","4":"n","5":"c","6":"e","7":" ","8":"t","9":"r","level":"debug","message":"info","service":"telecom-billing","timestamp":"2025-12-12 19:37:36"}
{"0":"C","1":"D","10":"s","11":"e","12":"d","13":" ","14":"S","15":"u","16":"c","17":"c","18":"e","19":"s","2":"R","20":"s","21":"f","22":"u","23":"l","24":"l","25":"y","3":" ","4":"P","5":"r","6":"o","7":"c","8":"e","9":"s","level":"debug","message":"info","service":"telecom-billing","timestamp":"2025-12-12 19:37:36"}
{"0":"C","1":"u","10":"a","11":"l","12":"a","13":"n","14":"c","15":"e","16":" ","17":"u","18":"p","19":"d","2":"s","20":"a","21":"t","22":"e","23":"d","3":"t","4":"o","5":"m","6":"e","7":"r","8":" ","9":"b","level":"debug","message":"info","service":"telecom-billing","timestamp":"2025-12-12 19:37:36"}
{"0":"C","1":"D","10":"g","11":" ","12":"u","13":"p","14":"d","15":"a","16":"t","17":"e","18":"d","2":"R","3":" ","4":"b","5":"i","6":"l","7":"l","8":"i","9":"n","level":"debug","message":"info","service":"telecom-billing","timestamp":"2025-12-12 19:37:36"}
{"0":"B","1":"a","10":"a","11":"n","12":"s","13":"a","14":"c","15":"t","16":"i","17":"o","18":"n","19":" ","2":"l","20":"r","21":"e","22":"c","23":"o","24":"r","25":"d","26":"e","27":"d","3":"a","4":"n","5":"c","6":"e","7":" ","8":"t","9":"r","level":"debug","message":"info","service":"telecom-billing","timestamp":"2025-12-12 19:37:36"}
{"0":"C","1":"D","10":"s","11":"e","12":"d","13":" ","14":"S","15":"u","16":"c","17":"c","18":"e","19":"s","2":"R","20":"s","21":"f","22":"u","23":"l","24":"l","25":"y","3":" ","4":"P","5":"r","6":"o","7":"c","8":"e","9":"s","level":"debug","message":"info","service":"telecom-billing","timestamp":"2025-12-12 19:37:36"}
{"0":"C","1":"u","10":"a","11":"l","12":"a","13":"n","14":"c","15":"e","16":" ","17":"u","18":"p","19":"d","2":"s","20":"a","21":"t","22":"e","23":"d","3":"t","4":"o","5":"m","6":"e","7":"r","8":" ","9":"b","level":"debug","message":"info","service":"telecom-billing","timestamp":"2025-12-12 19:37:36"}
{"0":"C","1":"D","10":"g","11":" ","12":"u","13":"p","14":"d","15":"a","16":"t","17":"e","18":"d","2":"R","3":" ","4":"b","5":"i","6":"l","7":"l","8":"i","9":"n","level":"debug","message":"info","service":"telecom-billing","timestamp":"2025-12-12 19:37:36"}
{"0":"B","1":"a","10":"a","11":"n","12":"s","13":"a","14":"c","15":"t","16":"i","17":"o","18":"n","19":" ","2":"l","20":"r","21":"e","22":"c","23":"o","24":"r","25":"d","26":"e","27":"d","3":"a","4":"n","5":"c","6":"e","7":" ","8":"t","9":"r","level":"debug","message":"info","service":"telecom-billing","timestamp":"2025-12-12 19:37:36"}
{"0":"C","1":"D","10":"s","11":"e","12":"d","13":" ","14":"S","15":"u","16":"c","17":"c","18":"e","19":"s","2":"R","20":"s","21":"f","22":"u","23":"l","24":"l","25":"y","3":" ","4":"P","5":"r","6":"o","7":"c","8":"e","9":"s","level":"debug","message":"info","service":"telecom-billing","timestamp":"2025-12-12 19:37:36"}
{"0":"C","1":"u","10":"a","11":"l","12":"a","13":"n","14":"c","15":"e","16":" ","17":"u","18":"p","19":"d","2":"s","20":"a","21":"t","22":"e","23":"d","3":"t","4":"o","5":"m","6":"e","7":"r","8":" ","9":"b","level":"debug","message":"info","service":"telecom-billing","timestamp":"2025-12-12 19:37:36"}
{"0":"C","1":"D","10":"g","11":" ","12":"u","13":"p","14":"d","15":"a","16":"t","17":"e","18":"d","2":"R","3":" ","4":"b","5":"i","6":"l","7":"l","8":"i","9":"n","level":"debug","message":"info","service":"telecom-billing","timestamp":"2025-12-12 19:37:36"}
{"0":"B","1":"a","10":"a","11":"n","12":"s","13":"a","14":"c","15":"t","16":"i","17":"o","18":"n","19":" ","2":"l","20":"r","21":"e","22":"c","23":"o","24":"r","25":"d","26":"e","27":"d","3":"a","4":"n","5":"c","6":"e","7":" ","8":"t","9":"r","level":"debug","message":"info","service":"telecom-billing","timestamp":"2025-12-12 19:37:36"}
{"0":"C","1":"D","10":"s","11":"e","12":"d","13":" ","14":"S","15":"u","16":"c","17":"c","18":"e","19":"s","2":"R","20":"s","21":"f","22":"u","23":"l","24":"l","25":"y","3":" ","4":"P","5":"r","6":"o","7":"c","8":"e","9":"s","level":"debug","message":"info","service":"telecom-billing","timestamp":"2025-12-12 19:37:36"}
{"0":"C","1":"u","10":"a","11":"l","12":"a","13":"n","14":"c","15":"e","16":" ","17":"u","18":"p","19":"d","2":"s","20":"a","21":"t","22":"e","23":"d","3":"t","4":"o","5":"m","6":"e","7":"r","8":" ","9":"b","level":"debug","message":"info","service":"telecom-billing","timestamp":"2025-12-12 19:37:36"}
{"0":"C","1":"D","10":"g","11":" ","12":"u","13":"p","14":"d","15":"a","16":"t","17":"e","18":"d","2":"R","3":" ","4":"b","5":"i","6":"l","7":"l","8":"i","9":"n","level":"debug","message":"info","service":"telecom-billing","timestamp":"2025-12-12 19:37:36"}
{"0":"B","1":"a","10":"a","11":"n","12":"s","13":"a","14":"c","15":"t","16":"i","17":"o","18":"n","19":" ","2":"l","20":"r","21":"e","22":"c","23":"o","24":"r","25":"d","26":"e","27":"d","3":"a","4":"n","5":"c","6":"e","7":" ","8":"t","9":"r","level":"debug","message":"info","service":"telecom-billing","timestamp":"2025-12-12 19:37:36"}
{"0":"C","1":"D","10":"s","11":"e","12":"d","13":" ","14":"S","15":"u","16":"c","17":"c","18":"e","19":"s","2":"R","20":"s","21":"f","22":"u","23":"l","24":"l","25":"y","3":" ","4":"P","5":"r","6":"o","7":"c","8":"e","9":"s","level":"debug","message":"info","service":"telecom-billing","timestamp":"2025-12-12 19:37:36"}
{"0":"C","1":"u","10":"a","11":"l","12":"a","13":"n","14":"c","15":"e","16":" ","17":"u","18":"p","19":"d","2":"s","20":"a","21":"t","22":"e","23":"d","3":"t","4":"o","5":"m","6":"e","7":"r","8":" ","9":"b","level":"debug","message":"info","service":"telecom-billing","timestamp":"2025-12-12 19:37:36"}
{"0":"C","1":"D","10":"g","11":" ","12":"u","13":"p","14":"d","15":"a","16":"t","17":"e","18":"d","2":"R","3":" ","4":"b","5":"i","6":"l","7":"l","8":"i","9":"n","level":"debug","message":"info","service":"telecom-billing","timestamp":"2025-12-12 19:37:36"}
{"0":"B","1":"a","10":"a","11":"n","12":"s","13":"a","14":"c","15":"t","16":"i","17":"o","18":"n","19":" ","2":"l","20":"r","21":"e","22":"c","23":"o","24":"r","25":"d","26":"e","27":"d","3":"a","4":"n","5":"c","6":"e","7":" ","8":"t","9":"r","level":"debug","message":"info","service":"telecom-billing","timestamp":"2025-12-12 19:37:36"}
{"0":"C","1":"D","10":"s","11":"e","12":"d","13":" ","14":"S","15":"u","16":"c","17":"c","18":"e","19":"s","2":"R","20":"s","21":"f","22":"u","23":"l","24":"l","25":"y","3":" ","4":"P","5":"r","6":"o","7":"c","8":"e","9":"s","level":"debug","message":"info","service":"telecom-billing","timestamp":"2025-12-12 19:37:36"}
{"0":"C","1":"u","10":"a","11":"l","12":"a","13":"n","14":"c","15":"e","16":" ","17":"u","18":"p","19":"d","2":"s","20":"a","21":"t","22":"e","23":"d","3":"t","4":"o","5":"m","6":"e","7":"r","8":" ","9":"b","level":"debug","message":"info","service":"telecom-billing","timestamp":"2025-12-12 19:37:36"}
{"0":"C","1":"D","10":"g","11":" ","12":"u","13":"p","14":"d","15":"a","16":"t","17":"e","18":"d","2":"R","3":" ","4":"b","5":"i","6":"l","7":"l","8":"i","9":"n","level":"debug","message":"info","service":"telecom-billing","timestamp":"2025-12-12 19:37:36"}
{"0":"B","1":"a","10":"a","11":"n","12":"s","13":"a","14":"c","15":"t","16":"i","17":"o","18":"n","19":" ","2":"l","20":"r","21":"e","22":"c","23":"o","24":"r","25":"d","26":"e","27":"d","3":"a","4":"n","5":"c","6":"e","7":" ","8":"t","9":"r","level":"debug","message":"info","service":"telecom-billing","timestamp":"2025-12-12 19:37:36"}
{"0":"C","1":"D","10":"s","11":"e","12":"d","13":" ","14":"S","15":"u","16":"c","17":"c","18":"e","19":"s","2":"R","20":"s","21":"f","22":"u","23":"l","24":"l","25":"y","3":" ","4":"P","5":"r","6":"o","7":"c","8":"e","9":"s","level":"debug","message":"info","service":"telecom-billing","timestamp":"2025-12-12 19:37:36"}
{"0":"C","1":"u","10":"a","11":"l","12":"a","13":"n","14":"c","15":"e","16":" ","17":"u","18":"p","19":"d","2":"s","20":"a","21":"t","22":"e","23":"d","3":"t","4":"o","5":"m","6":"e","7":"r","8":" ","9":"b","level":"debug","message":"info","service":"telecom-billing","timestamp":"2025-12-12 19:37:36"}
{"0":"C","1":"D","10":"g","11":" ","12":"u","13":"p","14":"d","15":"a","16":"t","17":"e","18":"d","2":"R","3":" ","4":"b","5":"i","6":"l","7":"l","8":"i","9":"n","level":"debug","message":"info","service":"telecom-billing","timestamp":"2025-12-12 19:37:36"}
{"0":"B","1":"a","10":"a","11":"n","12":"s","13":"a","14":"c","15":"t","16":"i","17":"o","18":"n","19":" ","2":"l","20":"r","21":"e","22":"c","23":"o","24":"r","25":"d","26":"e","27":"d","3":"a","4":"n","5":"c","6":"e","7":" ","8":"t","9":"r","level":"debug","message":"info","service":"telecom-billing","timestamp":"2025-12-12 19:37:36"}
{"0":"C","1":"D","10":"s","11":"e","12":"d","13":" ","14":"S","15":"u","16":"c","17":"c","18":"e","19":"s","2":"R","20":"s","21":"f","22":"u","23":"l","24":"l","25":"y","3":" ","4":"P","5":"r","6":"o","7":"c","8":"e","9":"s","level":"debug","message":"info","service":"telecom-billing","timestamp":"2025-12-12 19:37:36"}
{"0":"C","1":"u","10":"a","11":"l","12":"a","13":"n","14":"c","15":"e","16":" ","17":"u","18":"p","19":"d","2":"s","20":"a","21":"t","22":"e","23":"d","3":"t","4":"o","5":"m","6":"e","7":"r","8":" ","9":"b","level":"debug","message":"info","service":"telecom-billing","timestamp":"2025-12-12 19:37:36"}
{"0":"C","1":"D","10":"g","11":" ","12":"u","13":"p","14":"d","15":"a","16":"t","17":"e","18":"d","2":"R","3":" ","4":"b","5":"i","6":"l","7":"l","8":"i","9":"n","level":"debug","message":"info","service":"telecom-billing","timestamp":"2025-12-12 19:37:36"}
{"0":"B","1":"a","10":"a","11":"n","12":"s","13":"a","14":"c","15":"t","16":"i","17":"o","18":"n","19":" ","2":"l","20":"r","21":"e","22":"c","23":"o","24":"r","25":"d","26":"e","27":"d","3":"a","4":"n","5":"c","6":"e","7":" ","8":"t","9":"r","level":"debug","message":"info","service":"telecom-billing","timestamp":"2025-12-12 19:37:36"}
{"0":"C","1":"D","10":"s","11":"e","12":"d","13":" ","14":"S","15":"u","16":"c","17":"c","18":"e","19":"s","2":"R","20":"s","21":"f","22":"u","23":"l","24":"l","25":"y","3":" ","4":"P","5":"r","6":"o","7":"c","8":"e","9":"s","level":"debug","message":"info","service":"telecom-billing","timestamp":"2025-12-12 19:37:36"}
{"0":"C","1":"u","10":"a","11":"l","12":"a","13":"n","14":"c","15":"e","16":" ","17":"u","18":"p","19":"d","2":"s","20":"a","21":"t","22":"e","23":"d","3":"t","4":"o","5":"m","6":"e","7":"r","8":" ","9":"b","level":"debug","message":"info","service":"telecom-billing","timestamp":"2025-12-12 19:37:36"}
{"0":"C","1":"D","10":"g","11":" ","12":"u","13":"p","14":"d","15":"a","16":"t","17":"e","18":"d","2":"R","3":" ","4":"b","5":"i","6":"l","7":"l","8":"i","9":"n","level":"debug","message":"info","service":"telecom-billing","timestamp":"2025-12-12 19:37:36"}
{"0":"B","1":"a","10":"a","11":"n","12":"s","13":"a","14":"c","15":"t","16":"i","17":"o","18":"n","19":" ","2":"l","20":"r","21":"e","22":"c","23":"o","24":"r","25":"d","26":"e","27":"d","3":"a","4":"n","5":"c","6":"e","7":" ","8":"t","9":"r","level":"debug","message":"info","service":"telecom-billing","timestamp":"2025-12-12 19:37:36"}
{"0":"C","1":"D","10":"s","11":"e","12":"d","13":" ","14":"S","15":"u","16":"c","17":"c","18":"e","19":"s","2":"R","20":"s","21":"f","22":"u","23":"l","24":"l","25":"y","3":" ","4":"P","5":"r","6":"o","7":"c","8":"e","9":"s","level":"debug","message":"info","service":"telecom-billing","timestamp":"2025-12-12 19:37:36"}
{"0":"C","1":"u","10":"a","11":"l","12":"a","13":"n","14":"c","15":"e","16":" ","17":"u","18":"p","19":"d","2":"s","20":"a","21":"t","22":"e","23":"d","3":"t","4":"o","5":"m","6":"e","7":"r","8":" ","9":"b","level":"debug","message":"info","service":"telecom-billing","timestamp":"2025-12-12 19:37:36"}
{"0":"C","1":"D","10":"g","11":" ","12":"u","13":"p","14":"d","15":"a","16":"t","17":"e","18":"d","2":"R","3":" ","4":"b","5":"i","6":"l","7":"l","8":"i","9":"n","level":"debug","message":"info","service":"telecom-billing","timestamp":"2025-12-12 19:37:36"}
{"0":"B","1":"a","10":"a","11":"n","12":"s","13":"a","14":"c","15":"t","16":"i","17":"o","18":"n","19":" ","2":"l","20":"r","21":"e","22":"c","23":"o","24":"r","25":"d","26":"e","27":"d","3":"a","4":"n","5":"c","6":"e","7":" ","8":"t","9":"r","level":"debug","message":"info","service":"telecom-billing","timestamp":"2025-12-12 19:37:36"}
{"0":"C","1":"D","10":"s","11":"e","12":"d","13":" ","14":"S","15":"u","16":"c","17":"c","18":"e","19":"s","2":"R","20":"s","21":"f","22":"u","23":"l","24":"l","25":"y","3":" ","4":"P","5":"r","6":"o","7":"c","8":"e","9":"s","level":"debug","message":"info","service":"telecom-billing","timestamp":"2025-12-12 19:37:36"}
{"0":"C","1":"u","10":"a","11":"l","12":"a","13":"n","14":"c","15":"e","16":" ","17":"u","18":"p","19":"d","2":"s","20":"a","21":"t","22":"e","23":"d","3":"t","4":"o","5":"m","6":"e","7":"r","8":" ","9":"b","level":"debug","message":"info","service":"telecom-billing","timestamp":"2025-12-12 19:37:36"}
{"0":"C","1":"D","10":"g","11":" ","12":"u","13":"p","14":"d","15":"a","16":"t","17":"e","18":"d","2":"R","3":" ","4":"b","5":"i","6":"l","7":"l","8":"i","9":"n","level":"debug","message":"info","service":"telecom-billing","timestamp":"2025-12-12 19:37:36"}
{"0":"B","1":"a","10":"a","11":"n","12":"s","13":"a","14":"c","15":"t","16":"i","17":"o","18":"n","19":" ","2":"l","20":"r","21":"e","22":"c","23":"o","24":"r","25":"d","26":"e","27":"d","3":"a","4":"n","5":"c","6":"e","7":" ","8":"t","9":"r","level":"debug","message":"info","service":"telecom-billing","timestamp":"2025-12-12 19:37:36"}
{"0":"C","1":"D","10":"s","11":"e","12":"d","13":" ","14":"S","15":"u","16":"c","17":"c","18":"e","19":"s","2":"R","20":"s","21":"f","22":"u","23":"l","24":"l","25":"y","3":" ","4":"P","5":"r","6":"o","7":"c","8":"e","9":"s","level":"debug","message":"info","service":"telecom-billing","timestamp":"2025-12-12 19:37:36"}
{"0":"C","1":"u","10":"a","11":"l","12":"a","13":"n","14":"c","15":"e","16":" ","17":"u","18":"p","19":"d","2":"s","20":"a","21":"t","22":"e","23":"d","3":"t","4":"o","5":"m","6":"e","7":"r","8":" ","9":"b","level":"debug","message":"info","service":"telecom-billing","timestamp":"2025-12-12 19:37:36"}
{"0":"C","1":"D","10":"g","11":" ","12":"u","13":"p","14":"d","15":"a","16":"t","17":"e","18":"d","2":"R","3":" ","4":"b","5":"i","6":"l","7":"l","8":"i","9":"n","level":"debug","message":"info","service":"telecom-billing","timestamp":"2025-12-12 19:37:36"}
{"0":"B","1":"a","10":"a","11":"n","12":"s","13":"a","14":"c","15":"t","16":"i","17":"o","18":"n","19":" ","2":"l","20":"r","21":"e","22":"c","23":"o","24":"r","25":"d","26":"e","27":"d","3":"a","4":"n","5":"c","6":"e","7":" ","8":"t","9":"r","level":"debug","message":"info","service":"telecom-billing","timestamp":"2025-12-12 19:37:36"}
{"0":"C","1":"D","10":"s","11":"e","12":"d","13":" ","14":"S","15":"u","16":"c","17":"c","18":"e","19":"s","2":"R","20":"s","21":"f","22":"u","23":"l","24":"l","25":"y","3":" ","4":"P","5":"r","6":"o","7":"c","8":"e","9":"s","level":"debug","message":"info","service":"telecom-billing","timestamp":"2025-12-12 19:37:36"}
{"0":"C","1":"u","10":"a","11":"l","12":"a","13":"n","14":"c","15":"e","16":" ","17":"u","18":"p","19":"d","2":"s","20":"a","21":"t","22":"e","23":"d","3":"t","4":"o","5":"m","6":"e","7":"r","8":" ","9":"b","level":"debug","message":"info","service":"telecom-billing","timestamp":"2025-12-12 19:37:36"}
{"0":"C","1":"D","10":"g","11":" ","12":"u","13":"p","14":"d","15":"a","16":"t","17":"e","18":"d","2":"R","3":" ","4":"b","5":"i","6":"l","7":"l","8":"i","9":"n","level":"debug","message":"info","service":"telecom-billing","timestamp":"2025-12-12 19:37:36"}
{"0":"B","1":"a","10":"a","11":"n","12":"s","13":"a","14":"c","15":"t","16":"i","17":"o","18":"n","19":" ","2":"l","20":"r","21":"e","22":"c","23":"o","24":"r","25":"d","26":"e","27":"d","3":"a","4":"n","5":"c","6":"e","7":" ","8":"t","9":"r","level":"debug","message":"info","service":"telecom-billing","timestamp":"2025-12-12 19:37:36"}
{"0":"C","1":"D","10":"s","11":"e","12":"d","13":" ","14":"S","15":"u","16":"c","17":"c","18":"e","19":"s","2":"R","20":"s","21":"f","22":"u","23":"l","24":"l","25":"y","3":" ","4":"P","5":"r","6":"o","7":"c","8":"e","9":"s","level":"debug","message":"info","service":"telecom-billing","timestamp":"2025-12-12 19:37:36"}
{"0":"C","1":"u","10":"a","11":"l","12":"a","13":"n","14":"c","15":"e","16":" ","17":"u","18":"p","19":"d","2":"s","20":"a","21":"t","22":"e","23":"d","3":"t","4":"o","5":"m","6":"e","7":"r","8":" ","9":"b","level":"debug","message":"info","service":"telecom-billing","timestamp":"2025-12-12 19:37:36"}
{"0":"C","1":"D","10":"g","11":" ","12":"u","13":"p","14":"d","15":"a","16":"t","17":"e","18":"d","2":"R","3":" ","4":"b","5":"i","6":"l","7":"l","8":"i","9":"n","level":"debug","message":"info","service":"telecom-billing","timestamp":"2025-12-12 19:37:36"}
{"0":"B","1":"a","10":"a","11":"n","12":"s","13":"a","14":"c","15":"t","16":"i","17":"o","18":"n","19":" ","2":"l","20":"r","21":"e","22":"c","23":"o","24":"r","25":"d","26":"e","27":"d","3":"a","4":"n","5":"c","6":"e","7":" ","8":"t","9":"r","level":"debug","message":"info","service":"telecom-billing","timestamp":"2025-12-12 19:37:36"}
{"0":"C","1":"D","10":"s","11":"e","12":"d","13":" ","14":"S","15":"u","16":"c","17":"c","18":"e","19":"s","2":"R","20":"s","21":"f","22":"u","23":"l","24":"l","25":"y","3":" ","4":"P","5":"r","6":"o","7":"c","8":"e","9":"s","level":"debug","message":"info","service":"telecom-billing","timestamp":"2025-12-12 19:37:36"}
{"0":"C","1":"u","10":"a","11":"l","12":"a","13":"n","14":"c","15":"e","16":" ","17":"u","18":"p","19":"d","2":"s","20":"a","21":"t","22":"e","23":"d","3":"t","4":"o","5":"m","6":"e","7":"r","8":" ","9":"b","level":"debug","message":"info","service":"telecom-billing","timestamp":"2025-12-12 19:37:36"}
{"0":"C","1":"D","10":"g","11":" ","12":"u","13":"p","14":"d","15":"a","16":"t","17":"e","18":"d","2":"R","3":" ","4":"b","5":"i","6":"l","7":"l","8":"i","9":"n","level":"debug","message":"info","service":"telecom-billing","timestamp":"2025-12-12 19:37:36"}
{"0":"B","1":"a","10":"a","11":"n","12":"s","13":"a","14":"c","15":"t","16":"i","17":"o","18":"n","19":" ","2":"l","20":"r","21":"e","22":"c","23":"o","24":"r","25":"d","26":"e","27":"d","3":"a","4":"n","5":"c","6":"e","7":" ","8":"t","9":"r","level":"debug","message":"info","service":"telecom-billing","timestamp":"2025-12-12 19:37:36"}
{"0":"C","1":"D","10":"s","11":"e","12":"d","13":" ","14":"S","15":"u","16":"c","17":"c","18":"e","19":"s","2":"R","20":"s","21":"f","22":"u","23":"l","24":"l","25":"y","3":" ","4":"P","5":"r","6":"o","7":"c","8":"e","9":"s","level":"debug","message":"info","service":"telecom-billing","timestamp":"2025-12-12 19:37:36"}
{"0":"C","1":"u","10":"a","11":"l","12":"a","13":"n","14":"c","15":"e","16":" ","17":"u","18":"p","19":"d","2":"s","20":"a","21":"t","22":"e","23":"d","3":"t","4":"o","5":"m","6":"e","7":"r","8":" ","9":"b","level":"debug","message":"info","service":"telecom-billing","timestamp":"2025-12-12 19:37:36"}
{"0":"C","1":"D","10":"g","11":" ","12":"u","13":"p","14":"d","15":"a","16":"t","17":"e","18":"d","2":"R","3":" ","4":"b","5":"i","6":"l","7":"l","8":"i","9":"n","level":"debug","message":"info","service":"telecom-billing","timestamp":"2025-12-12 19:37:36"}
{"0":"B","1":"a","10":"a","11":"n","12":"s","13":"a","14":"c","15":"t","16":"i","17":"o","18":"n","19":" ","2":"l","20":"r","21":"e","22":"c","23":"o","24":"r","25":"d","26":"e","27":"d","3":"a","4":"n","5":"c","6":"e","7":" ","8":"t","9":"r","level":"debug","message":"info","service":"telecom-billing","timestamp":"2025-12-12 19:37:36"}
{"0":"C","1":"D","10":"s","11":"e","12":"d","13":" ","14":"S","15":"u","16":"c","17":"c","18":"e","19":"s","2":"R","20":"s","21":"f","22":"u","23":"l","24":"l","25":"y","3":" ","4":"P","5":"r","6":"o","7":"c","8":"e","9":"s","level":"debug","message":"info","service":"telecom-billing","timestamp":"2025-12-12 19:37:36"}
{"0":"C","1":"u","10":"a","11":"l","12":"a","13":"n","14":"c","15":"e","16":" ","17":"u","18":"p","19":"d","2":"s","20":"a","21":"t","22":"e","23":"d","3":"t","4":"o","5":"m","6":"e","7":"r","8":" ","9":"b","level":"debug","message":"info","service":"telecom-billing","timestamp":"2025-12-12 19:37:36"}
{"0":"C","1":"D","10":"g","11":" ","12":"u","13":"p","14":"d","15":"a","16":"t","17":"e","18":"d","2":"R","3":" ","4":"b","5":"i","6":"l","7":"l","8":"i","9":"n","level":"debug","message":"info","service":"telecom-billing","timestamp":"2025-12-12 19:37:36"}
{"0":"B","1":"a","10":"a","11":"n","12":"s","13":"a","14":"c","15":"t","16":"i","17":"o","18":"n","19":" ","2":"l","20":"r","21":"e","22":"c","23":"o","24":"r","25":"d","26":"e","27":"d","3":"a","4":"n","5":"c","6":"e","7":" ","8":"t","9":"r","level":"debug","message":"info","service":"telecom-billing","timestamp":"2025-12-12 19:37:36"}
{"0":"C","1":"D","10":"s","11":"e","12":"d","13":" ","14":"S","15":"u","16":"c","17":"c","18":"e","19":"s","2":"R","20":"s","21":"f","22":"u","23":"l","24":"l","25":"y","3":" ","4":"P","5":"r","6":"o","7":"c","8":"e","9":"s","level":"debug","message":"info","service":"telecom-billing","timestamp":"2025-12-12 19:37:36"}
{"0":"C","1":"u","10":"a","11":"l","12":"a","13":"n","14":"c","15":"e","16":" ","17":"u","18":"p","19":"d","2":"s","20":"a","21":"t","22":"e","23":"d","3":"t","4":"o","5":"m","6":"e","7":"r","8":" ","9":"b","level":"debug","message":"info","service":"telecom-billing","timestamp":"2025-12-12 19:37:36"}
{"0":"C","1":"D","10":"g","11":" ","12":"u","13":"p","14":"d","15":"a","16":"t","17":"e","18":"d","2":"R","3":" ","4":"b","5":"i","6":"l","7":"l","8":"i","9":"n","level":"debug","message":"info","service":"telecom-billing","timestamp":"2025-12-12 19:37:36"}
{"0":"B","1":"a","10":"a","11":"n","12":"s","13":"a","14":"c","15":"t","16":"i","17":"o","18":"n","19":" ","2":"l","20":"r","21":"e","22":"c","23":"o","24":"r","25":"d","26":"e","27":"d","3":"a","4":"n","5":"c","6":"e","7":" ","8":"t","9":"r","level":"debug","message":"info","service":"telecom-billing","timestamp":"2025-12-12 19:37:36"}
{"0":"C","1":"D","10":"s","11":"e","12":"d","13":" ","14":"S","15":"u","16":"c","17":"c","18":"e","19":"s","2":"R","20":"s","21":"f","22":"u","23":"l","24":"l","25":"y","3":" ","4":"P","5":"r","6":"o","7":"c","8":"e","9":"s","level":"debug","message":"info","service":"telecom-billing","timestamp":"2025-12-12 19:37:36"}
{"0":"C","1":"u","10":"a","11":"l","12":"a","13":"n","14":"c","15":"e","16":" ","17":"u","18":"p","19":"d","2":"s","20":"a","21":"t","22":"e","23":"d","3":"t","4":"o","5":"m","6":"e","7":"r","8":" ","9":"b","level":"debug","message":"info","service":"telecom-billing","timestamp":"2025-12-12 19:37:36"}
{"0":"C","1":"D","10":"g","11":" ","12":"u","13":"p","14":"d","15":"a","16":"t","17":"e","18":"d","2":"R","3":" ","4":"b","5":"i","6":"l","7":"l","8":"i","9":"n","level":"debug","message":"info","service":"telecom-billing","timestamp":"2025-12-12 19:37:36"}
{"0":"B","1":"a","10":"a","11":"n","12":"s","13":"a","14":"c","15":"t","16":"i","17":"o","18":"n","19":" ","2":"l","20":"r","21":"e","22":"c","23":"o","24":"r","25":"d","26":"e","27":"d","3":"a","4":"n","5":"c","6":"e","7":" ","8":"t","9":"r","level":"debug","message":"info","service":"telecom-billing","timestamp":"2025-12-12 19:37:36"}
{"0":"C","1":"D","10":"s","11":"e","12":"d","13":" ","14":"S","15":"u","16":"c","17":"c","18":"e","19":"s","2":"R","20":"s","21":"f","22":"u","23":"l","24":"l","25":"y","3":" ","4":"P","5":"r","6":"o","7":"c","8":"e","9":"s","level":"debug","message":"info","service":"telecom-billing","timestamp":"2025-12-12 19:37:36"}
{"0":"C","1":"u","10":"a","11":"l","12":"a","13":"n","14":"c","15":"e","16":" ","17":"u","18":"p","19":"d","2":"s","20":"a","21":"t","22":"e","23":"d","3":"t","4":"o","5":"m","6":"e","7":"r","8":" ","9":"b","level":"debug","message":"info","service":"telecom-billing","timestamp":"2025-12-12 19:37:36"}
{"0":"C","1":"D","10":"g","11":" ","12":"u","13":"p","14":"d","15":"a","16":"t","17":"e","18":"d","2":"R","3":" ","4":"b","5":"i","6":"l","7":"l","8":"i","9":"n","level":"debug","message":"info","service":"telecom-billing","timestamp":"2025-12-12 19:37:36"}
{"0":"B","1":"a","10":"a","11":"n","12":"s","13":"a","14":"c","15":"t","16":"i","17":"o","18":"n","19":" ","2":"l","20":"r","21":"e","22":"c","23":"o","24":"r","25":"d","26":"e","27":"d","3":"a","4":"n","5":"c","6":"e","7":" ","8":"t","9":"r","level":"debug","message":"info","service":"telecom-billing","timestamp":"2025-12-12 19:37:36"}
{"0":"C","1":"D","10":"s","11":"e","12":"d","13":" ","14":"S","15":"u","16":"c","17":"c","18":"e","19":"s","2":"R","20":"s","21":"f","22":"u","23":"l","24":"l","25":"y","3":" ","4":"P","5":"r","6":"o","7":"c","8":"e","9":"s","level":"debug","message":"info","service":"telecom-billing","timestamp":"2025-12-12 19:37:36"}
{"0":"C","1":"u","10":"a","11":"l","12":"a","13":"n","14":"c","15":"e","16":" ","17":"u","18":"p","19":"d","2":"s","20":"a","21":"t","22":"e","23":"d","3":"t","4":"o","5":"m","6":"e","7":"r","8":" ","9":"b","level":"debug","message":"info","service":"telecom-billing","timestamp":"2025-12-12 19:37:36"}
{"0":"C","1":"D","10":"g","11":" ","12":"u","13":"p","14":"d","15":"a","16":"t","17":"e","18":"d","2":"R","3":" ","4":"b","5":"i","6":"l","7":"l","8":"i","9":"n","level":"debug","message":"info","service":"telecom-billing","timestamp":"2025-12-12 19:37:36"}
{"0":"B","1":"a","10":"a","11":"n","12":"s","13":"a","14":"c","15":"t","16":"i","17":"o","18":"n","19":" ","2":"l","20":"r","21":"e","22":"c","23":"o","24":"r","25":"d","26":"e","27":"d","3":"a","4":"n","5":"c","6":"e","7":" ","8":"t","9":"r","level":"debug","message":"info","service":"telecom-billing","timestamp":"2025-12-12 19:37:36"}
{"0":"C","1":"D","10":"s","11":"e","12":"d","13":" ","14":"S","15":"u","16":"c","17":"c","18":"e","19":"s","2":"R","20":"s","21":"f","22":"u","23":"l","24":"l","25":"y","3":" ","4":"P","5":"r","6":"o","7":"c","8":"e","9":"s","level":"debug","message":"info","service":"telecom-billing","timestamp":"2025-12-12 19:37:36"}
{"0":"C","1":"u","10":"a","11":"l","12":"a","13":"n","14":"c","15":"e","16":" ","17":"u","18":"p","19":"d","2":"s","20":"a","21":"t","22":"e","23":"d","3":"t","4":"o","5":"m","6":"e","7":"r","8":" ","9":"b","level":"debug","message":"info","service":"telecom-billing","timestamp":"2025-12-12 19:37:36"}
{"0":"C","1":"D","10":"g","11":" ","12":"u","13":"p","14":"d","15":"a","16":"t","17":"e","18":"d","2":"R","3":" ","4":"b","5":"i","6":"l","7":"l","8":"i","9":"n","level":"debug","message":"info","service":"telecom-billing","timestamp":"2025-12-12 19:37:36"}
{"0":"B","1":"a","10":"a","11":"n","12":"s","13":"a","14":"c","15":"t","16":"i","17":"o","18":"n","19":" ","2":"l","20":"r","21":"e","22":"c","23":"o","24":"r","25":"d","26":"e","27":"d","3":"a","4":"n","5":"c","6":"e","7":" ","8":"t","9":"r","level":"debug","message":"info","service":"telecom-billing","timestamp":"2025-12-12 19:37:36"}
{"0":"C","1":"D","10":"s","11":"e","12":"d","13":" ","14":"S","15":"u","16":"c","17":"c","18":"e","19":"s","2":"R","20":"s","21":"f","22":"u","23":"l","24":"l","25":"y","3":" ","4":"P","5":"r","6":"o","7":"c","8":"e","9":"s","level":"debug","message":"info","service":"telecom-billing","timestamp":"2025-12-12 19:37:36"}
{"0":"C","1":"u","10":"a","11":"l","12":"a","13":"n","14":"c","15":"e","16":" ","17":"u","18":"p","19":"d","2":"s","20":"a","21":"t","22":"e","23":"d","3":"t","4":"o","5":"m","6":"e","7":"r","8":" ","9":"b","level":"debug","message":"info","service":"telecom-billing","timestamp":"2025-12-12 19:37:36"}
{"0":"C","1":"D","10":"g","11":" ","12":"u","13":"p","14":"d","15":"a","16":"t","17":"e","18":"d","2":"R","3":" ","4":"b","5":"i","6":"l","7":"l","8":"i","9":"n","level":"debug","message":"info","service":"telecom-billing","timestamp":"2025-12-12 19:37:36"}
{"0":"B","1":"a","10":"a","11":"n","12":"s","13":"a","14":"c","15":"t","16":"i","17":"o","18":"n","19":" ","2":"l","20":"r","21":"e","22":"c","23":"o","24":"r","25":"d","26":"e","27":"d","3":"a","4":"n","5":"c","6":"e","7":" ","8":"t","9":"r","level":"debug","message":"info","service":"telecom-billing","timestamp":"2025-12-12 19:37:36"}
{"0":"C","1":"D","10":"s","11":"e","12":"d","13":" ","14":"S","15":"u","16":"c","17":"c","18":"e","19":"s","2":"R","20":"s","21":"f","22":"u","23":"l","24":"l","25":"y","3":" ","4":"P","5":"r","6":"o","7":"c","8":"e","9":"s","level":"debug","message":"info","service":"telecom-billing","timestamp":"2025-12-12 19:37:36"}
{"0":"C","1":"u","10":"a","11":"l","12":"a","13":"n","14":"c","15":"e","16":" ","17":"u","18":"p","19":"d","2":"s","20":"a","21":"t","22":"e","23":"d","3":"t","4":"o","5":"m","6":"e","7":"r","8":" ","9":"b","level":"debug","message":"info","service":"telecom-billing","timestamp":"2025-12-12 19:37:36"}
{"0":"C","1":"D","10":"g","11":" ","12":"u","13":"p","14":"d","15":"a","16":"t","17":"e","18":"d","2":"R","3":" ","4":"b","5":"i","6":"l","7":"l","8":"i","9":"n","level":"debug","message":"info","service":"telecom-billing","timestamp":"2025-12-12 19:37:36"}
{"0":"B","1":"a","10":"a","11":"n","12":"s","13":"a","14":"c","15":"t","16":"i","17":"o","18":"n","19":" ","2":"l","20":"r","21":"e","22":"c","23":"o","24":"r","25":"d","26":"e","27":"d","3":"a","4":"n","5":"c","6":"e","7":" ","8":"t","9":"r","level":"debug","message":"info","service":"telecom-billing","timestamp":"2025-12-12 19:37:36"}
{"0":"C","1":"D","10":"s","11":"e","12":"d","13":" ","14":"S","15":"u","16":"c","17":"c","18":"e","19":"s","2":"R","20":"s","21":"f","22":"u","23":"l","24":"l","25":"y","3":" ","4":"P","5":"r","6":"o","7":"c","8":"e","9":"s","level":"debug","message":"info","service":"telecom-billing","timestamp":"2025-12-12 19:37:36"}
{"0":"C","1":"u","10":"a","11":"l","12":"a","13":"n","14":"c","15":"e","16":" ","17":"u","18":"p","19":"d","2":"s","20":"a","21":"t","22":"e","23":"d","3":"t","4":"o","5":"m","6":"e","7":"r","8":" ","9":"b","level":"debug","message":"info","service":"telecom-billing","timestamp":"2025-12-12 19:37:36"}
{"0":"C","1":"D","10":"g","11":" ","12":"u","13":"p","14":"d","15":"a","16":"t","17":"e","18":"d","2":"R","3":" ","4":"b","5":"i","6":"l","7":"l","8":"i","9":"n","level":"debug","message":"info","service":"telecom-billing","timestamp":"2025-12-12 19:37:36"}
{"0":"B","1":"a","10":"a","11":"n","12":"s","13":"a","14":"c","15":"t","16":"i","17":"o","18":"n","19":" ","2":"l","20":"r","21":"e","22":"c","23":"o","24":"r","25":"d","26":"e","27":"d","3":"a","4":"n","5":"c","6":"e","7":" ","8":"t","9":"r","level":"debug","message":"info","service":"telecom-billing","timestamp":"2025-12-12 19:37:36"}
{"0":"C","1":"D","10":"s","11":"e","12":"d","13":" ","14":"S","15":"u","16":"c","17":"c","18":"e","19":"s","2":"R","20":"s","21":"f","22":"u","23":"l","24":"l","25":"y","3":" ","4":"P","5":"r","6":"o","7":"c","8":"e","9":"s","level":"debug","message":"info","service":"telecom-billing","timestamp":"2025-12-12 19:37:36"}
{"0":"C","1":"u","10":"a","11":"l","12":"a","13":"n","14":"c","15":"e","16":" ","17":"u","18":"p","19":"d","2":"s","20":"a","21":"t","22":"e","23":"d","3":"t","4":"o","5":"m","6":"e","7":"r","8":" ","9":"b","level":"debug","message":"info","service":"telecom-billing","timestamp":"2025-12-12 19:37:36"}
{"0":"C","1":"D","10":"g","11":" ","12":"u","13":"p","14":"d","15":"a","16":"t","17":"e","18":"d","2":"R","3":" ","4":"b","5":"i","6":"l","7":"l","8":"i","9":"n","level":"debug","message":"info","service":"telecom-billing","timestamp":"2025-12-12 19:37:36"}
{"0":"B","1":"a","10":"a","11":"n","12":"s","13":"a","14":"c","15":"t","16":"i","17":"o","18":"n","19":" ","2":"l","20":"r","21":"e","22":"c","23":"o","24":"r","25":"d","26":"e","27":"d","3":"a","4":"n","5":"c","6":"e","7":" ","8":"t","9":"r","level":"debug","message":"info","service":"telecom-billing","timestamp":"2025-12-12 19:37:36"}
{"0":"C","1":"D","10":"s","11":"e","12":"d","13":" ","14":"S","15":"u","16":"c","17":"c","18":"e","19":"s","2":"R","20":"s","21":"f","22":"u","23":"l","24":"l","25":"y","3":" ","4":"P","5":"r","6":"o","7":"c","8":"e","9":"s","level":"debug","message":"info","service":"telecom-billing","timestamp":"2025-12-12 19:37:36"}
{"0":"C","1":"u","10":"a","11":"l","12":"a","13":"n","14":"c","15":"e","16":" ","17":"u","18":"p","19":"d","2":"s","20":"a","21":"t","22":"e","23":"d","3":"t","4":"o","5":"m","6":"e","7":"r","8":" ","9":"b","level":"debug","message":"info","service":"telecom-billing","timestamp":"2025-12-12 19:37:36"}
{"0":"C","1":"D","10":"g","11":" ","12":"u","13":"p","14":"d","15":"a","16":"t","17":"e","18":"d","2":"R","3":" ","4":"b","5":"i","6":"l","7":"l","8":"i","9":"n","level":"debug","message":"info","service":"telecom-billing","timestamp":"2025-12-12 19:37:36"}
{"0":"B","1":"a","10":"a","11":"n","12":"s","13":"a","14":"c","15":"t","16":"i","17":"o","18":"n","19":" ","2":"l","20":"r","21":"e","22":"c","23":"o","24":"r","25":"d","26":"e","27":"d","3":"a","4":"n","5":"c","6":"e","7":" ","8":"t","9":"r","level":"debug","message":"info","service":"telecom-billing","timestamp":"2025-12-12 19:37:36"}
{"0":"C","1":"D","10":"s","11":"e","12":"d","13":" ","14":"S","15":"u","16":"c","17":"c","18":"e","19":"s","2":"R","20":"s","21":"f","22":"u","23":"l","24":"l","25":"y","3":" ","4":"P","5":"r","6":"o","7":"c","8":"e","9":"s","level":"debug","message":"info","service":"telecom-billing","timestamp":"2025-12-12 19:37:36"}
{"0":"C","1":"u","10":"a","11":"l","12":"a","13":"n","14":"c","15":"e","16":" ","17":"u","18":"p","19":"d","2":"s","20":"a","21":"t","22":"e","23":"d","3":"t","4":"o","5":"m","6":"e","7":"r","8":" ","9":"b","level":"debug","message":"info","service":"telecom-billing","timestamp":"2025-12-12 19:37:36"}
{"0":"C","1":"D","10":"g","11":" ","12":"u","13":"p","14":"d","15":"a","16":"t","17":"e","18":"d","2":"R","3":" ","4":"b","5":"i","6":"l","7":"l","8":"i","9":"n","level":"debug","message":"info","service":"telecom-billing","timestamp":"2025-12-12 19:37:36"}
{"0":"B","1":"a","10":"a","11":"n","12":"s","13":"a","14":"c","15":"t","16":"i","17":"o","18":"n","19":" ","2":"l","20":"r","21":"e","22":"c","23":"o","24":"r","25":"d","26":"e","27":"d","3":"a","4":"n","5":"c","6":"e","7":" ","8":"t","9":"r","level":"debug","message":"info","service":"telecom-billing","timestamp":"2025-12-12 19:37:36"}
{"0":"C","1":"D","10":"s","11":"e","12":"d","13":" ","14":"S","15":"u","16":"c","17":"c","18":"e","19":"s","2":"R","20":"s","21":"f","22":"u","23":"l","24":"l","25":"y","3":" ","4":"P","5":"r","6":"o","7":"c","8":"e","9":"s","level":"debug","message":"info","service":"telecom-billing","timestamp":"2025-12-12 19:37:36"}
{"0":"C","1":"u","10":"a","11":"l","12":"a","13":"n","14":"c","15":"e","16":" ","17":"u","18":"p","19":"d","2":"s","20":"a","21":"t","22":"e","23":"d","3":"t","4":"o","5":"m","6":"e","7":"r","8":" ","9":"b","level":"debug","message":"info","service":"telecom-billing","timestamp":"2025-12-12 19:37:36"}
{"0":"C","1":"D","10":"g","11":" ","12":"u","13":"p","14":"d","15":"a","16":"t","17":"e","18":"d","2":"R","3":" ","4":"b","5":"i","6":"l","7":"l","8":"i","9":"n","level":"debug","message":"info","service":"telecom-billing","timestamp":"2025-12-12 19:37:36"}
{"0":"B","1":"a","10":"a","11":"n","12":"s","13":"a","14":"c","15":"t","16":"i","17":"o","18":"n","19":" ","2":"l","20":"r","21":"e","22":"c","23":"o","24":"r","25":"d","26":"e","27":"d","3":"a","4":"n","5":"c","6":"e","7":" ","8":"t","9":"r","level":"debug","message":"info","service":"telecom-billing","timestamp":"2025-12-12 19:37:36"}
{"0":"C","1":"D","10":"s","11":"e","12":"d","13":" ","14":"S","15":"u","16":"c","17":"c","18":"e","19":"s","2":"R","20":"s","21":"f","22":"u","23":"l","24":"l","25":"y","3":" ","4":"P","5":"r","6":"o","7":"c","8":"e","9":"s","level":"debug","message":"info","service":"telecom-billing","timestamp":"2025-12-12 19:37:36"}
{"0":"C","1":"u","10":"a","11":"l","12":"a","13":"n","14":"c","15":"e","16":" ","17":"u","18":"p","19":"d","2":"s","20":"a","21":"t","22":"e","23":"d","3":"t","4":"o","5":"m","6":"e","7":"r","8":" ","9":"b","level":"debug","message":"info","service":"telecom-billing","timestamp":"2025-12-12 19:37:36"}
{"0":"C","1":"D","10":"g","11":" ","12":"u","13":"p","14":"d","15":"a","16":"t","17":"e","18":"d","2":"R","3":" ","4":"b","5":"i","6":"l","7":"l","8":"i","9":"n","level":"debug","message":"info","service":"telecom-billing","timestamp":"2025-12-12 19:37:36"}
{"0":"B","1":"a","10":"a","11":"n","12":"s","13":"a","14":"c","15":"t","16":"i","17":"o","18":"n","19":" ","2":"l","20":"r","21":"e","22":"c","23":"o","24":"r","25":"d","26":"e","27":"d","3":"a","4":"n","5":"c","6":"e","7":" ","8":"t","9":"r","level":"debug","message":"info","service":"telecom-billing","timestamp":"2025-12-12 19:37:36"}
{"0":"C","1":"D","10":"s","11":"e","12":"d","13":" ","14":"S","15":"u","16":"c","17":"c","18":"e","19":"s","2":"R","20":"s","21":"f","22":"u","23":"l","24":"l","25":"y","3":" ","4":"P","5":"r","6":"o","7":"c","8":"e","9":"s","level":"debug","message":"info","service":"telecom-billing","timestamp":"2025-12-12 19:37:36"}
{"0":"C","1":"u","10":"a","11":"l","12":"a","13":"n","14":"c","15":"e","16":" ","17":"u","18":"p","19":"d","2":"s","20":"a","21":"t","22":"e","23":"d","3":"t","4":"o","5":"m","6":"e","7":"r","8":" ","9":"b","level":"debug","message":"info","service":"telecom-billing","timestamp":"2025-12-12 19:37:36"}
{"0":"C","1":"D","10":"g","11":" ","12":"u","13":"p","14":"d","15":"a","16":"t","17":"e","18":"d","2":"R","3":" ","4":"b","5":"i","6":"l","7":"l","8":"i","9":"n","level":"debug","message":"info","service":"telecom-billing","timestamp":"2025-12-12 19:37:36"}
{"0":"B","1":"a","10":"a","11":"n","12":"s","13":"a","14":"c","15":"t","16":"i","17":"o","18":"n","19":" ","2":"l","20":"r","21":"e","22":"c","23":"o","24":"r","25":"d","26":"e","27":"d","3":"a","4":"n","5":"c","6":"e","7":" ","8":"t","9":"r","level":"debug","message":"info","service":"telecom-billing","timestamp":"2025-12-12 19:37:36"}
{"0":"C","1":"D","10":"s","11":"e","12":"d","13":" ","14":"S","15":"u","16":"c","17":"c","18":"e","19":"s","2":"R","20":"s","21":"f","22":"u","23":"l","24":"l","25":"y","3":" ","4":"P","5":"r","6":"o","7":"c","8":"e","9":"s","level":"debug","message":"info","service":"telecom-billing","timestamp":"2025-12-12 19:37:36"}
{"0":"C","1":"u","10":"a","11":"l","12":"a","13":"n","14":"c","15":"e","16":" ","17":"u","18":"p","19":"d","2":"s","20":"a","21":"t","22":"e","23":"d","3":"t","4":"o","5":"m","6":"e","7":"r","8":" ","9":"b","level":"debug","message":"info","service":"telecom-billing","timestamp":"2025-12-12 19:37:37"}
{"0":"C","1":"D","10":"g","11":" ","12":"u","13":"p","14":"d","15":"a","16":"t","17":"e","18":"d","2":"R","3":" ","4":"b","5":"i","6":"l","7":"l","8":"i","9":"n","level":"debug","message":"info","service":"telecom-billing","timestamp":"2025-12-12 19:37:37"}
{"0":"B","1":"a","10":"a","11":"n","12":"s","13":"a","14":"c","15":"t","16":"i","17":"o","18":"n","19":" ","2":"l","20":"r","21":"e","22":"c","23":"o","24":"r","25":"d","26":"e","27":"d","3":"a","4":"n","5":"c","6":"e","7":" ","8":"t","9":"r","level":"debug","message":"info","service":"telecom-billing","timestamp":"2025-12-12 19:37:37"}
{"0":"C","1":"D","10":"s","11":"e","12":"d","13":" ","14":"S","15":"u","16":"c","17":"c","18":"e","19":"s","2":"R","20":"s","21":"f","22":"u","23":"l","24":"l","25":"y","3":" ","4":"P","5":"r","6":"o","7":"c","8":"e","9":"s","level":"debug","message":"info","service":"telecom-billing","timestamp":"2025-12-12 19:37:37"}
{"0":"C","1":"u","10":"a","11":"l","12":"a","13":"n","14":"c","15":"e","16":" ","17":"u","18":"p","19":"d","2":"s","20":"a","21":"t","22":"e","23":"d","3":"t","4":"o","5":"m","6":"e","7":"r","8":" ","9":"b","level":"debug","message":"info","service":"telecom-billing","timestamp":"2025-12-12 19:37:37"}
{"0":"C","1":"D","10":"g","11":" ","12":"u","13":"p","14":"d","15":"a","16":"t","17":"e","18":"d","2":"R","3":" ","4":"b","5":"i","6":"l","7":"l","8":"i","9":"n","level":"debug","message":"info","service":"telecom-billing","timestamp":"2025-12-12 19:37:37"}
{"0":"B","1":"a","10":"a","11":"n","12":"s","13":"a","14":"c","15":"t","16":"i","17":"o","18":"n","19":" ","2":"l","20":"r","21":"e","22":"c","23":"o","24":"r","25":"d","26":"e","27":"d","3":"a","4":"n","5":"c","6":"e","7":" ","8":"t","9":"r","level":"debug","message":"info","service":"telecom-billing","timestamp":"2025-12-12 19:37:37"}
{"0":"C","1":"D","10":"s","11":"e","12":"d","13":" ","14":"S","15":"u","16":"c","17":"c","18":"e","19":"s","2":"R","20":"s","21":"f","22":"u","23":"l","24":"l","25":"y","3":" ","4":"P","5":"r","6":"o","7":"c","8":"e","9":"s","level":"debug","message":"info","service":"telecom-billing","timestamp":"2025-12-12 19:37:37"}
{"0":"C","1":"u","10":"a","11":"l","12":"a","13":"n","14":"c","15":"e","16":" ","17":"u","18":"p","19":"d","2":"s","20":"a","21":"t","22":"e","23":"d","3":"t","4":"o","5":"m","6":"e","7":"r","8":" ","9":"b","level":"debug","message":"info","service":"telecom-billing","timestamp":"2025-12-12 19:37:37"}
{"0":"C","1":"D","10":"g","11":" ","12":"u","13":"p","14":"d","15":"a","16":"t","17":"e","18":"d","2":"R","3":" ","4":"b","5":"i","6":"l","7":"l","8":"i","9":"n","level":"debug","message":"info","service":"telecom-billing","timestamp":"2025-12-12 19:37:37"}
{"0":"B","1":"a","10":"a","11":"n","12":"s","13":"a","14":"c","15":"t","16":"i","17":"o","18":"n","19":" ","2":"l","20":"r","21":"e","22":"c","23":"o","24":"r","25":"d","26":"e","27":"d","3":"a","4":"n","5":"c","6":"e","7":" ","8":"t","9":"r","level":"debug","message":"info","service":"telecom-billing","timestamp":"2025-12-12 19:37:37"}
{"0":"C","1":"D","10":"s","11":"e","12":"d","13":" ","14":"S","15":"u","16":"c","17":"c","18":"e","19":"s","2":"R","20":"s","21":"f","22":"u","23":"l","24":"l","25":"y","3":" ","4":"P","5":"r","6":"o","7":"c","8":"e","9":"s","level":"debug","message":"info","service":"telecom-billing","timestamp":"2025-12-12 19:37:37"}
{"0":"C","1":"u","10":"a","11":"l","12":"a","13":"n","14":"c","15":"e","16":" ","17":"u","18":"p","19":"d","2":"s","20":"a","21":"t","22":"e","23":"d","3":"t","4":"o","5":"m","6":"e","7":"r","8":" ","9":"b","level":"debug","message":"info","service":"telecom-billing","timestamp":"2025-12-12 19:37:37"}
{"0":"C","1":"D","10":"g","11":" ","12":"u","13":"p","14":"d","15":"a","16":"t","17":"e","18":"d","2":"R","3":" ","4":"b","5":"i","6":"l","7":"l","8":"i","9":"n","level":"debug","message":"info","service":"telecom-billing","timestamp":"2025-12-12 19:37:37"}
{"0":"B","1":"a","10":"a","11":"n","12":"s","13":"a","14":"c","15":"t","16":"i","17":"o","18":"n","19":" ","2":"l","20":"r","21":"e","22":"c","23":"o","24":"r","25":"d","26":"e","27":"d","3":"a","4":"n","5":"c","6":"e","7":" ","8":"t","9":"r","level":"debug","message":"info","service":"telecom-billing","timestamp":"2025-12-12 19:37:37"}
{"0":"C","1":"D","10":"s","11":"e","12":"d","13":" ","14":"S","15":"u","16":"c","17":"c","18":"e","19":"s","2":"R","20":"s","21":"f","22":"u","23":"l","24":"l","25":"y","3":" ","4":"P","5":"r","6":"o","7":"c","8":"e","9":"s","level":"debug","message":"info","service":"telecom-billing","timestamp":"2025-12-12 19:37:37"}
{"0":"C","1":"u","10":"a","11":"l","12":"a","13":"n","14":"c","15":"e","16":" ","17":"u","18":"p","19":"d","2":"s","20":"a","21":"t","22":"e","23":"d","3":"t","4":"o","5":"m","6":"e","7":"r","8":" ","9":"b","level":"debug","message":"info","service":"telecom-billing","timestamp":"2025-12-12 19:37:37"}
{"0":"C","1":"D","10":"g","11":" ","12":"u","13":"p","14":"d","15":"a","16":"t","17":"e","18":"d","2":"R","3":" ","4":"b","5":"i","6":"l","7":"l","8":"i","9":"n","level":"debug","message":"info","service":"telecom-billing","timestamp":"2025-12-12 19:37:37"}
{"0":"B","1":"a","10":"a","11":"n","12":"s","13":"a","14":"c","15":"t","16":"i","17":"o","18":"n","19":" ","2":"l","20":"r","21":"e","22":"c","23":"o","24":"r","25":"d","26":"e","27":"d","3":"a","4":"n","5":"c","6":"e","7":" ","8":"t","9":"r","level":"debug","message":"info","service":"telecom-billing","timestamp":"2025-12-12 19:37:37"}
{"0":"C","1":"D","10":"s","11":"e","12":"d","13":" ","14":"S","15":"u","16":"c","17":"c","18":"e","19":"s","2":"R","20":"s","21":"f","22":"u","23":"l","24":"l","25":"y","3":" ","4":"P","5":"r","6":"o","7":"c","8":"e","9":"s","level":"debug","message":"info","service":"telecom-billing","timestamp":"2025-12-12 19:37:37"}
{"0":"C","1":"u","10":"a","11":"l","12":"a","13":"n","14":"c","15":"e","16":" ","17":"u","18":"p","19":"d","2":"s","20":"a","21":"t","22":"e","23":"d","3":"t","4":"o","5":"m","6":"e","7":"r","8":" ","9":"b","level":"debug","message":"info","service":"telecom-billing","timestamp":"2025-12-12 19:37:37"}
{"0":"C","1":"D","10":"g","11":" ","12":"u","13":"p","14":"d","15":"a","16":"t","17":"e","18":"d","2":"R","3":" ","4":"b","5":"i","6":"l","7":"l","8":"i","9":"n","level":"debug","message":"info","service":"telecom-billing","timestamp":"2025-12-12 19:37:37"}
{"0":"B","1":"a","10":"a","11":"n","12":"s","13":"a","14":"c","15":"t","16":"i","17":"o","18":"n","19":" ","2":"l","20":"r","21":"e","22":"c","23":"o","24":"r","25":"d","26":"e","27":"d","3":"a","4":"n","5":"c","6":"e","7":" ","8":"t","9":"r","level":"debug","message":"info","service":"telecom-billing","timestamp":"2025-12-12 19:37:37"}
{"0":"C","1":"D","10":"s","11":"e","12":"d","13":" ","14":"S","15":"u","16":"c","17":"c","18":"e","19":"s","2":"R","20":"s","21":"f","22":"u","23":"l","24":"l","25":"y","3":" ","4":"P","5":"r","6":"o","7":"c","8":"e","9":"s","level":"debug","message":"info","service":"telecom-billing","timestamp":"2025-12-12 19:37:37"}
{"0":"C","1":"u","10":"a","11":"l","12":"a","13":"n","14":"c","15":"e","16":" ","17":"u","18":"p","19":"d","2":"s","20":"a","21":"t","22":"e","23":"d","3":"t","4":"o","5":"m","6":"e","7":"r","8":" ","9":"b","level":"debug","message":"info","service":"telecom-billing","timestamp":"2025-12-12 19:37:37"}
{"0":"C","1":"D","10":"g","11":" ","12":"u","13":"p","14":"d","15":"a","16":"t","17":"e","18":"d","2":"R","3":" ","4":"b","5":"i","6":"l","7":"l","8":"i","9":"n","level":"debug","message":"info","service":"telecom-billing","timestamp":"2025-12-12 19:37:37"}
{"0":"B","1":"a","10":"a","11":"n","12":"s","13":"a","14":"c","15":"t","16":"i","17":"o","18":"n","19":" ","2":"l","20":"r","21":"e","22":"c","23":"o","24":"r","25":"d","26":"e","27":"d","3":"a","4":"n","5":"c","6":"e","7":" ","8":"t","9":"r","level":"debug","message":"info","service":"telecom-billing","timestamp":"2025-12-12 19:37:37"}
{"0":"C","1":"D","10":"s","11":"e","12":"d","13":" ","14":"S","15":"u","16":"c","17":"c","18":"e","19":"s","2":"R","20":"s","21":"f","22":"u","23":"l","24":"l","25":"y","3":" ","4":"P","5":"r","6":"o","7":"c","8":"e","9":"s","level":"debug","message":"info","service":"telecom-billing","timestamp":"2025-12-12 19:37:37"}
{"0":"C","1":"u","10":"a","11":"l","12":"a","13":"n","14":"c","15":"e","16":" ","17":"u","18":"p","19":"d","2":"s","20":"a","21":"t","22":"e","23":"d","3":"t","4":"o","5":"m","6":"e","7":"r","8":" ","9":"b","level":"debug","message":"info","service":"telecom-billing","timestamp":"2025-12-12 19:37:37"}
{"0":"C","1":"D","10":"g","11":" ","12":"u","13":"p","14":"d","15":"a","16":"t","17":"e","18":"d","2":"R","3":" ","4":"b","5":"i","6":"l","7":"l","8":"i","9":"n","level":"debug","message":"info","service":"telecom-billing","timestamp":"2025-12-12 19:37:37"}
{"0":"B","1":"a","10":"a","11":"n","12":"s","13":"a","14":"c","15":"t","16":"i","17":"o","18":"n","19":" ","2":"l","20":"r","21":"e","22":"c","23":"o","24":"r","25":"d","26":"e","27":"d","3":"a","4":"n","5":"c","6":"e","7":" ","8":"t","9":"r","level":"debug","message":"info","service":"telecom-billing","timestamp":"2025-12-12 19:37:37"}
{"0":"C","1":"D","10":"s","11":"e","12":"d","13":" ","14":"S","15":"u","16":"c","17":"c","18":"e","19":"s","2":"R","20":"s","21":"f","22":"u","23":"l","24":"l","25":"y","3":" ","4":"P","5":"r","6":"o","7":"c","8":"e","9":"s","level":"debug","message":"info","service":"telecom-billing","timestamp":"2025-12-12 19:37:37"}
{"0":"C","1":"u","10":"a","11":"l","12":"a","13":"n","14":"c","15":"e","16":" ","17":"u","18":"p","19":"d","2":"s","20":"a","21":"t","22":"e","23":"d","3":"t","4":"o","5":"m","6":"e","7":"r","8":" ","9":"b","level":"debug","message":"info","service":"telecom-billing","timestamp":"2025-12-12 19:37:37"}
{"0":"C","1":"D","10":"g","11":" ","12":"u","13":"p","14":"d","15":"a","16":"t","17":"e","18":"d","2":"R","3":" ","4":"b","5":"i","6":"l","7":"l","8":"i","9":"n","level":"debug","message":"info","service":"telecom-billing","timestamp":"2025-12-12 19:37:37"}
{"0":"B","1":"a","10":"a","11":"n","12":"s","13":"a","14":"c","15":"t","16":"i","17":"o","18":"n","19":" ","2":"l","20":"r","21":"e","22":"c","23":"o","24":"r","25":"d","26":"e","27":"d","3":"a","4":"n","5":"c","6":"e","7":" ","8":"t","9":"r","level":"debug","message":"info","service":"telecom-billing","timestamp":"2025-12-12 19:37:37"}
{"0":"C","1":"D","10":"s","11":"e","12":"d","13":" ","14":"S","15":"u","16":"c","17":"c","18":"e","19":"s","2":"R","20":"s","21":"f","22":"u","23":"l","24":"l","25":"y","3":" ","4":"P","5":"r","6":"o","7":"c","8":"e","9":"s","level":"debug","message":"info","service":"telecom-billing","timestamp":"2025-12-12 19:37:37"}
{"0":"C","1":"u","10":"a","11":"l","12":"a","13":"n","14":"c","15":"e","16":" ","17":"u","18":"p","19":"d","2":"s","20":"a","21":"t","22":"e","23":"d","3":"t","4":"o","5":"m","6":"e","7":"r","8":" ","9":"b","level":"debug","message":"info","service":"telecom-billing","timestamp":"2025-12-12 19:37:37"}
{"0":"C","1":"D","10":"g","11":" ","12":"u","13":"p","14":"d","15":"a","16":"t","17":"e","18":"d","2":"R","3":" ","4":"b","5":"i","6":"l","7":"l","8":"i","9":"n","level":"debug","message":"info","service":"telecom-billing","timestamp":"2025-12-12 19:37:37"}
{"0":"B","1":"a","10":"a","11":"n","12":"s","13":"a","14":"c","15":"t","16":"i","17":"o","18":"n","19":" ","2":"l","20":"r","21":"e","22":"c","23":"o","24":"r","25":"d","26":"e","27":"d","3":"a","4":"n","5":"c","6":"e","7":" ","8":"t","9":"r","level":"debug","message":"info","service":"telecom-billing","timestamp":"2025-12-12 19:37:37"}
{"0":"C","1":"D","10":"s","11":"e","12":"d","13":" ","14":"S","15":"u","16":"c","17":"c","18":"e","19":"s","2":"R","20":"s","21":"f","22":"u","23":"l","24":"l","25":"y","3":" ","4":"P","5":"r","6":"o","7":"c","8":"e","9":"s","level":"debug","message":"info","service":"telecom-billing","timestamp":"2025-12-12 19:37:37"}
{"0":"C","1":"u","10":"a","11":"l","12":"a","13":"n","14":"c","15":"e","16":" ","17":"u","18":"p","19":"d","2":"s","20":"a","21":"t","22":"e","23":"d","3":"t","4":"o","5":"m","6":"e","7":"r","8":" ","9":"b","level":"debug","message":"info","service":"telecom-billing","timestamp":"2025-12-12 19:37:37"}
{"0":"C","1":"D","10":"g","11":" ","12":"u","13":"p","14":"d","15":"a","16":"t","17":"e","18":"d","2":"R","3":" ","4":"b","5":"i","6":"l","7":"l","8":"i","9":"n","level":"debug","message":"info","service":"telecom-billing","timestamp":"2025-12-12 19:37:37"}
{"0":"B","1":"a","10":"a","11":"n","12":"s","13":"a","14":"c","15":"t","16":"i","17":"o","18":"n","19":" ","2":"l","20":"r","21":"e","22":"c","23":"o","24":"r","25":"d","26":"e","27":"d","3":"a","4":"n","5":"c","6":"e","7":" ","8":"t","9":"r","level":"debug","message":"info","service":"telecom-billing","timestamp":"2025-12-12 19:37:37"}
{"0":"C","1":"D","10":"s","11":"e","12":"d","13":" ","14":"S","15":"u","16":"c","17":"c","18":"e","19":"s","2":"R","20":"s","21":"f","22":"u","23":"l","24":"l","25":"y","3":" ","4":"P","5":"r","6":"o","7":"c","8":"e","9":"s","level":"debug","message":"info","service":"telecom-billing","timestamp":"2025-12-12 19:37:37"}
{"0":"C","1":"u","10":"a","11":"l","12":"a","13":"n","14":"c","15":"e","16":" ","17":"u","18":"p","19":"d","2":"s","20":"a","21":"t","22":"e","23":"d","3":"t","4":"o","5":"m","6":"e","7":"r","8":" ","9":"b","level":"debug","message":"info","service":"telecom-billing","timestamp":"2025-12-12 19:37:37"}
{"0":"C","1":"D","10":"g","11":" ","12":"u","13":"p","14":"d","15":"a","16":"t","17":"e","18":"d","2":"R","3":" ","4":"b","5":"i","6":"l","7":"l","8":"i","9":"n","level":"debug","message":"info","service":"telecom-billing","timestamp":"2025-12-12 19:37:37"}
{"0":"B","1":"a","10":"a","11":"n","12":"s","13":"a","14":"c","15":"t","16":"i","17":"o","18":"n","19":" ","2":"l","20":"r","21":"e","22":"c","23":"o","24":"r","25":"d","26":"e","27":"d","3":"a","4":"n","5":"c","6":"e","7":" ","8":"t","9":"r","level":"debug","message":"info","service":"telecom-billing","timestamp":"2025-12-12 19:37:37"}
{"0":"C","1":"D","10":"s","11":"e","12":"d","13":" ","14":"S","15":"u","16":"c","17":"c","18":"e","19":"s","2":"R","20":"s","21":"f","22":"u","23":"l","24":"l","25":"y","3":" ","4":"P","5":"r","6":"o","7":"c","8":"e","9":"s","level":"debug","message":"info","service":"telecom-billing","timestamp":"2025-12-12 19:37:37"}
{"0":"C","1":"u","10":"a","11":"l","12":"a","13":"n","14":"c","15":"e","16":" ","17":"u","18":"p","19":"d","2":"s","20":"a","21":"t","22":"e","23":"d","3":"t","4":"o","5":"m","6":"e","7":"r","8":" ","9":"b","level":"debug","message":"info","service":"telecom-billing","timestamp":"2025-12-12 19:37:37"}
{"0":"C","1":"D","10":"g","11":" ","12":"u","13":"p","14":"d","15":"a","16":"t","17":"e","18":"d","2":"R","3":" ","4":"b","5":"i","6":"l","7":"l","8":"i","9":"n","level":"debug","message":"info","service":"telecom-billing","timestamp":"2025-12-12 19:37:37"}
{"0":"B","1":"a","10":"a","11":"n","12":"s","13":"a","14":"c","15":"t","16":"i","17":"o","18":"n","19":" ","2":"l","20":"r","21":"e","22":"c","23":"o","24":"r","25":"d","26":"e","27":"d","3":"a","4":"n","5":"c","6":"e","7":" ","8":"t","9":"r","level":"debug","message":"info","service":"telecom-billing","timestamp":"2025-12-12 19:37:37"}
{"0":"C","1":"D","10":"s","11":"e","12":"d","13":" ","14":"S","15":"u","16":"c","17":"c","18":"e","19":"s","2":"R","20":"s","21":"f","22":"u","23":"l","24":"l","25":"y","3":" ","4":"P","5":"r","6":"o","7":"c","8":"e","9":"s","level":"debug","message":"info","service":"telecom-billing","timestamp":"2025-12-12 19:37:37"}
{"0":"C","1":"u","10":"a","11":"l","12":"a","13":"n","14":"c","15":"e","16":" ","17":"u","18":"p","19":"d","2":"s","20":"a","21":"t","22":"e","23":"d","3":"t","4":"o","5":"m","6":"e","7":"r","8":" ","9":"b","level":"debug","message":"info","service":"telecom-billing","timestamp":"2025-12-12 19:37:37"}
{"0":"C","1":"D","10":"g","11":" ","12":"u","13":"p","14":"d","15":"a","16":"t","17":"e","18":"d","2":"R","3":" ","4":"b","5":"i","6":"l","7":"l","8":"i","9":"n","level":"debug","message":"info","service":"telecom-billing","timestamp":"2025-12-12 19:37:37"}
{"0":"B","1":"a","10":"a","11":"n","12":"s","13":"a","14":"c","15":"t","16":"i","17":"o","18":"n","19":" ","2":"l","20":"r","21":"e","22":"c","23":"o","24":"r","25":"d","26":"e","27":"d","3":"a","4":"n","5":"c","6":"e","7":" ","8":"t","9":"r","level":"debug","message":"info","service":"telecom-billing","timestamp":"2025-12-12 19:37:37"}
{"0":"C","1":"D","10":"s","11":"e","12":"d","13":" ","14":"S","15":"u","16":"c","17":"c","18":"e","19":"s","2":"R","20":"s","21":"f","22":"u","23":"l","24":"l","25":"y","3":" ","4":"P","5":"r","6":"o","7":"c","8":"e","9":"s","level":"debug","message":"info","service":"telecom-billing","timestamp":"2025-12-12 19:37:37"}
{"0":"C","1":"u","10":"a","11":"l","12":"a","13":"n","14":"c","15":"e","16":" ","17":"u","18":"p","19":"d","2":"s","20":"a","21":"t","22":"e","23":"d","3":"t","4":"o","5":"m","6":"e","7":"r","8":" ","9":"b","level":"debug","message":"info","service":"telecom-billing","timestamp":"2025-12-12 19:37:37"}
{"0":"C","1":"D","10":"g","11":" ","12":"u","13":"p","14":"d","15":"a","16":"t","17":"e","18":"d","2":"R","3":" ","4":"b","5":"i","6":"l","7":"l","8":"i","9":"n","level":"debug","message":"info","service":"telecom-billing","timestamp":"2025-12-12 19:37:37"}
{"0":"B","1":"a","10":"a","11":"n","12":"s","13":"a","14":"c","15":"t","16":"i","17":"o","18":"n","19":" ","2":"l","20":"r","21":"e","22":"c","23":"o","24":"r","25":"d","26":"e","27":"d","3":"a","4":"n","5":"c","6":"e","7":" ","8":"t","9":"r","level":"debug","message":"info","service":"telecom-billing","timestamp":"2025-12-12 19:37:37"}
{"0":"C","1":"D","10":"s","11":"e","12":"d","13":" ","14":"S","15":"u","16":"c","17":"c","18":"e","19":"s","2":"R","20":"s","21":"f","22":"u","23":"l","24":"l","25":"y","3":" ","4":"P","5":"r","6":"o","7":"c","8":"e","9":"s","level":"debug","message":"info","service":"telecom-billing","timestamp":"2025-12-12 19:37:37"}
{"0":"C","1":"u","10":"a","11":"l","12":"a","13":"n","14":"c","15":"e","16":" ","17":"u","18":"p","19":"d","2":"s","20":"a","21":"t","22":"e","23":"d","3":"t","4":"o","5":"m","6":"e","7":"r","8":" ","9":"b","level":"debug","message":"info","service":"telecom-billing","timestamp":"2025-12-12 19:37:37"}
{"0":"C","1":"D","10":"g","11":" ","12":"u","13":"p","14":"d","15":"a","16":"t","17":"e","18":"d","2":"R","3":" ","4":"b","5":"i","6":"l","7":"l","8":"i","9":"n","level":"debug","message":"info","service":"telecom-billing","timestamp":"2025-12-12 19:37:37"}
{"0":"B","1":"a","10":"a","11":"n","12":"s","13":"a","14":"c","15":"t","16":"i","17":"o","18":"n","19":" ","2":"l","20":"r","21":"e","22":"c","23":"o","24":"r","25":"d","26":"e","27":"d","3":"a","4":"n","5":"c","6":"e","7":" ","8":"t","9":"r","level":"debug","message":"info","service":"telecom-billing","timestamp":"2025-12-12 19:37:37"}
{"0":"C","1":"D","10":"s","11":"e","12":"d","13":" ","14":"S","15":"u","16":"c","17":"c","18":"e","19":"s","2":"R","20":"s","21":"f","22":"u","23":"l","24":"l","25":"y","3":" ","4":"P","5":"r","6":"o","7":"c","8":"e","9":"s","level":"debug","message":"info","service":"telecom-billing","timestamp":"2025-12-12 19:37:37"}
{"0":"C","1":"u","10":"a","11":"l","12":"a","13":"n","14":"c","15":"e","16":" ","17":"u","18":"p","19":"d","2":"s","20":"a","21":"t","22":"e","23":"d","3":"t","4":"o","5":"m","6":"e","7":"r","8":" ","9":"b","level":"debug","message":"info","service":"telecom-billing","timestamp":"2025-12-12 19:37:37"}
{"0":"C","1":"D","10":"g","11":" ","12":"u","13":"p","14":"d","15":"a","16":"t","17":"e","18":"d","2":"R","3":" ","4":"b","5":"i","6":"l","7":"l","8":"i","9":"n","level":"debug","message":"info","service":"telecom-billing","timestamp":"2025-12-12 19:37:37"}
{"0":"B","1":"a","10":"a","11":"n","12":"s","13":"a","14":"c","15":"t","16":"i","17":"o","18":"n","19":" ","2":"l","20":"r","21":"e","22":"c","23":"o","24":"r","25":"d","26":"e","27":"d","3":"a","4":"n","5":"c","6":"e","7":" ","8":"t","9":"r","level":"debug","message":"info","service":"telecom-billing","timestamp":"2025-12-12 19:37:37"}
{"0":"C","1":"D","10":"s","11":"e","12":"d","13":" ","14":"S","15":"u","16":"c","17":"c","18":"e","19":"s","2":"R","20":"s","21":"f","22":"u","23":"l","24":"l","25":"y","3":" ","4":"P","5":"r","6":"o","7":"c","8":"e","9":"s","level":"debug","message":"info","service":"telecom-billing","timestamp":"2025-12-12 19:37:37"}
{"0":"C","1":"u","10":"a","11":"l","12":"a","13":"n","14":"c","15":"e","16":" ","17":"u","18":"p","19":"d","2":"s","20":"a","21":"t","22":"e","23":"d","3":"t","4":"o","5":"m","6":"e","7":"r","8":" ","9":"b","level":"debug","message":"info","service":"telecom-billing","timestamp":"2025-12-12 19:37:37"}
{"0":"C","1":"D","10":"g","11":" ","12":"u","13":"p","14":"d","15":"a","16":"t","17":"e","18":"d","2":"R","3":" ","4":"b","5":"i","6":"l","7":"l","8":"i","9":"n","level":"debug","message":"info","service":"telecom-billing","timestamp":"2025-12-12 19:37:37"}
{"0":"B","1":"a","10":"a","11":"n","12":"s","13":"a","14":"c","15":"t","16":"i","17":"o","18":"n","19":" ","2":"l","20":"r","21":"e","22":"c","23":"o","24":"r","25":"d","26":"e","27":"d","3":"a","4":"n","5":"c","6":"e","7":" ","8":"t","9":"r","level":"debug","message":"info","service":"telecom-billing","timestamp":"2025-12-12 19:37:37"}
{"0":"C","1":"D","10":"s","11":"e","12":"d","13":" ","14":"S","15":"u","16":"c","17":"c","18":"e","19":"s","2":"R","20":"s","21":"f","22":"u","23":"l","24":"l","25":"y","3":" ","4":"P","5":"r","6":"o","7":"c","8":"e","9":"s","level":"debug","message":"info","service":"telecom-billing","timestamp":"2025-12-12 19:37:37"}
{"0":"C","1":"u","10":"a","11":"l","12":"a","13":"n","14":"c","15":"e","16":" ","17":"u","18":"p","19":"d","2":"s","20":"a","21":"t","22":"e","23":"d","3":"t","4":"o","5":"m","6":"e","7":"r","8":" ","9":"b","level":"debug","message":"info","service":"telecom-billing","timestamp":"2025-12-12 19:37:37"}
{"0":"C","1":"D","10":"g","11":" ","12":"u","13":"p","14":"d","15":"a","16":"t","17":"e","18":"d","2":"R","3":" ","4":"b","5":"i","6":"l","7":"l","8":"i","9":"n","level":"debug","message":"info","service":"telecom-billing","timestamp":"2025-12-12 19:37:37"}
{"0":"B","1":"a","10":"a","11":"n","12":"s","13":"a","14":"c","15":"t","16":"i","17":"o","18":"n","19":" ","2":"l","20":"r","21":"e","22":"c","23":"o","24":"r","25":"d","26":"e","27":"d","3":"a","4":"n","5":"c","6":"e","7":" ","8":"t","9":"r","level":"debug","message":"info","service":"telecom-billing","timestamp":"2025-12-12 19:37:37"}
{"0":"C","1":"D","10":"s","11":"e","12":"d","13":" ","14":"S","15":"u","16":"c","17":"c","18":"e","19":"s","2":"R","20":"s","21":"f","22":"u","23":"l","24":"l","25":"y","3":" ","4":"P","5":"r","6":"o","7":"c","8":"e","9":"s","level":"debug","message":"info","service":"telecom-billing","timestamp":"2025-12-12 19:37:37"}
{"0":"C","1":"u","10":"a","11":"l","12":"a","13":"n","14":"c","15":"e","16":" ","17":"u","18":"p","19":"d","2":"s","20":"a","21":"t","22":"e","23":"d","3":"t","4":"o","5":"m","6":"e","7":"r","8":" ","9":"b","level":"debug","message":"info","service":"telecom-billing","timestamp":"2025-12-12 19:37:37"}
{"0":"C","1":"D","10":"g","11":" ","12":"u","13":"p","14":"d","15":"a","16":"t","17":"e","18":"d","2":"R","3":" ","4":"b","5":"i","6":"l","7":"l","8":"i","9":"n","level":"debug","message":"info","service":"telecom-billing","timestamp":"2025-12-12 19:37:37"}
{"0":"B","1":"a","10":"a","11":"n","12":"s","13":"a","14":"c","15":"t","16":"i","17":"o","18":"n","19":" ","2":"l","20":"r","21":"e","22":"c","23":"o","24":"r","25":"d","26":"e","27":"d","3":"a","4":"n","5":"c","6":"e","7":" ","8":"t","9":"r","level":"debug","message":"info","service":"telecom-billing","timestamp":"2025-12-12 19:37:37"}
{"0":"C","1":"D","10":"s","11":"e","12":"d","13":" ","14":"S","15":"u","16":"c","17":"c","18":"e","19":"s","2":"R","20":"s","21":"f","22":"u","23":"l","24":"l","25":"y","3":" ","4":"P","5":"r","6":"o","7":"c","8":"e","9":"s","level":"debug","message":"info","service":"telecom-billing","timestamp":"2025-12-12 19:37:37"}
{"0":"C","1":"u","10":"a","11":"l","12":"a","13":"n","14":"c","15":"e","16":" ","17":"u","18":"p","19":"d","2":"s","20":"a","21":"t","22":"e","23":"d","3":"t","4":"o","5":"m","6":"e","7":"r","8":" ","9":"b","level":"debug","message":"info","service":"telecom-billing","timestamp":"2025-12-12 19:37:37"}
{"0":"C","1":"D","10":"g","11":" ","12":"u","13":"p","14":"d","15":"a","16":"t","17":"e","18":"d","2":"R","3":" ","4":"b","5":"i","6":"l","7":"l","8":"i","9":"n","level":"debug","message":"info","service":"telecom-billing","timestamp":"2025-12-12 19:37:37"}
{"0":"B","1":"a","10":"a","11":"n","12":"s","13":"a","14":"c","15":"t","16":"i","17":"o","18":"n","19":" ","2":"l","20":"r","21":"e","22":"c","23":"o","24":"r","25":"d","26":"e","27":"d","3":"a","4":"n","5":"c","6":"e","7":" ","8":"t","9":"r","level":"debug","message":"info","service":"telecom-billing","timestamp":"2025-12-12 19:37:37"}
{"0":"C","1":"D","10":"s","11":"e","12":"d","13":" ","14":"S","15":"u","16":"c","17":"c","18":"e","19":"s","2":"R","20":"s","21":"f","22":"u","23":"l","24":"l","25":"y","3":" ","4":"P","5":"r","6":"o","7":"c","8":"e","9":"s","level":"debug","message":"info","service":"telecom-billing","timestamp":"2025-12-12 19:37:37"}
{"0":"C","1":"u","10":"a","11":"l","12":"a","13":"n","14":"c","15":"e","16":" ","17":"u","18":"p","19":"d","2":"s","20":"a","21":"t","22":"e","23":"d","3":"t","4":"o","5":"m","6":"e","7":"r","8":" ","9":"b","level":"debug","message":"info","service":"telecom-billing","timestamp":"2025-12-12 19:37:37"}
{"0":"C","1":"D","10":"g","11":" ","12":"u","13":"p","14":"d","15":"a","16":"t","17":"e","18":"d","2":"R","3":" ","4":"b","5":"i","6":"l","7":"l","8":"i","9":"n","level":"debug","message":"info","service":"telecom-billing","timestamp":"2025-12-12 19:37:37"}
{"0":"B","1":"a","10":"a","11":"n","12":"s","13":"a","14":"c","15":"t","16":"i","17":"o","18":"n","19":" ","2":"l","20":"r","21":"e","22":"c","23":"o","24":"r","25":"d","26":"e","27":"d","3":"a","4":"n","5":"c","6":"e","7":" ","8":"t","9":"r","level":"debug","message":"info","service":"telecom-billing","timestamp":"2025-12-12 19:37:37"}
{"0":"C","1":"D","10":"s","11":"e","12":"d","13":" ","14":"S","15":"u","16":"c","17":"c","18":"e","19":"s","2":"R","20":"s","21":"f","22":"u","23":"l","24":"l","25":"y","3":" ","4":"P","5":"r","6":"o","7":"c","8":"e","9":"s","level":"debug","message":"info","service":"telecom-billing","timestamp":"2025-12-12 19:37:37"}
{"0":"C","1":"u","10":"a","11":"l","12":"a","13":"n","14":"c","15":"e","16":" ","17":"u","18":"p","19":"d","2":"s","20":"a","21":"t","22":"e","23":"d","3":"t","4":"o","5":"m","6":"e","7":"r","8":" ","9":"b","level":"debug","message":"info","service":"telecom-billing","timestamp":"2025-12-12 19:37:37"}
{"0":"C","1":"D","10":"g","11":" ","12":"u","13":"p","14":"d","15":"a","16":"t","17":"e","18":"d","2":"R","3":" ","4":"b","5":"i","6":"l","7":"l","8":"i","9":"n","level":"debug","message":"info","service":"telecom-billing","timestamp":"2025-12-12 19:37:37"}
{"0":"B","1":"a","10":"a","11":"n","12":"s","13":"a","14":"c","15":"t","16":"i","17":"o","18":"n","19":" ","2":"l","20":"r","21":"e","22":"c","23":"o","24":"r","25":"d","26":"e","27":"d","3":"a","4":"n","5":"c","6":"e","7":" ","8":"t","9":"r","level":"debug","message":"info","service":"telecom-billing","timestamp":"2025-12-12 19:37:37"}
{"0":"C","1":"D","10":"s","11":"e","12":"d","13":" ","14":"S","15":"u","16":"c","17":"c","18":"e","19":"s","2":"R","20":"s","21":"f","22":"u","23":"l","24":"l","25":"y","3":" ","4":"P","5":"r","6":"o","7":"c","8":"e","9":"s","level":"debug","message":"info","service":"telecom-billing","timestamp":"2025-12-12 19:37:37"}
{"0":"C","1":"u","10":"a","11":"l","12":"a","13":"n","14":"c","15":"e","16":" ","17":"u","18":"p","19":"d","2":"s","20":"a","21":"t","22":"e","23":"d","3":"t","4":"o","5":"m","6":"e","7":"r","8":" ","9":"b","level":"debug","message":"info","service":"telecom-billing","timestamp":"2025-12-12 19:37:37"}
{"0":"C","1":"D","10":"g","11":" ","12":"u","13":"p","14":"d","15":"a","16":"t","17":"e","18":"d","2":"R","3":" ","4":"b","5":"i","6":"l","7":"l","8":"i","9":"n","level":"debug","message":"info","service":"telecom-billing","timestamp":"2025-12-12 19:37:37"}
{"0":"B","1":"a","10":"a","11":"n","12":"s","13":"a","14":"c","15":"t","16":"i","17":"o","18":"n","19":" ","2":"l","20":"r","21":"e","22":"c","23":"o","24":"r","25":"d","26":"e","27":"d","3":"a","4":"n","5":"c","6":"e","7":" ","8":"t","9":"r","level":"debug","message":"info","service":"telecom-billing","timestamp":"2025-12-12 19:37:37"}
{"0":"C","1":"D","10":"s","11":"e","12":"d","13":" ","14":"S","15":"u","16":"c","17":"c","18":"e","19":"s","2":"R","20":"s","21":"f","22":"u","23":"l","24":"l","25":"y","3":" ","4":"P","5":"r","6":"o","7":"c","8":"e","9":"s","level":"debug","message":"info","service":"telecom-billing","timestamp":"2025-12-12 19:37:37"}
{"0":"C","1":"u","10":"a","11":"l","12":"a","13":"n","14":"c","15":"e","16":" ","17":"u","18":"p","19":"d","2":"s","20":"a","21":"t","22":"e","23":"d","3":"t","4":"o","5":"m","6":"e","7":"r","8":" ","9":"b","level":"debug","message":"info","service":"telecom-billing","timestamp":"2025-12-12 19:37:37"}
{"0":"C","1":"D","10":"g","11":" ","12":"u","13":"p","14":"d","15":"a","16":"t","17":"e","18":"d","2":"R","3":" ","4":"b","5":"i","6":"l","7":"l","8":"i","9":"n","level":"debug","message":"info","service":"telecom-billing","timestamp":"2025-12-12 19:37:37"}
{"0":"B","1":"a","10":"a","11":"n","12":"s","13":"a","14":"c","15":"t","16":"i","17":"o","18":"n","19":" ","2":"l","20":"r","21":"e","22":"c","23":"o","24":"r","25":"d","26":"e","27":"d","3":"a","4":"n","5":"c","6":"e","7":" ","8":"t","9":"r","level":"debug","message":"info","service":"telecom-billing","timestamp":"2025-12-12 19:37:37"}
{"0":"C","1":"D","10":"s","11":"e","12":"d","13":" ","14":"S","15":"u","16":"c","17":"c","18":"e","19":"s","2":"R","20":"s","21":"f","22":"u","23":"l","24":"l","25":"y","3":" ","4":"P","5":"r","6":"o","7":"c","8":"e","9":"s","level":"debug","message":"info","service":"telecom-billing","timestamp":"2025-12-12 19:37:37"}
{"0":"C","1":"u","10":"a","11":"l","12":"a","13":"n","14":"c","15":"e","16":" ","17":"u","18":"p","19":"d","2":"s","20":"a","21":"t","22":"e","23":"d","3":"t","4":"o","5":"m","6":"e","7":"r","8":" ","9":"b","level":"debug","message":"info","service":"telecom-billing","timestamp":"2025-12-12 19:37:37"}
{"0":"C","1":"D","10":"g","11":" ","12":"u","13":"p","14":"d","15":"a","16":"t","17":"e","18":"d","2":"R","3":" ","4":"b","5":"i","6":"l","7":"l","8":"i","9":"n","level":"debug","message":"info","service":"telecom-billing","timestamp":"2025-12-12 19:37:37"}
{"0":"B","1":"a","10":"a","11":"n","12":"s","13":"a","14":"c","15":"t","16":"i","17":"o","18":"n","19":" ","2":"l","20":"r","21":"e","22":"c","23":"o","24":"r","25":"d","26":"e","27":"d","3":"a","4":"n","5":"c","6":"e","7":" ","8":"t","9":"r","level":"debug","message":"info","service":"telecom-billing","timestamp":"2025-12-12 19:37:37"}
{"0":"C","1":"D","10":"s","11":"e","12":"d","13":" ","14":"S","15":"u","16":"c","17":"c","18":"e","19":"s","2":"R","20":"s","21":"f","22":"u","23":"l","24":"l","25":"y","3":" ","4":"P","5":"r","6":"o","7":"c","8":"e","9":"s","level":"debug","message":"info","service":"telecom-billing","timestamp":"2025-12-12 19:37:37"}
{"0":"C","1":"u","10":"a","11":"l","12":"a","13":"n","14":"c","15":"e","16":" ","17":"u","18":"p","19":"d","2":"s","20":"a","21":"t","22":"e","23":"d","3":"t","4":"o","5":"m","6":"e","7":"r","8":" ","9":"b","level":"debug","message":"info","service":"telecom-billing","timestamp":"2025-12-12 19:37:37"}
{"0":"C","1":"D","10":"g","11":" ","12":"u","13":"p","14":"d","15":"a","16":"t","17":"e","18":"d","2":"R","3":" ","4":"b","5":"i","6":"l","7":"l","8":"i","9":"n","level":"debug","message":"info","service":"telecom-billing","timestamp":"2025-12-12 19:37:37"}
{"0":"B","1":"a","10":"a","11":"n","12":"s","13":"a","14":"c","15":"t","16":"i","17":"o","18":"n","19":" ","2":"l","20":"r","21":"e","22":"c","23":"o","24":"r","25":"d","26":"e","27":"d","3":"a","4":"n","5":"c","6":"e","7":" ","8":"t","9":"r","level":"debug","message":"info","service":"telecom-billing","timestamp":"2025-12-12 19:37:37"}
{"0":"C","1":"D","10":"s","11":"e","12":"d","13":" ","14":"S","15":"u","16":"c","17":"c","18":"e","19":"s","2":"R","20":"s","21":"f","22":"u","23":"l","24":"l","25":"y","3":" ","4":"P","5":"r","6":"o","7":"c","8":"e","9":"s","level":"debug","message":"info","service":"telecom-billing","timestamp":"2025-12-12 19:37:37"}
{"0":"C","1":"u","10":"a","11":"l","12":"a","13":"n","14":"c","15":"e","16":" ","17":"u","18":"p","19":"d","2":"s","20":"a","21":"t","22":"e","23":"d","3":"t","4":"o","5":"m","6":"e","7":"r","8":" ","9":"b","level":"debug","message":"info","service":"telecom-billing","timestamp":"2025-12-12 19:37:37"}
{"0":"C","1":"D","10":"g","11":" ","12":"u","13":"p","14":"d","15":"a","16":"t","17":"e","18":"d","2":"R","3":" ","4":"b","5":"i","6":"l","7":"l","8":"i","9":"n","level":"debug","message":"info","service":"telecom-billing","timestamp":"2025-12-12 19:37:37"}
{"0":"B","1":"a","10":"a","11":"n","12":"s","13":"a","14":"c","15":"t","16":"i","17":"o","18":"n","19":" ","2":"l","20":"r","21":"e","22":"c","23":"o","24":"r","25":"d","26":"e","27":"d","3":"a","4":"n","5":"c","6":"e","7":" ","8":"t","9":"r","level":"debug","message":"info","service":"telecom-billing","timestamp":"2025-12-12 19:37:37"}
{"0":"C","1":"D","10":"s","11":"e","12":"d","13":" ","14":"S","15":"u","16":"c","17":"c","18":"e","19":"s","2":"R","20":"s","21":"f","22":"u","23":"l","24":"l","25":"y","3":" ","4":"P","5":"r","6":"o","7":"c","8":"e","9":"s","level":"debug","message":"info","service":"telecom-billing","timestamp":"2025-12-12 19:37:37"}
{"0":"C","1":"u","10":"a","11":"l","12":"a","13":"n","14":"c","15":"e","16":" ","17":"u","18":"p","19":"d","2":"s","20":"a","21":"t","22":"e","23":"d","3":"t","4":"o","5":"m","6":"e","7":"r","8":" ","9":"b","level":"debug","message":"info","service":"telecom-billing","timestamp":"2025-12-12 19:37:37"}
{"0":"C","1":"D","10":"g","11":" ","12":"u","13":"p","14":"d","15":"a","16":"t","17":"e","18":"d","2":"R","3":" ","4":"b","5":"i","6":"l","7":"l","8":"i","9":"n","level":"debug","message":"info","service":"telecom-billing","timestamp":"2025-12-12 19:37:37"}
{"0":"B","1":"a","10":"a","11":"n","12":"s","13":"a","14":"c","15":"t","16":"i","17":"o","18":"n","19":" ","2":"l","20":"r","21":"e","22":"c","23":"o","24":"r","25":"d","26":"e","27":"d","3":"a","4":"n","5":"c","6":"e","7":" ","8":"t","9":"r","level":"debug","message":"info","service":"telecom-billing","timestamp":"2025-12-12 19:37:37"}
{"0":"C","1":"D","10":"s","11":"e","12":"d","13":" ","14":"S","15":"u","16":"c","17":"c","18":"e","19":"s","2":"R","20":"s","21":"f","22":"u","23":"l","24":"l","25":"y","3":" ","4":"P","5":"r","6":"o","7":"c","8":"e","9":"s","level":"debug","message":"info","service":"telecom-billing","timestamp":"2025-12-12 19:37:37"}
{"0":"C","1":"u","10":"a","11":"l","12":"a","13":"n","14":"c","15":"e","16":" ","17":"u","18":"p","19":"d","2":"s","20":"a","21":"t","22":"e","23":"d","3":"t","4":"o","5":"m","6":"e","7":"r","8":" ","9":"b","level":"debug","message":"info","service":"telecom-billing","timestamp":"2025-12-12 19:37:37"}
{"0":"C","1":"D","10":"g","11":" ","12":"u","13":"p","14":"d","15":"a","16":"t","17":"e","18":"d","2":"R","3":" ","4":"b","5":"i","6":"l","7":"l","8":"i","9":"n","level":"debug","message":"info","service":"telecom-billing","timestamp":"2025-12-12 19:37:37"}
{"0":"B","1":"a","10":"a","11":"n","12":"s","13":"a","14":"c","15":"t","16":"i","17":"o","18":"n","19":" ","2":"l","20":"r","21":"e","22":"c","23":"o","24":"r","25":"d","26":"e","27":"d","3":"a","4":"n","5":"c","6":"e","7":" ","8":"t","9":"r","level":"debug","message":"info","service":"telecom-billing","timestamp":"2025-12-12 19:37:37"}
{"0":"C","1":"D","10":"s","11":"e","12":"d","13":" ","14":"S","15":"u","16":"c","17":"c","18":"e","19":"s","2":"R","20":"s","21":"f","22":"u","23":"l","24":"l","25":"y","3":" ","4":"P","5":"r","6":"o","7":"c","8":"e","9":"s","level":"debug","message":"info","service":"telecom-billing","timestamp":"2025-12-12 19:37:37"}
{"0":"C","1":"u","10":"a","11":"l","12":"a","13":"n","14":"c","15":"e","16":" ","17":"u","18":"p","19":"d","2":"s","20":"a","21":"t","22":"e","23":"d","3":"t","4":"o","5":"m","6":"e","7":"r","8":" ","9":"b","level":"debug","message":"info","service":"telecom-billing","timestamp":"2025-12-12 19:37:37"}
{"0":"C","1":"D","10":"g","11":" ","12":"u","13":"p","14":"d","15":"a","16":"t","17":"e","18":"d","2":"R","3":" ","4":"b","5":"i","6":"l","7":"l","8":"i","9":"n","level":"debug","message":"info","service":"telecom-billing","timestamp":"2025-12-12 19:37:37"}
{"0":"B","1":"a","10":"a","11":"n","12":"s","13":"a","14":"c","15":"t","16":"i","17":"o","18":"n","19":" ","2":"l","20":"r","21":"e","22":"c","23":"o","24":"r","25":"d","26":"e","27":"d","3":"a","4":"n","5":"c","6":"e","7":" ","8":"t","9":"r","level":"debug","message":"info","service":"telecom-billing","timestamp":"2025-12-12 19:37:37"}
{"0":"C","1":"D","10":"s","11":"e","12":"d","13":" ","14":"S","15":"u","16":"c","17":"c","18":"e","19":"s","2":"R","20":"s","21":"f","22":"u","23":"l","24":"l","25":"y","3":" ","4":"P","5":"r","6":"o","7":"c","8":"e","9":"s","level":"debug","message":"info","service":"telecom-billing","timestamp":"2025-12-12 19:37:37"}
{"0":"C","1":"u","10":"a","11":"l","12":"a","13":"n","14":"c","15":"e","16":" ","17":"u","18":"p","19":"d","2":"s","20":"a","21":"t","22":"e","23":"d","3":"t","4":"o","5":"m","6":"e","7":"r","8":" ","9":"b","level":"debug","message":"info","service":"telecom-billing","timestamp":"2025-12-12 19:37:37"}
{"0":"C","1":"D","10":"g","11":" ","12":"u","13":"p","14":"d","15":"a","16":"t","17":"e","18":"d","2":"R","3":" ","4":"b","5":"i","6":"l","7":"l","8":"i","9":"n","level":"debug","message":"info","service":"telecom-billing","timestamp":"2025-12-12 19:37:37"}
{"0":"B","1":"a","10":"a","11":"n","12":"s","13":"a","14":"c","15":"t","16":"i","17":"o","18":"n","19":" ","2":"l","20":"r","21":"e","22":"c","23":"o","24":"r","25":"d","26":"e","27":"d","3":"a","4":"n","5":"c","6":"e","7":" ","8":"t","9":"r","level":"debug","message":"info","service":"telecom-billing","timestamp":"2025-12-12 19:37:37"}
{"0":"C","1":"D","10":"s","11":"e","12":"d","13":" ","14":"S","15":"u","16":"c","17":"c","18":"e","19":"s","2":"R","20":"s","21":"f","22":"u","23":"l","24":"l","25":"y","3":" ","4":"P","5":"r","6":"o","7":"c","8":"e","9":"s","level":"debug","message":"info","service":"telecom-billing","timestamp":"2025-12-12 19:37:37"}
{"0":"C","1":"u","10":"a","11":"l","12":"a","13":"n","14":"c","15":"e","16":" ","17":"u","18":"p","19":"d","2":"s","20":"a","21":"t","22":"e","23":"d","3":"t","4":"o","5":"m","6":"e","7":"r","8":" ","9":"b","level":"debug","message":"info","service":"telecom-billing","timestamp":"2025-12-12 19:37:37"}
{"0":"C","1":"D","10":"g","11":" ","12":"u","13":"p","14":"d","15":"a","16":"t","17":"e","18":"d","2":"R","3":" ","4":"b","5":"i","6":"l","7":"l","8":"i","9":"n","level":"debug","message":"info","service":"telecom-billing","timestamp":"2025-12-12 19:37:37"}
{"0":"B","1":"a","10":"a","11":"n","12":"s","13":"a","14":"c","15":"t","16":"i","17":"o","18":"n","19":" ","2":"l","20":"r","21":"e","22":"c","23":"o","24":"r","25":"d","26":"e","27":"d","3":"a","4":"n","5":"c","6":"e","7":" ","8":"t","9":"r","level":"debug","message":"info","service":"telecom-billing","timestamp":"2025-12-12 19:37:37"}
{"0":"C","1":"D","10":"s","11":"e","12":"d","13":" ","14":"S","15":"u","16":"c","17":"c","18":"e","19":"s","2":"R","20":"s","21":"f","22":"u","23":"l","24":"l","25":"y","3":" ","4":"P","5":"r","6":"o","7":"c","8":"e","9":"s","level":"debug","message":"info","service":"telecom-billing","timestamp":"2025-12-12 19:37:37"}
{"0":"C","1":"u","10":"a","11":"l","12":"a","13":"n","14":"c","15":"e","16":" ","17":"u","18":"p","19":"d","2":"s","20":"a","21":"t","22":"e","23":"d","3":"t","4":"o","5":"m","6":"e","7":"r","8":" ","9":"b","level":"debug","message":"info","service":"telecom-billing","timestamp":"2025-12-12 19:37:37"}
{"0":"C","1":"D","10":"g","11":" ","12":"u","13":"p","14":"d","15":"a","16":"t","17":"e","18":"d","2":"R","3":" ","4":"b","5":"i","6":"l","7":"l","8":"i","9":"n","level":"debug","message":"info","service":"telecom-billing","timestamp":"2025-12-12 19:37:37"}
{"0":"B","1":"a","10":"a","11":"n","12":"s","13":"a","14":"c","15":"t","16":"i","17":"o","18":"n","19":" ","2":"l","20":"r","21":"e","22":"c","23":"o","24":"r","25":"d","26":"e","27":"d","3":"a","4":"n","5":"c","6":"e","7":" ","8":"t","9":"r","level":"debug","message":"info","service":"telecom-billing","timestamp":"2025-12-12 19:37:37"}
{"0":"C","1":"D","10":"s","11":"e","12":"d","13":" ","14":"S","15":"u","16":"c","17":"c","18":"e","19":"s","2":"R","20":"s","21":"f","22":"u","23":"l","24":"l","25":"y","3":" ","4":"P","5":"r","6":"o","7":"c","8":"e","9":"s","level":"debug","message":"info","service":"telecom-billing","timestamp":"2025-12-12 19:37:37"}
{"0":"C","1":"u","10":"a","11":"l","12":"a","13":"n","14":"c","15":"e","16":" ","17":"u","18":"p","19":"d","2":"s","20":"a","21":"t","22":"e","23":"d","3":"t","4":"o","5":"m","6":"e","7":"r","8":" ","9":"b","level":"debug","message":"info","service":"telecom-billing","timestamp":"2025-12-12 19:37:37"}
{"0":"C","1":"D","10":"g","11":" ","12":"u","13":"p","14":"d","15":"a","16":"t","17":"e","18":"d","2":"R","3":" ","4":"b","5":"i","6":"l","7":"l","8":"i","9":"n","level":"debug","message":"info","service":"telecom-billing","timestamp":"2025-12-12 19:37:37"}
{"0":"B","1":"a","10":"a","11":"n","12":"s","13":"a","14":"c","15":"t","16":"i","17":"o","18":"n","19":" ","2":"l","20":"r","21":"e","22":"c","23":"o","24":"r","25":"d","26":"e","27":"d","3":"a","4":"n","5":"c","6":"e","7":" ","8":"t","9":"r","level":"debug","message":"info","service":"telecom-billing","timestamp":"2025-12-12 19:37:37"}
{"0":"C","1":"D","10":"s","11":"e","12":"d","13":" ","14":"S","15":"u","16":"c","17":"c","18":"e","19":"s","2":"R","20":"s","21":"f","22":"u","23":"l","24":"l","25":"y","3":" ","4":"P","5":"r","6":"o","7":"c","8":"e","9":"s","level":"debug","message":"info","service":"telecom-billing","timestamp":"2025-12-12 19:37:37"}
{"0":"C","1":"u","10":"a","11":"l","12":"a","13":"n","14":"c","15":"e","16":" ","17":"u","18":"p","19":"d","2":"s","20":"a","21":"t","22":"e","23":"d","3":"t","4":"o","5":"m","6":"e","7":"r","8":" ","9":"b","level":"debug","message":"info","service":"telecom-billing","timestamp":"2025-12-12 19:37:37"}
{"0":"C","1":"D","10":"g","11":" ","12":"u","13":"p","14":"d","15":"a","16":"t","17":"e","18":"d","2":"R","3":" ","4":"b","5":"i","6":"l","7":"l","8":"i","9":"n","level":"debug","message":"info","service":"telecom-billing","timestamp":"2025-12-12 19:37:37"}
{"0":"B","1":"a","10":"a","11":"n","12":"s","13":"a","14":"c","15":"t","16":"i","17":"o","18":"n","19":" ","2":"l","20":"r","21":"e","22":"c","23":"o","24":"r","25":"d","26":"e","27":"d","3":"a","4":"n","5":"c","6":"e","7":" ","8":"t","9":"r","level":"debug","message":"info","service":"telecom-billing","timestamp":"2025-12-12 19:37:37"}
{"0":"C","1":"D","10":"s","11":"e","12":"d","13":" ","14":"S","15":"u","16":"c","17":"c","18":"e","19":"s","2":"R","20":"s","21":"f","22":"u","23":"l","24":"l","25":"y","3":" ","4":"P","5":"r","6":"o","7":"c","8":"e","9":"s","level":"debug","message":"info","service":"telecom-billing","timestamp":"2025-12-12 19:37:37"}
{"0":"C","1":"u","10":"a","11":"l","12":"a","13":"n","14":"c","15":"e","16":" ","17":"u","18":"p","19":"d","2":"s","20":"a","21":"t","22":"e","23":"d","3":"t","4":"o","5":"m","6":"e","7":"r","8":" ","9":"b","level":"debug","message":"info","service":"telecom-billing","timestamp":"2025-12-12 19:37:37"}
{"0":"C","1":"D","10":"g","11":" ","12":"u","13":"p","14":"d","15":"a","16":"t","17":"e","18":"d","2":"R","3":" ","4":"b","5":"i","6":"l","7":"l","8":"i","9":"n","level":"debug","message":"info","service":"telecom-billing","timestamp":"2025-12-12 19:37:37"}
{"0":"B","1":"a","10":"a","11":"n","12":"s","13":"a","14":"c","15":"t","16":"i","17":"o","18":"n","19":" ","2":"l","20":"r","21":"e","22":"c","23":"o","24":"r","25":"d","26":"e","27":"d","3":"a","4":"n","5":"c","6":"e","7":" ","8":"t","9":"r","level":"debug","message":"info","service":"telecom-billing","timestamp":"2025-12-12 19:37:37"}
{"0":"C","1":"D","10":"s","11":"e","12":"d","13":" ","14":"S","15":"u","16":"c","17":"c","18":"e","19":"s","2":"R","20":"s","21":"f","22":"u","23":"l","24":"l","25":"y","3":" ","4":"P","5":"r","6":"o","7":"c","8":"e","9":"s","level":"debug","message":"info","service":"telecom-billing","timestamp":"2025-12-12 19:37:37"}
{"0":"C","1":"u","10":"a","11":"l","12":"a","13":"n","14":"c","15":"e","16":" ","17":"u","18":"p","19":"d","2":"s","20":"a","21":"t","22":"e","23":"d","3":"t","4":"o","5":"m","6":"e","7":"r","8":" ","9":"b","level":"debug","message":"info","service":"telecom-billing","timestamp":"2025-12-12 19:37:37"}
{"0":"C","1":"D","10":"g","11":" ","12":"u","13":"p","14":"d","15":"a","16":"t","17":"e","18":"d","2":"R","3":" ","4":"b","5":"i","6":"l","7":"l","8":"i","9":"n","level":"debug","message":"info","service":"telecom-billing","timestamp":"2025-12-12 19:37:37"}
{"0":"B","1":"a","10":"a","11":"n","12":"s","13":"a","14":"c","15":"t","16":"i","17":"o","18":"n","19":" ","2":"l","20":"r","21":"e","22":"c","23":"o","24":"r","25":"d","26":"e","27":"d","3":"a","4":"n","5":"c","6":"e","7":" ","8":"t","9":"r","level":"debug","message":"info","service":"telecom-billing","timestamp":"2025-12-12 19:37:37"}
{"0":"C","1":"D","10":"s","11":"e","12":"d","13":" ","14":"S","15":"u","16":"c","17":"c","18":"e","19":"s","2":"R","20":"s","21":"f","22":"u","23":"l","24":"l","25":"y","3":" ","4":"P","5":"r","6":"o","7":"c","8":"e","9":"s","level":"debug","message":"info","service":"telecom-billing","timestamp":"2025-12-12 19:37:37"}
{"0":"C","1":"u","10":"a","11":"l","12":"a","13":"n","14":"c","15":"e","16":" ","17":"u","18":"p","19":"d","2":"s","20":"a","21":"t","22":"e","23":"d","3":"t","4":"o","5":"m","6":"e","7":"r","8":" ","9":"b","level":"debug","message":"info","service":"telecom-billing","timestamp":"2025-12-12 19:37:37"}
{"0":"C","1":"D","10":"g","11":" ","12":"u","13":"p","14":"d","15":"a","16":"t","17":"e","18":"d","2":"R","3":" ","4":"b","5":"i","6":"l","7":"l","8":"i","9":"n","level":"debug","message":"info","service":"telecom-billing","timestamp":"2025-12-12 19:37:37"}
{"0":"B","1":"a","10":"a","11":"n","12":"s","13":"a","14":"c","15":"t","16":"i","17":"o","18":"n","19":" ","2":"l","20":"r","21":"e","22":"c","23":"o","24":"r","25":"d","26":"e","27":"d","3":"a","4":"n","5":"c","6":"e","7":" ","8":"t","9":"r","level":"debug","message":"info","service":"telecom-billing","timestamp":"2025-12-12 19:37:37"}
{"0":"C","1":"D","10":"s","11":"e","12":"d","13":" ","14":"S","15":"u","16":"c","17":"c","18":"e","19":"s","2":"R","20":"s","21":"f","22":"u","23":"l","24":"l","25":"y","3":" ","4":"P","5":"r","6":"o","7":"c","8":"e","9":"s","level":"debug","message":"info","service":"telecom-billing","timestamp":"2025-12-12 19:37:37"}
{"0":"C","1":"u","10":"a","11":"l","12":"a","13":"n","14":"c","15":"e","16":" ","17":"u","18":"p","19":"d","2":"s","20":"a","21":"t","22":"e","23":"d","3":"t","4":"o","5":"m","6":"e","7":"r","8":" ","9":"b","level":"debug","message":"info","service":"telecom-billing","timestamp":"2025-12-12 19:37:37"}
{"0":"C","1":"D","10":"g","11":" ","12":"u","13":"p","14":"d","15":"a","16":"t","17":"e","18":"d","2":"R","3":" ","4":"b","5":"i","6":"l","7":"l","8":"i","9":"n","level":"debug","message":"info","service":"telecom-billing","timestamp":"2025-12-12 19:37:37"}
{"0":"B","1":"a","10":"a","11":"n","12":"s","13":"a","14":"c","15":"t","16":"i","17":"o","18":"n","19":" ","2":"l","20":"r","21":"e","22":"c","23":"o","24":"r","25":"d","26":"e","27":"d","3":"a","4":"n","5":"c","6":"e","7":" ","8":"t","9":"r","level":"debug","message":"info","service":"telecom-billing","timestamp":"2025-12-12 19:37:37"}
{"0":"C","1":"D","10":"s","11":"e","12":"d","13":" ","14":"S","15":"u","16":"c","17":"c","18":"e","19":"s","2":"R","20":"s","21":"f","22":"u","23":"l","24":"l","25":"y","3":" ","4":"P","5":"r","6":"o","7":"c","8":"e","9":"s","level":"debug","message":"info","service":"telecom-billing","timestamp":"2025-12-12 19:37:37"}
{"0":"C","1":"u","10":"a","11":"l","12":"a","13":"n","14":"c","15":"e","16":" ","17":"u","18":"p","19":"d","2":"s","20":"a","21":"t","22":"e","23":"d","3":"t","4":"o","5":"m","6":"e","7":"r","8":" ","9":"b","level":"debug","message":"info","service":"telecom-billing","timestamp":"2025-12-12 19:37:37"}
{"0":"C","1":"D","10":"g","11":" ","12":"u","13":"p","14":"d","15":"a","16":"t","17":"e","18":"d","2":"R","3":" ","4":"b","5":"i","6":"l","7":"l","8":"i","9":"n","level":"debug","message":"info","service":"telecom-billing","timestamp":"2025-12-12 19:37:37"}
{"0":"B","1":"a","10":"a","11":"n","12":"s","13":"a","14":"c","15":"t","16":"i","17":"o","18":"n","19":" ","2":"l","20":"r","21":"e","22":"c","23":"o","24":"r","25":"d","26":"e","27":"d","3":"a","4":"n","5":"c","6":"e","7":" ","8":"t","9":"r","level":"debug","message":"info","service":"telecom-billing","timestamp":"2025-12-12 19:37:37"}
{"0":"C","1":"D","10":"s","11":"e","12":"d","13":" ","14":"S","15":"u","16":"c","17":"c","18":"e","19":"s","2":"R","20":"s","21":"f","22":"u","23":"l","24":"l","25":"y","3":" ","4":"P","5":"r","6":"o","7":"c","8":"e","9":"s","level":"debug","message":"info","service":"telecom-billing","timestamp":"2025-12-12 19:37:37"}
{"0":"C","1":"u","10":"a","11":"l","12":"a","13":"n","14":"c","15":"e","16":" ","17":"u","18":"p","19":"d","2":"s","20":"a","21":"t","22":"e","23":"d","3":"t","4":"o","5":"m","6":"e","7":"r","8":" ","9":"b","level":"debug","message":"info","service":"telecom-billing","timestamp":"2025-12-12 19:37:37"}
{"0":"C","1":"D","10":"g","11":" ","12":"u","13":"p","14":"d","15":"a","16":"t","17":"e","18":"d","2":"R","3":" ","4":"b","5":"i","6":"l","7":"l","8":"i","9":"n","level":"debug","message":"info","service":"telecom-billing","timestamp":"2025-12-12 19:37:37"}
{"0":"B","1":"a","10":"a","11":"n","12":"s","13":"a","14":"c","15":"t","16":"i","17":"o","18":"n","19":" ","2":"l","20":"r","21":"e","22":"c","23":"o","24":"r","25":"d","26":"e","27":"d","3":"a","4":"n","5":"c","6":"e","7":" ","8":"t","9":"r","level":"debug","message":"info","service":"telecom-billing","timestamp":"2025-12-12 19:37:37"}
{"0":"C","1":"D","10":"s","11":"e","12":"d","13":" ","14":"S","15":"u","16":"c","17":"c","18":"e","19":"s","2":"R","20":"s","21":"f","22":"u","23":"l","24":"l","25":"y","3":" ","4":"P","5":"r","6":"o","7":"c","8":"e","9":"s","level":"debug","message":"info","service":"telecom-billing","timestamp":"2025-12-12 19:37:37"}
{"0":"C","1":"u","10":"a","11":"l","12":"a","13":"n","14":"c","15":"e","16":" ","17":"u","18":"p","19":"d","2":"s","20":"a","21":"t","22":"e","23":"d","3":"t","4":"o","5":"m","6":"e","7":"r","8":" ","9":"b","level":"debug","message":"info","service":"telecom-billing","timestamp":"2025-12-12 19:37:37"}
{"0":"C","1":"D","10":"g","11":" ","12":"u","13":"p","14":"d","15":"a","16":"t","17":"e","18":"d","2":"R","3":" ","4":"b","5":"i","6":"l","7":"l","8":"i","9":"n","level":"debug","message":"info","service":"telecom-billing","timestamp":"2025-12-12 19:37:37"}
{"0":"B","1":"a","10":"a","11":"n","12":"s","13":"a","14":"c","15":"t","16":"i","17":"o","18":"n","19":" ","2":"l","20":"r","21":"e","22":"c","23":"o","24":"r","25":"d","26":"e","27":"d","3":"a","4":"n","5":"c","6":"e","7":" ","8":"t","9":"r","level":"debug","message":"info","service":"telecom-billing","timestamp":"2025-12-12 19:37:37"}
{"0":"C","1":"D","10":"s","11":"e","12":"d","13":" ","14":"S","15":"u","16":"c","17":"c","18":"e","19":"s","2":"R","20":"s","21":"f","22":"u","23":"l","24":"l","25":"y","3":" ","4":"P","5":"r","6":"o","7":"c","8":"e","9":"s","level":"debug","message":"info","service":"telecom-billing","timestamp":"2025-12-12 19:37:37"}
{"0":"C","1":"u","10":"a","11":"l","12":"a","13":"n","14":"c","15":"e","16":" ","17":"u","18":"p","19":"d","2":"s","20":"a","21":"t","22":"e","23":"d","3":"t","4":"o","5":"m","6":"e","7":"r","8":" ","9":"b","level":"debug","message":"info","service":"telecom-billing","timestamp":"2025-12-12 19:37:37"}
{"0":"C","1":"D","10":"g","11":" ","12":"u","13":"p","14":"d","15":"a","16":"t","17":"e","18":"d","2":"R","3":" ","4":"b","5":"i","6":"l","7":"l","8":"i","9":"n","level":"debug","message":"info","service":"telecom-billing","timestamp":"2025-12-12 19:37:37"}
{"0":"B","1":"a","10":"a","11":"n","12":"s","13":"a","14":"c","15":"t","16":"i","17":"o","18":"n","19":" ","2":"l","20":"r","21":"e","22":"c","23":"o","24":"r","25":"d","26":"e","27":"d","3":"a","4":"n","5":"c","6":"e","7":" ","8":"t","9":"r","level":"debug","message":"info","service":"telecom-billing","timestamp":"2025-12-12 19:37:37"}
{"0":"C","1":"D","10":"s","11":"e","12":"d","13":" ","14":"S","15":"u","16":"c","17":"c","18":"e","19":"s","2":"R","20":"s","21":"f","22":"u","23":"l","24":"l","25":"y","3":" ","4":"P","5":"r","6":"o","7":"c","8":"e","9":"s","level":"debug","message":"info","service":"telecom-billing","timestamp":"2025-12-12 19:37:37"}
{"0":"C","1":"u","10":"a","11":"l","12":"a","13":"n","14":"c","15":"e","16":" ","17":"u","18":"p","19":"d","2":"s","20":"a","21":"t","22":"e","23":"d","3":"t","4":"o","5":"m","6":"e","7":"r","8":" ","9":"b","level":"debug","message":"info","service":"telecom-billing","timestamp":"2025-12-12 19:37:37"}
{"0":"C","1":"D","10":"g","11":" ","12":"u","13":"p","14":"d","15":"a","16":"t","17":"e","18":"d","2":"R","3":" ","4":"b","5":"i","6":"l","7":"l","8":"i","9":"n","level":"debug","message":"info","service":"telecom-billing","timestamp":"2025-12-12 19:37:37"}
{"0":"B","1":"a","10":"a","11":"n","12":"s","13":"a","14":"c","15":"t","16":"i","17":"o","18":"n","19":" ","2":"l","20":"r","21":"e","22":"c","23":"o","24":"r","25":"d","26":"e","27":"d","3":"a","4":"n","5":"c","6":"e","7":" ","8":"t","9":"r","level":"debug","message":"info","service":"telecom-billing","timestamp":"2025-12-12 19:37:37"}
{"0":"C","1":"D","10":"s","11":"e","12":"d","13":" ","14":"S","15":"u","16":"c","17":"c","18":"e","19":"s","2":"R","20":"s","21":"f","22":"u","23":"l","24":"l","25":"y","3":" ","4":"P","5":"r","6":"o","7":"c","8":"e","9":"s","level":"debug","message":"info","service":"telecom-billing","timestamp":"2025-12-12 19:37:37"}
{"0":"C","1":"u","10":"a","11":"l","12":"a","13":"n","14":"c","15":"e","16":" ","17":"u","18":"p","19":"d","2":"s","20":"a","21":"t","22":"e","23":"d","3":"t","4":"o","5":"m","6":"e","7":"r","8":" ","9":"b","level":"debug","message":"info","service":"telecom-billing","timestamp":"2025-12-12 19:37:37"}
{"0":"C","1":"D","10":"g","11":" ","12":"u","13":"p","14":"d","15":"a","16":"t","17":"e","18":"d","2":"R","3":" ","4":"b","5":"i","6":"l","7":"l","8":"i","9":"n","level":"debug","message":"info","service":"telecom-billing","timestamp":"2025-12-12 19:37:37"}
{"0":"B","1":"a","10":"a","11":"n","12":"s","13":"a","14":"c","15":"t","16":"i","17":"o","18":"n","19":" ","2":"l","20":"r","21":"e","22":"c","23":"o","24":"r","25":"d","26":"e","27":"d","3":"a","4":"n","5":"c","6":"e","7":" ","8":"t","9":"r","level":"debug","message":"info","service":"telecom-billing","timestamp":"2025-12-12 19:37:37"}
{"0":"C","1":"D","10":"s","11":"e","12":"d","13":" ","14":"S","15":"u","16":"c","17":"c","18":"e","19":"s","2":"R","20":"s","21":"f","22":"u","23":"l","24":"l","25":"y","3":" ","4":"P","5":"r","6":"o","7":"c","8":"e","9":"s","level":"debug","message":"info","service":"telecom-billing","timestamp":"2025-12-12 19:37:37"}
{"0":"C","1":"u","10":"a","11":"l","12":"a","13":"n","14":"c","15":"e","16":" ","17":"u","18":"p","19":"d","2":"s","20":"a","21":"t","22":"e","23":"d","3":"t","4":"o","5":"m","6":"e","7":"r","8":" ","9":"b","level":"debug","message":"info","service":"telecom-billing","timestamp":"2025-12-12 19:37:37"}
{"0":"C","1":"D","10":"g","11":" ","12":"u","13":"p","14":"d","15":"a","16":"t","17":"e","18":"d","2":"R","3":" ","4":"b","5":"i","6":"l","7":"l","8":"i","9":"n","level":"debug","message":"info","service":"telecom-billing","timestamp":"2025-12-12 19:37:37"}
{"0":"B","1":"a","10":"a","11":"n","12":"s","13":"a","14":"c","15":"t","16":"i","17":"o","18":"n","19":" ","2":"l","20":"r","21":"e","22":"c","23":"o","24":"r","25":"d","26":"e","27":"d","3":"a","4":"n","5":"c","6":"e","7":" ","8":"t","9":"r","level":"debug","message":"info","service":"telecom-billing","timestamp":"2025-12-12 19:37:37"}
{"0":"C","1":"D","10":"s","11":"e","12":"d","13":" ","14":"S","15":"u","16":"c","17":"c","18":"e","19":"s","2":"R","20":"s","21":"f","22":"u","23":"l","24":"l","25":"y","3":" ","4":"P","5":"r","6":"o","7":"c","8":"e","9":"s","level":"debug","message":"info","service":"telecom-billing","timestamp":"2025-12-12 19:37:37"}
{"0":"C","1":"u","10":"a","11":"l","12":"a","13":"n","14":"c","15":"e","16":" ","17":"u","18":"p","19":"d","2":"s","20":"a","21":"t","22":"e","23":"d","3":"t","4":"o","5":"m","6":"e","7":"r","8":" ","9":"b","level":"debug","message":"info","service":"telecom-billing","timestamp":"2025-12-12 19:37:37"}
{"0":"C","1":"D","10":"g","11":" ","12":"u","13":"p","14":"d","15":"a","16":"t","17":"e","18":"d","2":"R","3":" ","4":"b","5":"i","6":"l","7":"l","8":"i","9":"n","level":"debug","message":"info","service":"telecom-billing","timestamp":"2025-12-12 19:37:37"}
{"0":"B","1":"a","10":"a","11":"n","12":"s","13":"a","14":"c","15":"t","16":"i","17":"o","18":"n","19":" ","2":"l","20":"r","21":"e","22":"c","23":"o","24":"r","25":"d","26":"e","27":"d","3":"a","4":"n","5":"c","6":"e","7":" ","8":"t","9":"r","level":"debug","message":"info","service":"telecom-billing","timestamp":"2025-12-12 19:37:37"}
{"0":"C","1":"D","10":"s","11":"e","12":"d","13":" ","14":"S","15":"u","16":"c","17":"c","18":"e","19":"s","2":"R","20":"s","21":"f","22":"u","23":"l","24":"l","25":"y","3":" ","4":"P","5":"r","6":"o","7":"c","8":"e","9":"s","level":"debug","message":"info","service":"telecom-billing","timestamp":"2025-12-12 19:37:37"}
{"0":"C","1":"u","10":"a","11":"l","12":"a","13":"n","14":"c","15":"e","16":" ","17":"u","18":"p","19":"d","2":"s","20":"a","21":"t","22":"e","23":"d","3":"t","4":"o","5":"m","6":"e","7":"r","8":" ","9":"b","level":"debug","message":"info","service":"telecom-billing","timestamp":"2025-12-12 19:37:37"}
{"0":"C","1":"D","10":"g","11":" ","12":"u","13":"p","14":"d","15":"a","16":"t","17":"e","18":"d","2":"R","3":" ","4":"b","5":"i","6":"l","7":"l","8":"i","9":"n","level":"debug","message":"info","service":"telecom-billing","timestamp":"2025-12-12 19:37:37"}
{"0":"B","1":"a","10":"a","11":"n","12":"s","13":"a","14":"c","15":"t","16":"i","17":"o","18":"n","19":" ","2":"l","20":"r","21":"e","22":"c","23":"o","24":"r","25":"d","26":"e","27":"d","3":"a","4":"n","5":"c","6":"e","7":" ","8":"t","9":"r","level":"debug","message":"info","service":"telecom-billing","timestamp":"2025-12-12 19:37:37"}
{"0":"C","1":"D","10":"s","11":"e","12":"d","13":" ","14":"S","15":"u","16":"c","17":"c","18":"e","19":"s","2":"R","20":"s","21":"f","22":"u","23":"l","24":"l","25":"y","3":" ","4":"P","5":"r","6":"o","7":"c","8":"e","9":"s","level":"debug","message":"info","service":"telecom-billing","timestamp":"2025-12-12 19:37:37"}
{"0":"C","1":"u","10":"a","11":"l","12":"a","13":"n","14":"c","15":"e","16":" ","17":"u","18":"p","19":"d","2":"s","20":"a","21":"t","22":"e","23":"d","3":"t","4":"o","5":"m","6":"e","7":"r","8":" ","9":"b","level":"debug","message":"info","service":"telecom-billing","timestamp":"2025-12-12 19:37:37"}
{"0":"C","1":"D","10":"g","11":" ","12":"u","13":"p","14":"d","15":"a","16":"t","17":"e","18":"d","2":"R","3":" ","4":"b","5":"i","6":"l","7":"l","8":"i","9":"n","level":"debug","message":"info","service":"telecom-billing","timestamp":"2025-12-12 19:37:37"}
{"0":"B","1":"a","10":"a","11":"n","12":"s","13":"a","14":"c","15":"t","16":"i","17":"o","18":"n","19":" ","2":"l","20":"r","21":"e","22":"c","23":"o","24":"r","25":"d","26":"e","27":"d","3":"a","4":"n","5":"c","6":"e","7":" ","8":"t","9":"r","level":"debug","message":"info","service":"telecom-billing","timestamp":"2025-12-12 19:37:37"}
{"0":"C","1":"D","10":"s","11":"e","12":"d","13":" ","14":"S","15":"u","16":"c","17":"c","18":"e","19":"s","2":"R","20":"s","21":"f","22":"u","23":"l","24":"l","25":"y","3":" ","4":"P","5":"r","6":"o","7":"c","8":"e","9":"s","level":"debug","message":"info","service":"telecom-billing","timestamp":"2025-12-12 19:37:37"}
{"0":"C","1":"u","10":"a","11":"l","12":"a","13":"n","14":"c","15":"e","16":" ","17":"u","18":"p","19":"d","2":"s","20":"a","21":"t","22":"e","23":"d","3":"t","4":"o","5":"m","6":"e","7":"r","8":" ","9":"b","level":"debug","message":"info","service":"telecom-billing","timestamp":"2025-12-12 19:37:37"}
{"0":"C","1":"D","10":"g","11":" ","12":"u","13":"p","14":"d","15":"a","16":"t","17":"e","18":"d","2":"R","3":" ","4":"b","5":"i","6":"l","7":"l","8":"i","9":"n","level":"debug","message":"info","service":"telecom-billing","timestamp":"2025-12-12 19:37:37"}
{"0":"B","1":"a","10":"a","11":"n","12":"s","13":"a","14":"c","15":"t","16":"i","17":"o","18":"n","19":" ","2":"l","20":"r","21":"e","22":"c","23":"o","24":"r","25":"d","26":"e","27":"d","3":"a","4":"n","5":"c","6":"e","7":" ","8":"t","9":"r","level":"debug","message":"info","service":"telecom-billing","timestamp":"2025-12-12 19:37:37"}
{"0":"C","1":"D","10":"s","11":"e","12":"d","13":" ","14":"S","15":"u","16":"c","17":"c","18":"e","19":"s","2":"R","20":"s","21":"f","22":"u","23":"l","24":"l","25":"y","3":" ","4":"P","5":"r","6":"o","7":"c","8":"e","9":"s","level":"debug","message":"info","service":"telecom-billing","timestamp":"2025-12-12 19:37:37"}
{"0":"C","1":"u","10":"a","11":"l","12":"a","13":"n","14":"c","15":"e","16":" ","17":"u","18":"p","19":"d","2":"s","20":"a","21":"t","22":"e","23":"d","3":"t","4":"o","5":"m","6":"e","7":"r","8":" ","9":"b","level":"debug","message":"info","service":"telecom-billing","timestamp":"2025-12-12 19:37:37"}
{"0":"C","1":"D","10":"g","11":" ","12":"u","13":"p","14":"d","15":"a","16":"t","17":"e","18":"d","2":"R","3":" ","4":"b","5":"i","6":"l","7":"l","8":"i","9":"n","level":"debug","message":"info","service":"telecom-billing","timestamp":"2025-12-12 19:37:37"}
{"0":"B","1":"a","10":"a","11":"n","12":"s","13":"a","14":"c","15":"t","16":"i","17":"o","18":"n","19":" ","2":"l","20":"r","21":"e","22":"c","23":"o","24":"r","25":"d","26":"e","27":"d","3":"a","4":"n","5":"c","6":"e","7":" ","8":"t","9":"r","level":"debug","message":"info","service":"telecom-billing","timestamp":"2025-12-12 19:37:37"}
{"0":"C","1":"D","10":"s","11":"e","12":"d","13":" ","14":"S","15":"u","16":"c","17":"c","18":"e","19":"s","2":"R","20":"s","21":"f","22":"u","23":"l","24":"l","25":"y","3":" ","4":"P","5":"r","6":"o","7":"c","8":"e","9":"s","level":"debug","message":"info","service":"telecom-billing","timestamp":"2025-12-12 19:37:37"}
{"0":"C","1":"u","10":"a","11":"l","12":"a","13":"n","14":"c","15":"e","16":" ","17":"u","18":"p","19":"d","2":"s","20":"a","21":"t","22":"e","23":"d","3":"t","4":"o","5":"m","6":"e","7":"r","8":" ","9":"b","level":"debug","message":"info","service":"telecom-billing","timestamp":"2025-12-12 19:37:37"}
{"0":"C","1":"D","10":"g","11":" ","12":"u","13":"p","14":"d","15":"a","16":"t","17":"e","18":"d","2":"R","3":" ","4":"b","5":"i","6":"l","7":"l","8":"i","9":"n","level":"debug","message":"info","service":"telecom-billing","timestamp":"2025-12-12 19:37:37"}
{"0":"B","1":"a","10":"a","11":"n","12":"s","13":"a","14":"c","15":"t","16":"i","17":"o","18":"n","19":" ","2":"l","20":"r","21":"e","22":"c","23":"o","24":"r","25":"d","26":"e","27":"d","3":"a","4":"n","5":"c","6":"e","7":" ","8":"t","9":"r","level":"debug","message":"info","service":"telecom-billing","timestamp":"2025-12-12 19:37:37"}
{"0":"C","1":"D","10":"s","11":"e","12":"d","13":" ","14":"S","15":"u","16":"c","17":"c","18":"e","19":"s","2":"R","20":"s","21":"f","22":"u","23":"l","24":"l","25":"y","3":" ","4":"P","5":"r","6":"o","7":"c","8":"e","9":"s","level":"debug","message":"info","service":"telecom-billing","timestamp":"2025-12-12 19:37:37"}
{"0":"C","1":"u","10":"a","11":"l","12":"a","13":"n","14":"c","15":"e","16":" ","17":"u","18":"p","19":"d","2":"s","20":"a","21":"t","22":"e","23":"d","3":"t","4":"o","5":"m","6":"e","7":"r","8":" ","9":"b","level":"debug","message":"info","service":"telecom-billing","timestamp":"2025-12-12 19:37:37"}
{"0":"C","1":"D","10":"g","11":" ","12":"u","13":"p","14":"d","15":"a","16":"t","17":"e","18":"d","2":"R","3":" ","4":"b","5":"i","6":"l","7":"l","8":"i","9":"n","level":"debug","message":"info","service":"telecom-billing","timestamp":"2025-12-12 19:37:37"}
{"0":"B","1":"a","10":"a","11":"n","12":"s","13":"a","14":"c","15":"t","16":"i","17":"o","18":"n","19":" ","2":"l","20":"r","21":"e","22":"c","23":"o","24":"r","25":"d","26":"e","27":"d","3":"a","4":"n","5":"c","6":"e","7":" ","8":"t","9":"r","level":"debug","message":"info","service":"telecom-billing","timestamp":"2025-12-12 19:37:37"}
{"0":"C","1":"D","10":"s","11":"e","12":"d","13":" ","14":"S","15":"u","16":"c","17":"c","18":"e","19":"s","2":"R","20":"s","21":"f","22":"u","23":"l","24":"l","25":"y","3":" ","4":"P","5":"r","6":"o","7":"c","8":"e","9":"s","level":"debug","message":"info","service":"telecom-billing","timestamp":"2025-12-12 19:37:37"}
{"0":"C","1":"u","10":"a","11":"l","12":"a","13":"n","14":"c","15":"e","16":" ","17":"u","18":"p","19":"d","2":"s","20":"a","21":"t","22":"e","23":"d","3":"t","4":"o","5":"m","6":"e","7":"r","8":" ","9":"b","level":"debug","message":"info","service":"telecom-billing","timestamp":"2025-12-12 19:37:37"}
{"0":"C","1":"D","10":"g","11":" ","12":"u","13":"p","14":"d","15":"a","16":"t","17":"e","18":"d","2":"R","3":" ","4":"b","5":"i","6":"l","7":"l","8":"i","9":"n","level":"debug","message":"info","service":"telecom-billing","timestamp":"2025-12-12 19:37:37"}
{"0":"B","1":"a","10":"a","11":"n","12":"s","13":"a","14":"c","15":"t","16":"i","17":"o","18":"n","19":" ","2":"l","20":"r","21":"e","22":"c","23":"o","24":"r","25":"d","26":"e","27":"d","3":"a","4":"n","5":"c","6":"e","7":" ","8":"t","9":"r","level":"debug","message":"info","service":"telecom-billing","timestamp":"2025-12-12 19:37:37"}
{"0":"C","1":"D","10":"s","11":"e","12":"d","13":" ","14":"S","15":"u","16":"c","17":"c","18":"e","19":"s","2":"R","20":"s","21":"f","22":"u","23":"l","24":"l","25":"y","3":" ","4":"P","5":"r","6":"o","7":"c","8":"e","9":"s","level":"debug","message":"info","service":"telecom-billing","timestamp":"2025-12-12 19:37:37"}
{"0":"C","1":"u","10":"a","11":"l","12":"a","13":"n","14":"c","15":"e","16":" ","17":"u","18":"p","19":"d","2":"s","20":"a","21":"t","22":"e","23":"d","3":"t","4":"o","5":"m","6":"e","7":"r","8":" ","9":"b","level":"debug","message":"info","service":"telecom-billing","timestamp":"2025-12-12 19:37:37"}
{"0":"C","1":"D","10":"g","11":" ","12":"u","13":"p","14":"d","15":"a","16":"t","17":"e","18":"d","2":"R","3":" ","4":"b","5":"i","6":"l","7":"l","8":"i","9":"n","level":"debug","message":"info","service":"telecom-billing","timestamp":"2025-12-12 19:37:37"}
{"0":"B","1":"a","10":"a","11":"n","12":"s","13":"a","14":"c","15":"t","16":"i","17":"o","18":"n","19":" ","2":"l","20":"r","21":"e","22":"c","23":"o","24":"r","25":"d","26":"e","27":"d","3":"a","4":"n","5":"c","6":"e","7":" ","8":"t","9":"r","level":"debug","message":"info","service":"telecom-billing","timestamp":"2025-12-12 19:37:37"}
{"0":"C","1":"D","10":"s","11":"e","12":"d","13":" ","14":"S","15":"u","16":"c","17":"c","18":"e","19":"s","2":"R","20":"s","21":"f","22":"u","23":"l","24":"l","25":"y","3":" ","4":"P","5":"r","6":"o","7":"c","8":"e","9":"s","level":"debug","message":"info","service":"telecom-billing","timestamp":"2025-12-12 19:37:37"}
{"0":"C","1":"u","10":"a","11":"l","12":"a","13":"n","14":"c","15":"e","16":" ","17":"u","18":"p","19":"d","2":"s","20":"a","21":"t","22":"e","23":"d","3":"t","4":"o","5":"m","6":"e","7":"r","8":" ","9":"b","level":"debug","message":"info","service":"telecom-billing","timestamp":"2025-12-12 19:37:37"}
{"0":"C","1":"D","10":"g","11":" ","12":"u","13":"p","14":"d","15":"a","16":"t","17":"e","18":"d","2":"R","3":" ","4":"b","5":"i","6":"l","7":"l","8":"i","9":"n","level":"debug","message":"info","service":"telecom-billing","timestamp":"2025-12-12 19:37:37"}
{"0":"B","1":"a","10":"a","11":"n","12":"s","13":"a","14":"c","15":"t","16":"i","17":"o","18":"n","19":" ","2":"l","20":"r","21":"e","22":"c","23":"o","24":"r","25":"d","26":"e","27":"d","3":"a","4":"n","5":"c","6":"e","7":" ","8":"t","9":"r","level":"debug","message":"info","service":"telecom-billing","timestamp":"2025-12-12 19:37:37"}
{"0":"C","1":"D","10":"s","11":"e","12":"d","13":" ","14":"S","15":"u","16":"c","17":"c","18":"e","19":"s","2":"R","20":"s","21":"f","22":"u","23":"l","24":"l","25":"y","3":" ","4":"P","5":"r","6":"o","7":"c","8":"e","9":"s","level":"debug","message":"info","service":"telecom-billing","timestamp":"2025-12-12 19:37:37"}
{"0":"C","1":"u","10":"a","11":"l","12":"a","13":"n","14":"c","15":"e","16":" ","17":"u","18":"p","19":"d","2":"s","20":"a","21":"t","22":"e","23":"d","3":"t","4":"o","5":"m","6":"e","7":"r","8":" ","9":"b","level":"debug","message":"info","service":"telecom-billing","timestamp":"2025-12-12 19:37:37"}
{"0":"C","1":"D","10":"g","11":" ","12":"u","13":"p","14":"d","15":"a","16":"t","17":"e","18":"d","2":"R","3":" ","4":"b","5":"i","6":"l","7":"l","8":"i","9":"n","level":"debug","message":"info","service":"telecom-billing","timestamp":"2025-12-12 19:37:37"}
{"0":"B","1":"a","10":"a","11":"n","12":"s","13":"a","14":"c","15":"t","16":"i","17":"o","18":"n","19":" ","2":"l","20":"r","21":"e","22":"c","23":"o","24":"r","25":"d","26":"e","27":"d","3":"a","4":"n","5":"c","6":"e","7":" ","8":"t","9":"r","level":"debug","message":"info","service":"telecom-billing","timestamp":"2025-12-12 19:37:37"}
{"0":"C","1":"D","10":"s","11":"e","12":"d","13":" ","14":"S","15":"u","16":"c","17":"c","18":"e","19":"s","2":"R","20":"s","21":"f","22":"u","23":"l","24":"l","25":"y","3":" ","4":"P","5":"r","6":"o","7":"c","8":"e","9":"s","level":"debug","message":"info","service":"telecom-billing","timestamp":"2025-12-12 19:37:37"}
{"0":"C","1":"u","10":"a","11":"l","12":"a","13":"n","14":"c","15":"e","16":" ","17":"u","18":"p","19":"d","2":"s","20":"a","21":"t","22":"e","23":"d","3":"t","4":"o","5":"m","6":"e","7":"r","8":" ","9":"b","level":"debug","message":"info","service":"telecom-billing","timestamp":"2025-12-12 19:37:37"}
{"0":"C","1":"D","10":"g","11":" ","12":"u","13":"p","14":"d","15":"a","16":"t","17":"e","18":"d","2":"R","3":" ","4":"b","5":"i","6":"l","7":"l","8":"i","9":"n","level":"debug","message":"info","service":"telecom-billing","timestamp":"2025-12-12 19:37:37"}
{"0":"B","1":"a","10":"a","11":"n","12":"s","13":"a","14":"c","15":"t","16":"i","17":"o","18":"n","19":" ","2":"l","20":"r","21":"e","22":"c","23":"o","24":"r","25":"d","26":"e","27":"d","3":"a","4":"n","5":"c","6":"e","7":" ","8":"t","9":"r","level":"debug","message":"info","service":"telecom-billing","timestamp":"2025-12-12 19:37:37"}
{"0":"C","1":"D","10":"s","11":"e","12":"d","13":" ","14":"S","15":"u","16":"c","17":"c","18":"e","19":"s","2":"R","20":"s","21":"f","22":"u","23":"l","24":"l","25":"y","3":" ","4":"P","5":"r","6":"o","7":"c","8":"e","9":"s","level":"debug","message":"info","service":"telecom-billing","timestamp":"2025-12-12 19:37:37"}
{"0":"C","1":"u","10":"a","11":"l","12":"a","13":"n","14":"c","15":"e","16":" ","17":"u","18":"p","19":"d","2":"s","20":"a","21":"t","22":"e","23":"d","3":"t","4":"o","5":"m","6":"e","7":"r","8":" ","9":"b","level":"debug","message":"info","service":"telecom-billing","timestamp":"2025-12-12 19:37:37"}
{"0":"C","1":"D","10":"g","11":" ","12":"u","13":"p","14":"d","15":"a","16":"t","17":"e","18":"d","2":"R","3":" ","4":"b","5":"i","6":"l","7":"l","8":"i","9":"n","level":"debug","message":"info","service":"telecom-billing","timestamp":"2025-12-12 19:37:37"}
{"0":"B","1":"a","10":"a","11":"n","12":"s","13":"a","14":"c","15":"t","16":"i","17":"o","18":"n","19":" ","2":"l","20":"r","21":"e","22":"c","23":"o","24":"r","25":"d","26":"e","27":"d","3":"a","4":"n","5":"c","6":"e","7":" ","8":"t","9":"r","level":"debug","message":"info","service":"telecom-billing","timestamp":"2025-12-12 19:37:37"}
{"0":"C","1":"D","10":"s","11":"e","12":"d","13":" ","14":"S","15":"u","16":"c","17":"c","18":"e","19":"s","2":"R","20":"s","21":"f","22":"u","23":"l","24":"l","25":"y","3":" ","4":"P","5":"r","6":"o","7":"c","8":"e","9":"s","level":"debug","message":"info","service":"telecom-billing","timestamp":"2025-12-12 19:37:37"}
{"0":"C","1":"u","10":"a","11":"l","12":"a","13":"n","14":"c","15":"e","16":" ","17":"u","18":"p","19":"d","2":"s","20":"a","21":"t","22":"e","23":"d","3":"t","4":"o","5":"m","6":"e","7":"r","8":" ","9":"b","level":"debug","message":"info","service":"telecom-billing","timestamp":"2025-12-12 19:37:37"}
{"0":"C","1":"D","10":"g","11":" ","12":"u","13":"p","14":"d","15":"a","16":"t","17":"e","18":"d","2":"R","3":" ","4":"b","5":"i","6":"l","7":"l","8":"i","9":"n","level":"debug","message":"info","service":"telecom-billing","timestamp":"2025-12-12 19:37:37"}
{"0":"B","1":"a","10":"a","11":"n","12":"s","13":"a","14":"c","15":"t","16":"i","17":"o","18":"n","19":" ","2":"l","20":"r","21":"e","22":"c","23":"o","24":"r","25":"d","26":"e","27":"d","3":"a","4":"n","5":"c","6":"e","7":" ","8":"t","9":"r","level":"debug","message":"info","service":"telecom-billing","timestamp":"2025-12-12 19:37:37"}
{"0":"C","1":"D","10":"s","11":"e","12":"d","13":" ","14":"S","15":"u","16":"c","17":"c","18":"e","19":"s","2":"R","20":"s","21":"f","22":"u","23":"l","24":"l","25":"y","3":" ","4":"P","5":"r","6":"o","7":"c","8":"e","9":"s","level":"debug","message":"info","service":"telecom-billing","timestamp":"2025-12-12 19:37:38"}
{"0":"C","1":"u","10":"a","11":"l","12":"a","13":"n","14":"c","15":"e","16":" ","17":"u","18":"p","19":"d","2":"s","20":"a","21":"t","22":"e","23":"d","3":"t","4":"o","5":"m","6":"e","7":"r","8":" ","9":"b","level":"debug","message":"info","service":"telecom-billing","timestamp":"2025-12-12 19:37:38"}
{"0":"C","1":"D","10":"g","11":" ","12":"u","13":"p","14":"d","15":"a","16":"t","17":"e","18":"d","2":"R","3":" ","4":"b","5":"i","6":"l","7":"l","8":"i","9":"n","level":"debug","message":"info","service":"telecom-billing","timestamp":"2025-12-12 19:37:38"}
{"0":"B","1":"a","10":"a","11":"n","12":"s","13":"a","14":"c","15":"t","16":"i","17":"o","18":"n","19":" ","2":"l","20":"r","21":"e","22":"c","23":"o","24":"r","25":"d","26":"e","27":"d","3":"a","4":"n","5":"c","6":"e","7":" ","8":"t","9":"r","level":"debug","message":"info","service":"telecom-billing","timestamp":"2025-12-12 19:37:38"}
{"0":"C","1":"D","10":"s","11":"e","12":"d","13":" ","14":"S","15":"u","16":"c","17":"c","18":"e","19":"s","2":"R","20":"s","21":"f","22":"u","23":"l","24":"l","25":"y","3":" ","4":"P","5":"r","6":"o","7":"c","8":"e","9":"s","level":"debug","message":"info","service":"telecom-billing","timestamp":"2025-12-12 19:37:38"}
{"0":"C","1":"u","10":"a","11":"l","12":"a","13":"n","14":"c","15":"e","16":" ","17":"u","18":"p","19":"d","2":"s","20":"a","21":"t","22":"e","23":"d","3":"t","4":"o","5":"m","6":"e","7":"r","8":" ","9":"b","level":"debug","message":"info","service":"telecom-billing","timestamp":"2025-12-12 19:37:38"}
{"0":"C","1":"D","10":"g","11":" ","12":"u","13":"p","14":"d","15":"a","16":"t","17":"e","18":"d","2":"R","3":" ","4":"b","5":"i","6":"l","7":"l","8":"i","9":"n","level":"debug","message":"info","service":"telecom-billing","timestamp":"2025-12-12 19:37:38"}
{"0":"B","1":"a","10":"a","11":"n","12":"s","13":"a","14":"c","15":"t","16":"i","17":"o","18":"n","19":" ","2":"l","20":"r","21":"e","22":"c","23":"o","24":"r","25":"d","26":"e","27":"d","3":"a","4":"n","5":"c","6":"e","7":" ","8":"t","9":"r","level":"debug","message":"info","service":"telecom-billing","timestamp":"2025-12-12 19:37:38"}
{"0":"C","1":"D","10":"s","11":"e","12":"d","13":" ","14":"S","15":"u","16":"c","17":"c","18":"e","19":"s","2":"R","20":"s","21":"f","22":"u","23":"l","24":"l","25":"y","3":" ","4":"P","5":"r","6":"o","7":"c","8":"e","9":"s","level":"debug","message":"info","service":"telecom-billing","timestamp":"2025-12-12 19:37:38"}
{"0":"C","1":"u","10":"a","11":"l","12":"a","13":"n","14":"c","15":"e","16":" ","17":"u","18":"p","19":"d","2":"s","20":"a","21":"t","22":"e","23":"d","3":"t","4":"o","5":"m","6":"e","7":"r","8":" ","9":"b","level":"debug","message":"info","service":"telecom-billing","timestamp":"2025-12-12 19:37:38"}
{"0":"C","1":"D","10":"g","11":" ","12":"u","13":"p","14":"d","15":"a","16":"t","17":"e","18":"d","2":"R","3":" ","4":"b","5":"i","6":"l","7":"l","8":"i","9":"n","level":"debug","message":"info","service":"telecom-billing","timestamp":"2025-12-12 19:37:38"}
{"0":"B","1":"a","10":"a","11":"n","12":"s","13":"a","14":"c","15":"t","16":"i","17":"o","18":"n","19":" ","2":"l","20":"r","21":"e","22":"c","23":"o","24":"r","25":"d","26":"e","27":"d","3":"a","4":"n","5":"c","6":"e","7":" ","8":"t","9":"r","level":"debug","message":"info","service":"telecom-billing","timestamp":"2025-12-12 19:37:38"}
{"0":"C","1":"D","10":"s","11":"e","12":"d","13":" ","14":"S","15":"u","16":"c","17":"c","18":"e","19":"s","2":"R","20":"s","21":"f","22":"u","23":"l","24":"l","25":"y","3":" ","4":"P","5":"r","6":"o","7":"c","8":"e","9":"s","level":"debug","message":"info","service":"telecom-billing","timestamp":"2025-12-12 19:37:38"}
{"0":"C","1":"u","10":"a","11":"l","12":"a","13":"n","14":"c","15":"e","16":" ","17":"u","18":"p","19":"d","2":"s","20":"a","21":"t","22":"e","23":"d","3":"t","4":"o","5":"m","6":"e","7":"r","8":" ","9":"b","level":"debug","message":"info","service":"telecom-billing","timestamp":"2025-12-12 19:37:38"}
{"0":"C","1":"D","10":"g","11":" ","12":"u","13":"p","14":"d","15":"a","16":"t","17":"e","18":"d","2":"R","3":" ","4":"b","5":"i","6":"l","7":"l","8":"i","9":"n","level":"debug","message":"info","service":"telecom-billing","timestamp":"2025-12-12 19:37:38"}
{"0":"B","1":"a","10":"a","11":"n","12":"s","13":"a","14":"c","15":"t","16":"i","17":"o","18":"n","19":" ","2":"l","20":"r","21":"e","22":"c","23":"o","24":"r","25":"d","26":"e","27":"d","3":"a","4":"n","5":"c","6":"e","7":" ","8":"t","9":"r","level":"debug","message":"info","service":"telecom-billing","timestamp":"2025-12-12 19:37:38"}
{"0":"C","1":"D","10":"s","11":"e","12":"d","13":" ","14":"S","15":"u","16":"c","17":"c","18":"e","19":"s","2":"R","20":"s","21":"f","22":"u","23":"l","24":"l","25":"y","3":" ","4":"P","5":"r","6":"o","7":"c","8":"e","9":"s","level":"debug","message":"info","service":"telecom-billing","timestamp":"2025-12-12 19:37:38"}
{"0":"C","1":"u","10":"a","11":"l","12":"a","13":"n","14":"c","15":"e","16":" ","17":"u","18":"p","19":"d","2":"s","20":"a","21":"t","22":"e","23":"d","3":"t","4":"o","5":"m","6":"e","7":"r","8":" ","9":"b","level":"debug","message":"info","service":"telecom-billing","timestamp":"2025-12-12 19:37:38"}
{"0":"C","1":"D","10":"g","11":" ","12":"u","13":"p","14":"d","15":"a","16":"t","17":"e","18":"d","2":"R","3":" ","4":"b","5":"i","6":"l","7":"l","8":"i","9":"n","level":"debug","message":"info","service":"telecom-billing","timestamp":"2025-12-12 19:37:38"}
{"0":"B","1":"a","10":"a","11":"n","12":"s","13":"a","14":"c","15":"t","16":"i","17":"o","18":"n","19":" ","2":"l","20":"r","21":"e","22":"c","23":"o","24":"r","25":"d","26":"e","27":"d","3":"a","4":"n","5":"c","6":"e","7":" ","8":"t","9":"r","level":"debug","message":"info","service":"telecom-billing","timestamp":"2025-12-12 19:37:38"}
{"0":"C","1":"D","10":"s","11":"e","12":"d","13":" ","14":"S","15":"u","16":"c","17":"c","18":"e","19":"s","2":"R","20":"s","21":"f","22":"u","23":"l","24":"l","25":"y","3":" ","4":"P","5":"r","6":"o","7":"c","8":"e","9":"s","level":"debug","message":"info","service":"telecom-billing","timestamp":"2025-12-12 19:37:38"}
{"0":"C","1":"u","10":"a","11":"l","12":"a","13":"n","14":"c","15":"e","16":" ","17":"u","18":"p","19":"d","2":"s","20":"a","21":"t","22":"e","23":"d","3":"t","4":"o","5":"m","6":"e","7":"r","8":" ","9":"b","level":"debug","message":"info","service":"telecom-billing","timestamp":"2025-12-12 19:37:38"}
{"0":"C","1":"D","10":"g","11":" ","12":"u","13":"p","14":"d","15":"a","16":"t","17":"e","18":"d","2":"R","3":" ","4":"b","5":"i","6":"l","7":"l","8":"i","9":"n","level":"debug","message":"info","service":"telecom-billing","timestamp":"2025-12-12 19:37:38"}
{"0":"B","1":"a","10":"a","11":"n","12":"s","13":"a","14":"c","15":"t","16":"i","17":"o","18":"n","19":" ","2":"l","20":"r","21":"e","22":"c","23":"o","24":"r","25":"d","26":"e","27":"d","3":"a","4":"n","5":"c","6":"e","7":" ","8":"t","9":"r","level":"debug","message":"info","service":"telecom-billing","timestamp":"2025-12-12 19:37:38"}
{"0":"C","1":"D","10":"s","11":"e","12":"d","13":" ","14":"S","15":"u","16":"c","17":"c","18":"e","19":"s","2":"R","20":"s","21":"f","22":"u","23":"l","24":"l","25":"y","3":" ","4":"P","5":"r","6":"o","7":"c","8":"e","9":"s","level":"debug","message":"info","service":"telecom-billing","timestamp":"2025-12-12 19:37:38"}
{"0":"C","1":"u","10":"a","11":"l","12":"a","13":"n","14":"c","15":"e","16":" ","17":"u","18":"p","19":"d","2":"s","20":"a","21":"t","22":"e","23":"d","3":"t","4":"o","5":"m","6":"e","7":"r","8":" ","9":"b","level":"debug","message":"info","service":"telecom-billing","timestamp":"2025-12-12 19:37:38"}
{"0":"C","1":"D","10":"g","11":" ","12":"u","13":"p","14":"d","15":"a","16":"t","17":"e","18":"d","2":"R","3":" ","4":"b","5":"i","6":"l","7":"l","8":"i","9":"n","level":"debug","message":"info","service":"telecom-billing","timestamp":"2025-12-12 19:37:38"}
{"0":"B","1":"a","10":"a","11":"n","12":"s","13":"a","14":"c","15":"t","16":"i","17":"o","18":"n","19":" ","2":"l","20":"r","21":"e","22":"c","23":"o","24":"r","25":"d","26":"e","27":"d","3":"a","4":"n","5":"c","6":"e","7":" ","8":"t","9":"r","level":"debug","message":"info","service":"telecom-billing","timestamp":"2025-12-12 19:37:38"}
{"0":"C","1":"D","10":"s","11":"e","12":"d","13":" ","14":"S","15":"u","16":"c","17":"c","18":"e","19":"s","2":"R","20":"s","21":"f","22":"u","23":"l","24":"l","25":"y","3":" ","4":"P","5":"r","6":"o","7":"c","8":"e","9":"s","level":"debug","message":"info","service":"telecom-billing","timestamp":"2025-12-12 19:37:38"}
{"0":"C","1":"u","10":"a","11":"l","12":"a","13":"n","14":"c","15":"e","16":" ","17":"u","18":"p","19":"d","2":"s","20":"a","21":"t","22":"e","23":"d","3":"t","4":"o","5":"m","6":"e","7":"r","8":" ","9":"b","level":"debug","message":"info","service":"telecom-billing","timestamp":"2025-12-12 19:37:38"}
{"0":"C","1":"D","10":"g","11":" ","12":"u","13":"p","14":"d","15":"a","16":"t","17":"e","18":"d","2":"R","3":" ","4":"b","5":"i","6":"l","7":"l","8":"i","9":"n","level":"debug","message":"info","service":"telecom-billing","timestamp":"2025-12-12 19:37:38"}
{"0":"B","1":"a","10":"a","11":"n","12":"s","13":"a","14":"c","15":"t","16":"i","17":"o","18":"n","19":" ","2":"l","20":"r","21":"e","22":"c","23":"o","24":"r","25":"d","26":"e","27":"d","3":"a","4":"n","5":"c","6":"e","7":" ","8":"t","9":"r","level":"debug","message":"info","service":"telecom-billing","timestamp":"2025-12-12 19:37:38"}
{"0":"C","1":"D","10":"s","11":"e","12":"d","13":" ","14":"S","15":"u","16":"c","17":"c","18":"e","19":"s","2":"R","20":"s","21":"f","22":"u","23":"l","24":"l","25":"y","3":" ","4":"P","5":"r","6":"o","7":"c","8":"e","9":"s","level":"debug","message":"info","service":"telecom-billing","timestamp":"2025-12-12 19:37:38"}
{"0":"C","1":"u","10":"a","11":"l","12":"a","13":"n","14":"c","15":"e","16":" ","17":"u","18":"p","19":"d","2":"s","20":"a","21":"t","22":"e","23":"d","3":"t","4":"o","5":"m","6":"e","7":"r","8":" ","9":"b","level":"debug","message":"info","service":"telecom-billing","timestamp":"2025-12-12 19:37:38"}
{"0":"C","1":"D","10":"g","11":" ","12":"u","13":"p","14":"d","15":"a","16":"t","17":"e","18":"d","2":"R","3":" ","4":"b","5":"i","6":"l","7":"l","8":"i","9":"n","level":"debug","message":"info","service":"telecom-billing","timestamp":"2025-12-12 19:37:38"}
{"0":"B","1":"a","10":"a","11":"n","12":"s","13":"a","14":"c","15":"t","16":"i","17":"o","18":"n","19":" ","2":"l","20":"r","21":"e","22":"c","23":"o","24":"r","25":"d","26":"e","27":"d","3":"a","4":"n","5":"c","6":"e","7":" ","8":"t","9":"r","level":"debug","message":"info","service":"telecom-billing","timestamp":"2025-12-12 19:37:38"}
{"0":"C","1":"D","10":"s","11":"e","12":"d","13":" ","14":"S","15":"u","16":"c","17":"c","18":"e","19":"s","2":"R","20":"s","21":"f","22":"u","23":"l","24":"l","25":"y","3":" ","4":"P","5":"r","6":"o","7":"c","8":"e","9":"s","level":"debug","message":"info","service":"telecom-billing","timestamp":"2025-12-12 19:37:38"}
{"0":"C","1":"u","10":"a","11":"l","12":"a","13":"n","14":"c","15":"e","16":" ","17":"u","18":"p","19":"d","2":"s","20":"a","21":"t","22":"e","23":"d","3":"t","4":"o","5":"m","6":"e","7":"r","8":" ","9":"b","level":"debug","message":"info","service":"telecom-billing","timestamp":"2025-12-12 19:37:38"}
{"0":"C","1":"D","10":"g","11":" ","12":"u","13":"p","14":"d","15":"a","16":"t","17":"e","18":"d","2":"R","3":" ","4":"b","5":"i","6":"l","7":"l","8":"i","9":"n","level":"debug","message":"info","service":"telecom-billing","timestamp":"2025-12-12 19:37:38"}
{"0":"B","1":"a","10":"a","11":"n","12":"s","13":"a","14":"c","15":"t","16":"i","17":"o","18":"n","19":" ","2":"l","20":"r","21":"e","22":"c","23":"o","24":"r","25":"d","26":"e","27":"d","3":"a","4":"n","5":"c","6":"e","7":" ","8":"t","9":"r","level":"debug","message":"info","service":"telecom-billing","timestamp":"2025-12-12 19:37:38"}
{"0":"C","1":"D","10":"s","11":"e","12":"d","13":" ","14":"S","15":"u","16":"c","17":"c","18":"e","19":"s","2":"R","20":"s","21":"f","22":"u","23":"l","24":"l","25":"y","3":" ","4":"P","5":"r","6":"o","7":"c","8":"e","9":"s","level":"debug","message":"info","service":"telecom-billing","timestamp":"2025-12-12 19:37:38"}
{"0":"C","1":"u","10":"a","11":"l","12":"a","13":"n","14":"c","15":"e","16":" ","17":"u","18":"p","19":"d","2":"s","20":"a","21":"t","22":"e","23":"d","3":"t","4":"o","5":"m","6":"e","7":"r","8":" ","9":"b","level":"debug","message":"info","service":"telecom-billing","timestamp":"2025-12-12 19:37:38"}
{"0":"C","1":"D","10":"g","11":" ","12":"u","13":"p","14":"d","15":"a","16":"t","17":"e","18":"d","2":"R","3":" ","4":"b","5":"i","6":"l","7":"l","8":"i","9":"n","level":"debug","message":"info","service":"telecom-billing","timestamp":"2025-12-12 19:37:38"}
{"0":"B","1":"a","10":"a","11":"n","12":"s","13":"a","14":"c","15":"t","16":"i","17":"o","18":"n","19":" ","2":"l","20":"r","21":"e","22":"c","23":"o","24":"r","25":"d","26":"e","27":"d","3":"a","4":"n","5":"c","6":"e","7":" ","8":"t","9":"r","level":"debug","message":"info","service":"telecom-billing","timestamp":"2025-12-12 19:37:38"}
{"0":"C","1":"D","10":"s","11":"e","12":"d","13":" ","14":"S","15":"u","16":"c","17":"c","18":"e","19":"s","2":"R","20":"s","21":"f","22":"u","23":"l","24":"l","25":"y","3":" ","4":"P","5":"r","6":"o","7":"c","8":"e","9":"s","level":"debug","message":"info","service":"telecom-billing","timestamp":"2025-12-12 19:37:38"}
{"0":"C","1":"u","10":"a","11":"l","12":"a","13":"n","14":"c","15":"e","16":" ","17":"u","18":"p","19":"d","2":"s","20":"a","21":"t","22":"e","23":"d","3":"t","4":"o","5":"m","6":"e","7":"r","8":" ","9":"b","level":"debug","message":"info","service":"telecom-billing","timestamp":"2025-12-12 19:37:38"}
{"0":"C","1":"D","10":"g","11":" ","12":"u","13":"p","14":"d","15":"a","16":"t","17":"e","18":"d","2":"R","3":" ","4":"b","5":"i","6":"l","7":"l","8":"i","9":"n","level":"debug","message":"info","service":"telecom-billing","timestamp":"2025-12-12 19:37:38"}
{"0":"B","1":"a","10":"a","11":"n","12":"s","13":"a","14":"c","15":"t","16":"i","17":"o","18":"n","19":" ","2":"l","20":"r","21":"e","22":"c","23":"o","24":"r","25":"d","26":"e","27":"d","3":"a","4":"n","5":"c","6":"e","7":" ","8":"t","9":"r","level":"debug","message":"info","service":"telecom-billing","timestamp":"2025-12-12 19:37:38"}
{"0":"C","1":"D","10":"s","11":"e","12":"d","13":" ","14":"S","15":"u","16":"c","17":"c","18":"e","19":"s","2":"R","20":"s","21":"f","22":"u","23":"l","24":"l","25":"y","3":" ","4":"P","5":"r","6":"o","7":"c","8":"e","9":"s","level":"debug","message":"info","service":"telecom-billing","timestamp":"2025-12-12 19:37:38"}
{"0":"C","1":"u","10":"a","11":"l","12":"a","13":"n","14":"c","15":"e","16":" ","17":"u","18":"p","19":"d","2":"s","20":"a","21":"t","22":"e","23":"d","3":"t","4":"o","5":"m","6":"e","7":"r","8":" ","9":"b","level":"debug","message":"info","service":"telecom-billing","timestamp":"2025-12-12 19:37:38"}
{"0":"C","1":"D","10":"g","11":" ","12":"u","13":"p","14":"d","15":"a","16":"t","17":"e","18":"d","2":"R","3":" ","4":"b","5":"i","6":"l","7":"l","8":"i","9":"n","level":"debug","message":"info","service":"telecom-billing","timestamp":"2025-12-12 19:37:38"}
{"0":"B","1":"a","10":"a","11":"n","12":"s","13":"a","14":"c","15":"t","16":"i","17":"o","18":"n","19":" ","2":"l","20":"r","21":"e","22":"c","23":"o","24":"r","25":"d","26":"e","27":"d","3":"a","4":"n","5":"c","6":"e","7":" ","8":"t","9":"r","level":"debug","message":"info","service":"telecom-billing","timestamp":"2025-12-12 19:37:38"}
{"0":"C","1":"D","10":"s","11":"e","12":"d","13":" ","14":"S","15":"u","16":"c","17":"c","18":"e","19":"s","2":"R","20":"s","21":"f","22":"u","23":"l","24":"l","25":"y","3":" ","4":"P","5":"r","6":"o","7":"c","8":"e","9":"s","level":"debug","message":"info","service":"telecom-billing","timestamp":"2025-12-12 19:37:38"}
{"0":"C","1":"u","10":"a","11":"l","12":"a","13":"n","14":"c","15":"e","16":" ","17":"u","18":"p","19":"d","2":"s","20":"a","21":"t","22":"e","23":"d","3":"t","4":"o","5":"m","6":"e","7":"r","8":" ","9":"b","level":"debug","message":"info","service":"telecom-billing","timestamp":"2025-12-12 19:37:38"}
{"0":"C","1":"D","10":"g","11":" ","12":"u","13":"p","14":"d","15":"a","16":"t","17":"e","18":"d","2":"R","3":" ","4":"b","5":"i","6":"l","7":"l","8":"i","9":"n","level":"debug","message":"info","service":"telecom-billing","timestamp":"2025-12-12 19:37:38"}
{"0":"B","1":"a","10":"a","11":"n","12":"s","13":"a","14":"c","15":"t","16":"i","17":"o","18":"n","19":" ","2":"l","20":"r","21":"e","22":"c","23":"o","24":"r","25":"d","26":"e","27":"d","3":"a","4":"n","5":"c","6":"e","7":" ","8":"t","9":"r","level":"debug","message":"info","service":"telecom-billing","timestamp":"2025-12-12 19:37:38"}
{"0":"C","1":"D","10":"s","11":"e","12":"d","13":" ","14":"S","15":"u","16":"c","17":"c","18":"e","19":"s","2":"R","20":"s","21":"f","22":"u","23":"l","24":"l","25":"y","3":" ","4":"P","5":"r","6":"o","7":"c","8":"e","9":"s","level":"debug","message":"info","service":"telecom-billing","timestamp":"2025-12-12 19:37:38"}
{"0":"C","1":"u","10":"a","11":"l","12":"a","13":"n","14":"c","15":"e","16":" ","17":"u","18":"p","19":"d","2":"s","20":"a","21":"t","22":"e","23":"d","3":"t","4":"o","5":"m","6":"e","7":"r","8":" ","9":"b","level":"debug","message":"info","service":"telecom-billing","timestamp":"2025-12-12 19:37:38"}
{"0":"C","1":"D","10":"g","11":" ","12":"u","13":"p","14":"d","15":"a","16":"t","17":"e","18":"d","2":"R","3":" ","4":"b","5":"i","6":"l","7":"l","8":"i","9":"n","level":"debug","message":"info","service":"telecom-billing","timestamp":"2025-12-12 19:37:38"}
{"0":"B","1":"a","10":"a","11":"n","12":"s","13":"a","14":"c","15":"t","16":"i","17":"o","18":"n","19":" ","2":"l","20":"r","21":"e","22":"c","23":"o","24":"r","25":"d","26":"e","27":"d","3":"a","4":"n","5":"c","6":"e","7":" ","8":"t","9":"r","level":"debug","message":"info","service":"telecom-billing","timestamp":"2025-12-12 19:37:38"}
{"0":"C","1":"D","10":"s","11":"e","12":"d","13":" ","14":"S","15":"u","16":"c","17":"c","18":"e","19":"s","2":"R","20":"s","21":"f","22":"u","23":"l","24":"l","25":"y","3":" ","4":"P","5":"r","6":"o","7":"c","8":"e","9":"s","level":"debug","message":"info","service":"telecom-billing","timestamp":"2025-12-12 19:37:38"}
{"0":"C","1":"u","10":"a","11":"l","12":"a","13":"n","14":"c","15":"e","16":" ","17":"u","18":"p","19":"d","2":"s","20":"a","21":"t","22":"e","23":"d","3":"t","4":"o","5":"m","6":"e","7":"r","8":" ","9":"b","level":"debug","message":"info","service":"telecom-billing","timestamp":"2025-12-12 19:37:38"}
{"0":"C","1":"D","10":"g","11":" ","12":"u","13":"p","14":"d","15":"a","16":"t","17":"e","18":"d","2":"R","3":" ","4":"b","5":"i","6":"l","7":"l","8":"i","9":"n","level":"debug","message":"info","service":"telecom-billing","timestamp":"2025-12-12 19:37:38"}
{"0":"B","1":"a","10":"a","11":"n","12":"s","13":"a","14":"c","15":"t","16":"i","17":"o","18":"n","19":" ","2":"l","20":"r","21":"e","22":"c","23":"o","24":"r","25":"d","26":"e","27":"d","3":"a","4":"n","5":"c","6":"e","7":" ","8":"t","9":"r","level":"debug","message":"info","service":"telecom-billing","timestamp":"2025-12-12 19:37:38"}
{"0":"C","1":"D","10":"s","11":"e","12":"d","13":" ","14":"S","15":"u","16":"c","17":"c","18":"e","19":"s","2":"R","20":"s","21":"f","22":"u","23":"l","24":"l","25":"y","3":" ","4":"P","5":"r","6":"o","7":"c","8":"e","9":"s","level":"debug","message":"info","service":"telecom-billing","timestamp":"2025-12-12 19:37:38"}
{"0":"C","1":"u","10":"a","11":"l","12":"a","13":"n","14":"c","15":"e","16":" ","17":"u","18":"p","19":"d","2":"s","20":"a","21":"t","22":"e","23":"d","3":"t","4":"o","5":"m","6":"e","7":"r","8":" ","9":"b","level":"debug","message":"info","service":"telecom-billing","timestamp":"2025-12-12 19:37:38"}
{"0":"C","1":"D","10":"g","11":" ","12":"u","13":"p","14":"d","15":"a","16":"t","17":"e","18":"d","2":"R","3":" ","4":"b","5":"i","6":"l","7":"l","8":"i","9":"n","level":"debug","message":"info","service":"telecom-billing","timestamp":"2025-12-12 19:37:38"}
{"0":"B","1":"a","10":"a","11":"n","12":"s","13":"a","14":"c","15":"t","16":"i","17":"o","18":"n","19":" ","2":"l","20":"r","21":"e","22":"c","23":"o","24":"r","25":"d","26":"e","27":"d","3":"a","4":"n","5":"c","6":"e","7":" ","8":"t","9":"r","level":"debug","message":"info","service":"telecom-billing","timestamp":"2025-12-12 19:37:38"}
{"0":"C","1":"D","10":"s","11":"e","12":"d","13":" ","14":"S","15":"u","16":"c","17":"c","18":"e","19":"s","2":"R","20":"s","21":"f","22":"u","23":"l","24":"l","25":"y","3":" ","4":"P","5":"r","6":"o","7":"c","8":"e","9":"s","level":"debug","message":"info","service":"telecom-billing","timestamp":"2025-12-12 19:37:38"}
{"0":"C","1":"u","10":"a","11":"l","12":"a","13":"n","14":"c","15":"e","16":" ","17":"u","18":"p","19":"d","2":"s","20":"a","21":"t","22":"e","23":"d","3":"t","4":"o","5":"m","6":"e","7":"r","8":" ","9":"b","level":"debug","message":"info","service":"telecom-billing","timestamp":"2025-12-12 19:37:38"}
{"0":"C","1":"D","10":"g","11":" ","12":"u","13":"p","14":"d","15":"a","16":"t","17":"e","18":"d","2":"R","3":" ","4":"b","5":"i","6":"l","7":"l","8":"i","9":"n","level":"debug","message":"info","service":"telecom-billing","timestamp":"2025-12-12 19:37:38"}
{"0":"B","1":"a","10":"a","11":"n","12":"s","13":"a","14":"c","15":"t","16":"i","17":"o","18":"n","19":" ","2":"l","20":"r","21":"e","22":"c","23":"o","24":"r","25":"d","26":"e","27":"d","3":"a","4":"n","5":"c","6":"e","7":" ","8":"t","9":"r","level":"debug","message":"info","service":"telecom-billing","timestamp":"2025-12-12 19:37:38"}
{"0":"C","1":"D","10":"s","11":"e","12":"d","13":" ","14":"S","15":"u","16":"c","17":"c","18":"e","19":"s","2":"R","20":"s","21":"f","22":"u","23":"l","24":"l","25":"y","3":" ","4":"P","5":"r","6":"o","7":"c","8":"e","9":"s","level":"debug","message":"info","service":"telecom-billing","timestamp":"2025-12-12 19:37:38"}
{"0":"C","1":"u","10":"a","11":"l","12":"a","13":"n","14":"c","15":"e","16":" ","17":"u","18":"p","19":"d","2":"s","20":"a","21":"t","22":"e","23":"d","3":"t","4":"o","5":"m","6":"e","7":"r","8":" ","9":"b","level":"debug","message":"info","service":"telecom-billing","timestamp":"2025-12-12 19:37:38"}
{"0":"C","1":"D","10":"g","11":" ","12":"u","13":"p","14":"d","15":"a","16":"t","17":"e","18":"d","2":"R","3":" ","4":"b","5":"i","6":"l","7":"l","8":"i","9":"n","level":"debug","message":"info","service":"telecom-billing","timestamp":"2025-12-12 19:37:38"}
{"0":"B","1":"a","10":"a","11":"n","12":"s","13":"a","14":"c","15":"t","16":"i","17":"o","18":"n","19":" ","2":"l","20":"r","21":"e","22":"c","23":"o","24":"r","25":"d","26":"e","27":"d","3":"a","4":"n","5":"c","6":"e","7":" ","8":"t","9":"r","level":"debug","message":"info","service":"telecom-billing","timestamp":"2025-12-12 19:37:38"}
{"0":"C","1":"D","10":"s","11":"e","12":"d","13":" ","14":"S","15":"u","16":"c","17":"c","18":"e","19":"s","2":"R","20":"s","21":"f","22":"u","23":"l","24":"l","25":"y","3":" ","4":"P","5":"r","6":"o","7":"c","8":"e","9":"s","level":"debug","message":"info","service":"telecom-billing","timestamp":"2025-12-12 19:37:38"}
{"0":"C","1":"u","10":"a","11":"l","12":"a","13":"n","14":"c","15":"e","16":" ","17":"u","18":"p","19":"d","2":"s","20":"a","21":"t","22":"e","23":"d","3":"t","4":"o","5":"m","6":"e","7":"r","8":" ","9":"b","level":"debug","message":"info","service":"telecom-billing","timestamp":"2025-12-12 19:37:38"}
{"0":"C","1":"D","10":"g","11":" ","12":"u","13":"p","14":"d","15":"a","16":"t","17":"e","18":"d","2":"R","3":" ","4":"b","5":"i","6":"l","7":"l","8":"i","9":"n","level":"debug","message":"info","service":"telecom-billing","timestamp":"2025-12-12 19:37:38"}
{"0":"B","1":"a","10":"a","11":"n","12":"s","13":"a","14":"c","15":"t","16":"i","17":"o","18":"n","19":" ","2":"l","20":"r","21":"e","22":"c","23":"o","24":"r","25":"d","26":"e","27":"d","3":"a","4":"n","5":"c","6":"e","7":" ","8":"t","9":"r","level":"debug","message":"info","service":"telecom-billing","timestamp":"2025-12-12 19:37:38"}
{"0":"C","1":"D","10":"s","11":"e","12":"d","13":" ","14":"S","15":"u","16":"c","17":"c","18":"e","19":"s","2":"R","20":"s","21":"f","22":"u","23":"l","24":"l","25":"y","3":" ","4":"P","5":"r","6":"o","7":"c","8":"e","9":"s","level":"debug","message":"info","service":"telecom-billing","timestamp":"2025-12-12 19:37:38"}
{"0":"C","1":"u","10":"a","11":"l","12":"a","13":"n","14":"c","15":"e","16":" ","17":"u","18":"p","19":"d","2":"s","20":"a","21":"t","22":"e","23":"d","3":"t","4":"o","5":"m","6":"e","7":"r","8":" ","9":"b","level":"debug","message":"info","service":"telecom-billing","timestamp":"2025-12-12 19:37:38"}
{"0":"C","1":"D","10":"g","11":" ","12":"u","13":"p","14":"d","15":"a","16":"t","17":"e","18":"d","2":"R","3":" ","4":"b","5":"i","6":"l","7":"l","8":"i","9":"n","level":"debug","message":"info","service":"telecom-billing","timestamp":"2025-12-12 19:37:38"}
{"0":"B","1":"a","10":"a","11":"n","12":"s","13":"a","14":"c","15":"t","16":"i","17":"o","18":"n","19":" ","2":"l","20":"r","21":"e","22":"c","23":"o","24":"r","25":"d","26":"e","27":"d","3":"a","4":"n","5":"c","6":"e","7":" ","8":"t","9":"r","level":"debug","message":"info","service":"telecom-billing","timestamp":"2025-12-12 19:37:38"}
{"0":"C","1":"D","10":"s","11":"e","12":"d","13":" ","14":"S","15":"u","16":"c","17":"c","18":"e","19":"s","2":"R","20":"s","21":"f","22":"u","23":"l","24":"l","25":"y","3":" ","4":"P","5":"r","6":"o","7":"c","8":"e","9":"s","level":"debug","message":"info","service":"telecom-billing","timestamp":"2025-12-12 19:37:38"}
{"0":"C","1":"u","10":"a","11":"l","12":"a","13":"n","14":"c","15":"e","16":" ","17":"u","18":"p","19":"d","2":"s","20":"a","21":"t","22":"e","23":"d","3":"t","4":"o","5":"m","6":"e","7":"r","8":" ","9":"b","level":"debug","message":"info","service":"telecom-billing","timestamp":"2025-12-12 19:37:38"}
{"0":"C","1":"D","10":"g","11":" ","12":"u","13":"p","14":"d","15":"a","16":"t","17":"e","18":"d","2":"R","3":" ","4":"b","5":"i","6":"l","7":"l","8":"i","9":"n","level":"debug","message":"info","service":"telecom-billing","timestamp":"2025-12-12 19:37:38"}
{"0":"B","1":"a","10":"a","11":"n","12":"s","13":"a","14":"c","15":"t","16":"i","17":"o","18":"n","19":" ","2":"l","20":"r","21":"e","22":"c","23":"o","24":"r","25":"d","26":"e","27":"d","3":"a","4":"n","5":"c","6":"e","7":" ","8":"t","9":"r","level":"debug","message":"info","service":"telecom-billing","timestamp":"2025-12-12 19:37:38"}
{"0":"C","1":"D","10":"s","11":"e","12":"d","13":" ","14":"S","15":"u","16":"c","17":"c","18":"e","19":"s","2":"R","20":"s","21":"f","22":"u","23":"l","24":"l","25":"y","3":" ","4":"P","5":"r","6":"o","7":"c","8":"e","9":"s","level":"debug","message":"info","service":"telecom-billing","timestamp":"2025-12-12 19:37:38"}
{"0":"C","1":"u","10":"a","11":"l","12":"a","13":"n","14":"c","15":"e","16":" ","17":"u","18":"p","19":"d","2":"s","20":"a","21":"t","22":"e","23":"d","3":"t","4":"o","5":"m","6":"e","7":"r","8":" ","9":"b","level":"debug","message":"info","service":"telecom-billing","timestamp":"2025-12-12 19:37:38"}
{"0":"C","1":"D","10":"g","11":" ","12":"u","13":"p","14":"d","15":"a","16":"t","17":"e","18":"d","2":"R","3":" ","4":"b","5":"i","6":"l","7":"l","8":"i","9":"n","level":"debug","message":"info","service":"telecom-billing","timestamp":"2025-12-12 19:37:38"}
{"0":"B","1":"a","10":"a","11":"n","12":"s","13":"a","14":"c","15":"t","16":"i","17":"o","18":"n","19":" ","2":"l","20":"r","21":"e","22":"c","23":"o","24":"r","25":"d","26":"e","27":"d","3":"a","4":"n","5":"c","6":"e","7":" ","8":"t","9":"r","level":"debug","message":"info","service":"telecom-billing","timestamp":"2025-12-12 19:37:38"}
{"0":"C","1":"D","10":"s","11":"e","12":"d","13":" ","14":"S","15":"u","16":"c","17":"c","18":"e","19":"s","2":"R","20":"s","21":"f","22":"u","23":"l","24":"l","25":"y","3":" ","4":"P","5":"r","6":"o","7":"c","8":"e","9":"s","level":"debug","message":"info","service":"telecom-billing","timestamp":"2025-12-12 19:37:38"}
{"0":"C","1":"u","10":"a","11":"l","12":"a","13":"n","14":"c","15":"e","16":" ","17":"u","18":"p","19":"d","2":"s","20":"a","21":"t","22":"e","23":"d","3":"t","4":"o","5":"m","6":"e","7":"r","8":" ","9":"b","level":"debug","message":"info","service":"telecom-billing","timestamp":"2025-12-12 19:37:38"}
{"0":"C","1":"D","10":"g","11":" ","12":"u","13":"p","14":"d","15":"a","16":"t","17":"e","18":"d","2":"R","3":" ","4":"b","5":"i","6":"l","7":"l","8":"i","9":"n","level":"debug","message":"info","service":"telecom-billing","timestamp":"2025-12-12 19:37:38"}
{"0":"B","1":"a","10":"a","11":"n","12":"s","13":"a","14":"c","15":"t","16":"i","17":"o","18":"n","19":" ","2":"l","20":"r","21":"e","22":"c","23":"o","24":"r","25":"d","26":"e","27":"d","3":"a","4":"n","5":"c","6":"e","7":" ","8":"t","9":"r","level":"debug","message":"info","service":"telecom-billing","timestamp":"2025-12-12 19:37:38"}
{"0":"C","1":"D","10":"s","11":"e","12":"d","13":" ","14":"S","15":"u","16":"c","17":"c","18":"e","19":"s","2":"R","20":"s","21":"f","22":"u","23":"l","24":"l","25":"y","3":" ","4":"P","5":"r","6":"o","7":"c","8":"e","9":"s","level":"debug","message":"info","service":"telecom-billing","timestamp":"2025-12-12 19:37:38"}
{"0":"C","1":"u","10":"a","11":"l","12":"a","13":"n","14":"c","15":"e","16":" ","17":"u","18":"p","19":"d","2":"s","20":"a","21":"t","22":"e","23":"d","3":"t","4":"o","5":"m","6":"e","7":"r","8":" ","9":"b","level":"debug","message":"info","service":"telecom-billing","timestamp":"2025-12-12 19:37:38"}
{"0":"C","1":"D","10":"g","11":" ","12":"u","13":"p","14":"d","15":"a","16":"t","17":"e","18":"d","2":"R","3":" ","4":"b","5":"i","6":"l","7":"l","8":"i","9":"n","level":"debug","message":"info","service":"telecom-billing","timestamp":"2025-12-12 19:37:38"}
{"0":"B","1":"a","10":"a","11":"n","12":"s","13":"a","14":"c","15":"t","16":"i","17":"o","18":"n","19":" ","2":"l","20":"r","21":"e","22":"c","23":"o","24":"r","25":"d","26":"e","27":"d","3":"a","4":"n","5":"c","6":"e","7":" ","8":"t","9":"r","level":"debug","message":"info","service":"telecom-billing","timestamp":"2025-12-12 19:37:38"}
{"0":"C","1":"D","10":"s","11":"e","12":"d","13":" ","14":"S","15":"u","16":"c","17":"c","18":"e","19":"s","2":"R","20":"s","21":"f","22":"u","23":"l","24":"l","25":"y","3":" ","4":"P","5":"r","6":"o","7":"c","8":"e","9":"s","level":"debug","message":"info","service":"telecom-billing","timestamp":"2025-12-12 19:37:38"}
{"0":"C","1":"u","10":"a","11":"l","12":"a","13":"n","14":"c","15":"e","16":" ","17":"u","18":"p","19":"d","2":"s","20":"a","21":"t","22":"e","23":"d","3":"t","4":"o","5":"m","6":"e","7":"r","8":" ","9":"b","level":"debug","message":"info","service":"telecom-billing","timestamp":"2025-12-12 19:37:38"}
{"0":"C","1":"D","10":"g","11":" ","12":"u","13":"p","14":"d","15":"a","16":"t","17":"e","18":"d","2":"R","3":" ","4":"b","5":"i","6":"l","7":"l","8":"i","9":"n","level":"debug","message":"info","service":"telecom-billing","timestamp":"2025-12-12 19:37:38"}
{"0":"B","1":"a","10":"a","11":"n","12":"s","13":"a","14":"c","15":"t","16":"i","17":"o","18":"n","19":" ","2":"l","20":"r","21":"e","22":"c","23":"o","24":"r","25":"d","26":"e","27":"d","3":"a","4":"n","5":"c","6":"e","7":" ","8":"t","9":"r","level":"debug","message":"info","service":"telecom-billing","timestamp":"2025-12-12 19:37:38"}
{"0":"C","1":"D","10":"s","11":"e","12":"d","13":" ","14":"S","15":"u","16":"c","17":"c","18":"e","19":"s","2":"R","20":"s","21":"f","22":"u","23":"l","24":"l","25":"y","3":" ","4":"P","5":"r","6":"o","7":"c","8":"e","9":"s","level":"debug","message":"info","service":"telecom-billing","timestamp":"2025-12-12 19:37:38"}
{"0":"C","1":"u","10":"a","11":"l","12":"a","13":"n","14":"c","15":"e","16":" ","17":"u","18":"p","19":"d","2":"s","20":"a","21":"t","22":"e","23":"d","3":"t","4":"o","5":"m","6":"e","7":"r","8":" ","9":"b","level":"debug","message":"info","service":"telecom-billing","timestamp":"2025-12-12 19:37:38"}
{"0":"C","1":"D","10":"g","11":" ","12":"u","13":"p","14":"d","15":"a","16":"t","17":"e","18":"d","2":"R","3":" ","4":"b","5":"i","6":"l","7":"l","8":"i","9":"n","level":"debug","message":"info","service":"telecom-billing","timestamp":"2025-12-12 19:37:38"}
{"0":"B","1":"a","10":"a","11":"n","12":"s","13":"a","14":"c","15":"t","16":"i","17":"o","18":"n","19":" ","2":"l","20":"r","21":"e","22":"c","23":"o","24":"r","25":"d","26":"e","27":"d","3":"a","4":"n","5":"c","6":"e","7":" ","8":"t","9":"r","level":"debug","message":"info","service":"telecom-billing","timestamp":"2025-12-12 19:37:38"}
{"0":"C","1":"D","10":"s","11":"e","12":"d","13":" ","14":"S","15":"u","16":"c","17":"c","18":"e","19":"s","2":"R","20":"s","21":"f","22":"u","23":"l","24":"l","25":"y","3":" ","4":"P","5":"r","6":"o","7":"c","8":"e","9":"s","level":"debug","message":"info","service":"telecom-billing","timestamp":"2025-12-12 19:37:38"}
{"0":"C","1":"u","10":"a","11":"l","12":"a","13":"n","14":"c","15":"e","16":" ","17":"u","18":"p","19":"d","2":"s","20":"a","21":"t","22":"e","23":"d","3":"t","4":"o","5":"m","6":"e","7":"r","8":" ","9":"b","level":"debug","message":"info","service":"telecom-billing","timestamp":"2025-12-12 19:37:38"}
{"0":"C","1":"D","10":"g","11":" ","12":"u","13":"p","14":"d","15":"a","16":"t","17":"e","18":"d","2":"R","3":" ","4":"b","5":"i","6":"l","7":"l","8":"i","9":"n","level":"debug","message":"info","service":"telecom-billing","timestamp":"2025-12-12 19:37:38"}
{"0":"B","1":"a","10":"a","11":"n","12":"s","13":"a","14":"c","15":"t","16":"i","17":"o","18":"n","19":" ","2":"l","20":"r","21":"e","22":"c","23":"o","24":"r","25":"d","26":"e","27":"d","3":"a","4":"n","5":"c","6":"e","7":" ","8":"t","9":"r","level":"debug","message":"info","service":"telecom-billing","timestamp":"2025-12-12 19:37:38"}
{"0":"C","1":"D","10":"s","11":"e","12":"d","13":" ","14":"S","15":"u","16":"c","17":"c","18":"e","19":"s","2":"R","20":"s","21":"f","22":"u","23":"l","24":"l","25":"y","3":" ","4":"P","5":"r","6":"o","7":"c","8":"e","9":"s","level":"debug","message":"info","service":"telecom-billing","timestamp":"2025-12-12 19:37:38"}
{"0":"C","1":"u","10":"a","11":"l","12":"a","13":"n","14":"c","15":"e","16":" ","17":"u","18":"p","19":"d","2":"s","20":"a","21":"t","22":"e","23":"d","3":"t","4":"o","5":"m","6":"e","7":"r","8":" ","9":"b","level":"debug","message":"info","service":"telecom-billing","timestamp":"2025-12-12 19:37:38"}
{"0":"C","1":"D","10":"g","11":" ","12":"u","13":"p","14":"d","15":"a","16":"t","17":"e","18":"d","2":"R","3":" ","4":"b","5":"i","6":"l","7":"l","8":"i","9":"n","level":"debug","message":"info","service":"telecom-billing","timestamp":"2025-12-12 19:37:38"}
{"0":"B","1":"a","10":"a","11":"n","12":"s","13":"a","14":"c","15":"t","16":"i","17":"o","18":"n","19":" ","2":"l","20":"r","21":"e","22":"c","23":"o","24":"r","25":"d","26":"e","27":"d","3":"a","4":"n","5":"c","6":"e","7":" ","8":"t","9":"r","level":"debug","message":"info","service":"telecom-billing","timestamp":"2025-12-12 19:37:38"}
{"0":"C","1":"D","10":"s","11":"e","12":"d","13":" ","14":"S","15":"u","16":"c","17":"c","18":"e","19":"s","2":"R","20":"s","21":"f","22":"u","23":"l","24":"l","25":"y","3":" ","4":"P","5":"r","6":"o","7":"c","8":"e","9":"s","level":"debug","message":"info","service":"telecom-billing","timestamp":"2025-12-12 19:37:38"}
{"0":"C","1":"u","10":"a","11":"l","12":"a","13":"n","14":"c","15":"e","16":" ","17":"u","18":"p","19":"d","2":"s","20":"a","21":"t","22":"e","23":"d","3":"t","4":"o","5":"m","6":"e","7":"r","8":" ","9":"b","level":"debug","message":"info","service":"telecom-billing","timestamp":"2025-12-12 19:37:38"}
{"0":"C","1":"D","10":"g","11":" ","12":"u","13":"p","14":"d","15":"a","16":"t","17":"e","18":"d","2":"R","3":" ","4":"b","5":"i","6":"l","7":"l","8":"i","9":"n","level":"debug","message":"info","service":"telecom-billing","timestamp":"2025-12-12 19:37:38"}
{"0":"B","1":"a","10":"a","11":"n","12":"s","13":"a","14":"c","15":"t","16":"i","17":"o","18":"n","19":" ","2":"l","20":"r","21":"e","22":"c","23":"o","24":"r","25":"d","26":"e","27":"d","3":"a","4":"n","5":"c","6":"e","7":" ","8":"t","9":"r","level":"debug","message":"info","service":"telecom-billing","timestamp":"2025-12-12 19:37:38"}
{"0":"C","1":"D","10":"s","11":"e","12":"d","13":" ","14":"S","15":"u","16":"c","17":"c","18":"e","19":"s","2":"R","20":"s","21":"f","22":"u","23":"l","24":"l","25":"y","3":" ","4":"P","5":"r","6":"o","7":"c","8":"e","9":"s","level":"debug","message":"info","service":"telecom-billing","timestamp":"2025-12-12 19:37:38"}
{"0":"C","1":"u","10":"a","11":"l","12":"a","13":"n","14":"c","15":"e","16":" ","17":"u","18":"p","19":"d","2":"s","20":"a","21":"t","22":"e","23":"d","3":"t","4":"o","5":"m","6":"e","7":"r","8":" ","9":"b","level":"debug","message":"info","service":"telecom-billing","timestamp":"2025-12-12 19:37:38"}
{"0":"C","1":"D","10":"g","11":" ","12":"u","13":"p","14":"d","15":"a","16":"t","17":"e","18":"d","2":"R","3":" ","4":"b","5":"i","6":"l","7":"l","8":"i","9":"n","level":"debug","message":"info","service":"telecom-billing","timestamp":"2025-12-12 19:37:38"}
{"0":"B","1":"a","10":"a","11":"n","12":"s","13":"a","14":"c","15":"t","16":"i","17":"o","18":"n","19":" ","2":"l","20":"r","21":"e","22":"c","23":"o","24":"r","25":"d","26":"e","27":"d","3":"a","4":"n","5":"c","6":"e","7":" ","8":"t","9":"r","level":"debug","message":"info","service":"telecom-billing","timestamp":"2025-12-12 19:37:38"}
{"0":"C","1":"D","10":"s","11":"e","12":"d","13":" ","14":"S","15":"u","16":"c","17":"c","18":"e","19":"s","2":"R","20":"s","21":"f","22":"u","23":"l","24":"l","25":"y","3":" ","4":"P","5":"r","6":"o","7":"c","8":"e","9":"s","level":"debug","message":"info","service":"telecom-billing","timestamp":"2025-12-12 19:37:38"}
{"0":"C","1":"u","10":"a","11":"l","12":"a","13":"n","14":"c","15":"e","16":" ","17":"u","18":"p","19":"d","2":"s","20":"a","21":"t","22":"e","23":"d","3":"t","4":"o","5":"m","6":"e","7":"r","8":" ","9":"b","level":"debug","message":"info","service":"telecom-billing","timestamp":"2025-12-12 19:37:38"}
{"0":"C","1":"D","10":"g","11":" ","12":"u","13":"p","14":"d","15":"a","16":"t","17":"e","18":"d","2":"R","3":" ","4":"b","5":"i","6":"l","7":"l","8":"i","9":"n","level":"debug","message":"info","service":"telecom-billing","timestamp":"2025-12-12 19:37:38"}
{"0":"B","1":"a","10":"a","11":"n","12":"s","13":"a","14":"c","15":"t","16":"i","17":"o","18":"n","19":" ","2":"l","20":"r","21":"e","22":"c","23":"o","24":"r","25":"d","26":"e","27":"d","3":"a","4":"n","5":"c","6":"e","7":" ","8":"t","9":"r","level":"debug","message":"info","service":"telecom-billing","timestamp":"2025-12-12 19:37:38"}
{"0":"C","1":"D","10":"s","11":"e","12":"d","13":" ","14":"S","15":"u","16":"c","17":"c","18":"e","19":"s","2":"R","20":"s","21":"f","22":"u","23":"l","24":"l","25":"y","3":" ","4":"P","5":"r","6":"o","7":"c","8":"e","9":"s","level":"debug","message":"info","service":"telecom-billing","timestamp":"2025-12-12 19:37:38"}
{"0":"C","1":"u","10":"a","11":"l","12":"a","13":"n","14":"c","15":"e","16":" ","17":"u","18":"p","19":"d","2":"s","20":"a","21":"t","22":"e","23":"d","3":"t","4":"o","5":"m","6":"e","7":"r","8":" ","9":"b","level":"debug","message":"info","service":"telecom-billing","timestamp":"2025-12-12 19:37:38"}
{"0":"C","1":"D","10":"g","11":" ","12":"u","13":"p","14":"d","15":"a","16":"t","17":"e","18":"d","2":"R","3":" ","4":"b","5":"i","6":"l","7":"l","8":"i","9":"n","level":"debug","message":"info","service":"telecom-billing","timestamp":"2025-12-12 19:37:38"}
{"0":"B","1":"a","10":"a","11":"n","12":"s","13":"a","14":"c","15":"t","16":"i","17":"o","18":"n","19":" ","2":"l","20":"r","21":"e","22":"c","23":"o","24":"r","25":"d","26":"e","27":"d","3":"a","4":"n","5":"c","6":"e","7":" ","8":"t","9":"r","level":"debug","message":"info","service":"telecom-billing","timestamp":"2025-12-12 19:37:38"}
{"0":"C","1":"D","10":"s","11":"e","12":"d","13":" ","14":"S","15":"u","16":"c","17":"c","18":"e","19":"s","2":"R","20":"s","21":"f","22":"u","23":"l","24":"l","25":"y","3":" ","4":"P","5":"r","6":"o","7":"c","8":"e","9":"s","level":"debug","message":"info","service":"telecom-billing","timestamp":"2025-12-12 19:37:38"}
{"0":"C","1":"u","10":"a","11":"l","12":"a","13":"n","14":"c","15":"e","16":" ","17":"u","18":"p","19":"d","2":"s","20":"a","21":"t","22":"e","23":"d","3":"t","4":"o","5":"m","6":"e","7":"r","8":" ","9":"b","level":"debug","message":"info","service":"telecom-billing","timestamp":"2025-12-12 19:37:38"}
{"0":"C","1":"D","10":"g","11":" ","12":"u","13":"p","14":"d","15":"a","16":"t","17":"e","18":"d","2":"R","3":" ","4":"b","5":"i","6":"l","7":"l","8":"i","9":"n","level":"debug","message":"info","service":"telecom-billing","timestamp":"2025-12-12 19:37:38"}
{"0":"B","1":"a","10":"a","11":"n","12":"s","13":"a","14":"c","15":"t","16":"i","17":"o","18":"n","19":" ","2":"l","20":"r","21":"e","22":"c","23":"o","24":"r","25":"d","26":"e","27":"d","3":"a","4":"n","5":"c","6":"e","7":" ","8":"t","9":"r","level":"debug","message":"info","service":"telecom-billing","timestamp":"2025-12-12 19:37:38"}
{"0":"C","1":"D","10":"s","11":"e","12":"d","13":" ","14":"S","15":"u","16":"c","17":"c","18":"e","19":"s","2":"R","20":"s","21":"f","22":"u","23":"l","24":"l","25":"y","3":" ","4":"P","5":"r","6":"o","7":"c","8":"e","9":"s","level":"debug","message":"info","service":"telecom-billing","timestamp":"2025-12-12 19:37:38"}
{"0":"C","1":"u","10":"a","11":"l","12":"a","13":"n","14":"c","15":"e","16":" ","17":"u","18":"p","19":"d","2":"s","20":"a","21":"t","22":"e","23":"d","3":"t","4":"o","5":"m","6":"e","7":"r","8":" ","9":"b","level":"debug","message":"info","service":"telecom-billing","timestamp":"2025-12-12 19:37:38"}
{"0":"C","1":"D","10":"g","11":" ","12":"u","13":"p","14":"d","15":"a","16":"t","17":"e","18":"d","2":"R","3":" ","4":"b","5":"i","6":"l","7":"l","8":"i","9":"n","level":"debug","message":"info","service":"telecom-billing","timestamp":"2025-12-12 19:37:38"}
{"0":"B","1":"a","10":"a","11":"n","12":"s","13":"a","14":"c","15":"t","16":"i","17":"o","18":"n","19":" ","2":"l","20":"r","21":"e","22":"c","23":"o","24":"r","25":"d","26":"e","27":"d","3":"a","4":"n","5":"c","6":"e","7":" ","8":"t","9":"r","level":"debug","message":"info","service":"telecom-billing","timestamp":"2025-12-12 19:37:38"}
{"0":"C","1":"D","10":"s","11":"e","12":"d","13":" ","14":"S","15":"u","16":"c","17":"c","18":"e","19":"s","2":"R","20":"s","21":"f","22":"u","23":"l","24":"l","25":"y","3":" ","4":"P","5":"r","6":"o","7":"c","8":"e","9":"s","level":"debug","message":"info","service":"telecom-billing","timestamp":"2025-12-12 19:37:38"}
{"0":"C","1":"u","10":"a","11":"l","12":"a","13":"n","14":"c","15":"e","16":" ","17":"u","18":"p","19":"d","2":"s","20":"a","21":"t","22":"e","23":"d","3":"t","4":"o","5":"m","6":"e","7":"r","8":" ","9":"b","level":"debug","message":"info","service":"telecom-billing","timestamp":"2025-12-12 19:37:38"}
{"0":"C","1":"D","10":"g","11":" ","12":"u","13":"p","14":"d","15":"a","16":"t","17":"e","18":"d","2":"R","3":" ","4":"b","5":"i","6":"l","7":"l","8":"i","9":"n","level":"debug","message":"info","service":"telecom-billing","timestamp":"2025-12-12 19:37:38"}
{"0":"B","1":"a","10":"a","11":"n","12":"s","13":"a","14":"c","15":"t","16":"i","17":"o","18":"n","19":" ","2":"l","20":"r","21":"e","22":"c","23":"o","24":"r","25":"d","26":"e","27":"d","3":"a","4":"n","5":"c","6":"e","7":" ","8":"t","9":"r","level":"debug","message":"info","service":"telecom-billing","timestamp":"2025-12-12 19:37:38"}
{"0":"C","1":"D","10":"s","11":"e","12":"d","13":" ","14":"S","15":"u","16":"c","17":"c","18":"e","19":"s","2":"R","20":"s","21":"f","22":"u","23":"l","24":"l","25":"y","3":" ","4":"P","5":"r","6":"o","7":"c","8":"e","9":"s","level":"debug","message":"info","service":"telecom-billing","timestamp":"2025-12-12 19:37:38"}
{"0":"C","1":"u","10":"a","11":"l","12":"a","13":"n","14":"c","15":"e","16":" ","17":"u","18":"p","19":"d","2":"s","20":"a","21":"t","22":"e","23":"d","3":"t","4":"o","5":"m","6":"e","7":"r","8":" ","9":"b","level":"debug","message":"info","service":"telecom-billing","timestamp":"2025-12-12 19:37:38"}
{"0":"C","1":"D","10":"g","11":" ","12":"u","13":"p","14":"d","15":"a","16":"t","17":"e","18":"d","2":"R","3":" ","4":"b","5":"i","6":"l","7":"l","8":"i","9":"n","level":"debug","message":"info","service":"telecom-billing","timestamp":"2025-12-12 19:37:38"}
{"0":"B","1":"a","10":"a","11":"n","12":"s","13":"a","14":"c","15":"t","16":"i","17":"o","18":"n","19":" ","2":"l","20":"r","21":"e","22":"c","23":"o","24":"r","25":"d","26":"e","27":"d","3":"a","4":"n","5":"c","6":"e","7":" ","8":"t","9":"r","level":"debug","message":"info","service":"telecom-billing","timestamp":"2025-12-12 19:37:38"}
{"0":"C","1":"D","10":"s","11":"e","12":"d","13":" ","14":"S","15":"u","16":"c","17":"c","18":"e","19":"s","2":"R","20":"s","21":"f","22":"u","23":"l","24":"l","25":"y","3":" ","4":"P","5":"r","6":"o","7":"c","8":"e","9":"s","level":"debug","message":"info","service":"telecom-billing","timestamp":"2025-12-12 19:37:38"}
{"0":"C","1":"u","10":"a","11":"l","12":"a","13":"n","14":"c","15":"e","16":" ","17":"u","18":"p","19":"d","2":"s","20":"a","21":"t","22":"e","23":"d","3":"t","4":"o","5":"m","6":"e","7":"r","8":" ","9":"b","level":"debug","message":"info","service":"telecom-billing","timestamp":"2025-12-12 19:37:38"}
{"0":"C","1":"D","10":"g","11":" ","12":"u","13":"p","14":"d","15":"a","16":"t","17":"e","18":"d","2":"R","3":" ","4":"b","5":"i","6":"l","7":"l","8":"i","9":"n","level":"debug","message":"info","service":"telecom-billing","timestamp":"2025-12-12 19:37:38"}
{"0":"B","1":"a","10":"a","11":"n","12":"s","13":"a","14":"c","15":"t","16":"i","17":"o","18":"n","19":" ","2":"l","20":"r","21":"e","22":"c","23":"o","24":"r","25":"d","26":"e","27":"d","3":"a","4":"n","5":"c","6":"e","7":" ","8":"t","9":"r","level":"debug","message":"info","service":"telecom-billing","timestamp":"2025-12-12 19:37:38"}
{"0":"C","1":"D","10":"s","11":"e","12":"d","13":" ","14":"S","15":"u","16":"c","17":"c","18":"e","19":"s","2":"R","20":"s","21":"f","22":"u","23":"l","24":"l","25":"y","3":" ","4":"P","5":"r","6":"o","7":"c","8":"e","9":"s","level":"debug","message":"info","service":"telecom-billing","timestamp":"2025-12-12 19:37:38"}
{"0":"C","1":"u","10":"a","11":"l","12":"a","13":"n","14":"c","15":"e","16":" ","17":"u","18":"p","19":"d","2":"s","20":"a","21":"t","22":"e","23":"d","3":"t","4":"o","5":"m","6":"e","7":"r","8":" ","9":"b","level":"debug","message":"info","service":"telecom-billing","timestamp":"2025-12-12 19:37:38"}
{"0":"C","1":"D","10":"g","11":" ","12":"u","13":"p","14":"d","15":"a","16":"t","17":"e","18":"d","2":"R","3":" ","4":"b","5":"i","6":"l","7":"l","8":"i","9":"n","level":"debug","message":"info","service":"telecom-billing","timestamp":"2025-12-12 19:37:38"}
{"0":"B","1":"a","10":"a","11":"n","12":"s","13":"a","14":"c","15":"t","16":"i","17":"o","18":"n","19":" ","2":"l","20":"r","21":"e","22":"c","23":"o","24":"r","25":"d","26":"e","27":"d","3":"a","4":"n","5":"c","6":"e","7":" ","8":"t","9":"r","level":"debug","message":"info","service":"telecom-billing","timestamp":"2025-12-12 19:37:38"}
{"0":"C","1":"D","10":"s","11":"e","12":"d","13":" ","14":"S","15":"u","16":"c","17":"c","18":"e","19":"s","2":"R","20":"s","21":"f","22":"u","23":"l","24":"l","25":"y","3":" ","4":"P","5":"r","6":"o","7":"c","8":"e","9":"s","level":"debug","message":"info","service":"telecom-billing","timestamp":"2025-12-12 19:37:38"}
{"0":"C","1":"u","10":"a","11":"l","12":"a","13":"n","14":"c","15":"e","16":" ","17":"u","18":"p","19":"d","2":"s","20":"a","21":"t","22":"e","23":"d","3":"t","4":"o","5":"m","6":"e","7":"r","8":" ","9":"b","level":"debug","message":"info","service":"telecom-billing","timestamp":"2025-12-12 19:37:38"}
{"0":"C","1":"D","10":"g","11":" ","12":"u","13":"p","14":"d","15":"a","16":"t","17":"e","18":"d","2":"R","3":" ","4":"b","5":"i","6":"l","7":"l","8":"i","9":"n","level":"debug","message":"info","service":"telecom-billing","timestamp":"2025-12-12 19:37:38"}
{"0":"B","1":"a","10":"a","11":"n","12":"s","13":"a","14":"c","15":"t","16":"i","17":"o","18":"n","19":" ","2":"l","20":"r","21":"e","22":"c","23":"o","24":"r","25":"d","26":"e","27":"d","3":"a","4":"n","5":"c","6":"e","7":" ","8":"t","9":"r","level":"debug","message":"info","service":"telecom-billing","timestamp":"2025-12-12 19:37:38"}
{"0":"C","1":"D","10":"s","11":"e","12":"d","13":" ","14":"S","15":"u","16":"c","17":"c","18":"e","19":"s","2":"R","20":"s","21":"f","22":"u","23":"l","24":"l","25":"y","3":" ","4":"P","5":"r","6":"o","7":"c","8":"e","9":"s","level":"debug","message":"info","service":"telecom-billing","timestamp":"2025-12-12 19:37:38"}
{"0":"C","1":"u","10":"a","11":"l","12":"a","13":"n","14":"c","15":"e","16":" ","17":"u","18":"p","19":"d","2":"s","20":"a","21":"t","22":"e","23":"d","3":"t","4":"o","5":"m","6":"e","7":"r","8":" ","9":"b","level":"debug","message":"info","service":"telecom-billing","timestamp":"2025-12-12 19:37:38"}
{"0":"C","1":"D","10":"g","11":" ","12":"u","13":"p","14":"d","15":"a","16":"t","17":"e","18":"d","2":"R","3":" ","4":"b","5":"i","6":"l","7":"l","8":"i","9":"n","level":"debug","message":"info","service":"telecom-billing","timestamp":"2025-12-12 19:37:38"}
{"0":"B","1":"a","10":"a","11":"n","12":"s","13":"a","14":"c","15":"t","16":"i","17":"o","18":"n","19":" ","2":"l","20":"r","21":"e","22":"c","23":"o","24":"r","25":"d","26":"e","27":"d","3":"a","4":"n","5":"c","6":"e","7":" ","8":"t","9":"r","level":"debug","message":"info","service":"telecom-billing","timestamp":"2025-12-12 19:37:38"}
{"0":"C","1":"D","10":"s","11":"e","12":"d","13":" ","14":"S","15":"u","16":"c","17":"c","18":"e","19":"s","2":"R","20":"s","21":"f","22":"u","23":"l","24":"l","25":"y","3":" ","4":"P","5":"r","6":"o","7":"c","8":"e","9":"s","level":"debug","message":"info","service":"telecom-billing","timestamp":"2025-12-12 19:37:38"}
{"0":"C","1":"u","10":"a","11":"l","12":"a","13":"n","14":"c","15":"e","16":" ","17":"u","18":"p","19":"d","2":"s","20":"a","21":"t","22":"e","23":"d","3":"t","4":"o","5":"m","6":"e","7":"r","8":" ","9":"b","level":"debug","message":"info","service":"telecom-billing","timestamp":"2025-12-12 19:37:38"}
{"0":"C","1":"D","10":"g","11":" ","12":"u","13":"p","14":"d","15":"a","16":"t","17":"e","18":"d","2":"R","3":" ","4":"b","5":"i","6":"l","7":"l","8":"i","9":"n","level":"debug","message":"info","service":"telecom-billing","timestamp":"2025-12-12 19:37:38"}
{"0":"B","1":"a","10":"a","11":"n","12":"s","13":"a","14":"c","15":"t","16":"i","17":"o","18":"n","19":" ","2":"l","20":"r","21":"e","22":"c","23":"o","24":"r","25":"d","26":"e","27":"d","3":"a","4":"n","5":"c","6":"e","7":" ","8":"t","9":"r","level":"debug","message":"info","service":"telecom-billing","timestamp":"2025-12-12 19:37:38"}
{"0":"C","1":"D","10":"s","11":"e","12":"d","13":" ","14":"S","15":"u","16":"c","17":"c","18":"e","19":"s","2":"R","20":"s","21":"f","22":"u","23":"l","24":"l","25":"y","3":" ","4":"P","5":"r","6":"o","7":"c","8":"e","9":"s","level":"debug","message":"info","service":"telecom-billing","timestamp":"2025-12-12 19:37:38"}
{"0":"C","1":"u","10":"a","11":"l","12":"a","13":"n","14":"c","15":"e","16":" ","17":"u","18":"p","19":"d","2":"s","20":"a","21":"t","22":"e","23":"d","3":"t","4":"o","5":"m","6":"e","7":"r","8":" ","9":"b","level":"debug","message":"info","service":"telecom-billing","timestamp":"2025-12-12 19:37:38"}
{"0":"C","1":"D","10":"g","11":" ","12":"u","13":"p","14":"d","15":"a","16":"t","17":"e","18":"d","2":"R","3":" ","4":"b","5":"i","6":"l","7":"l","8":"i","9":"n","level":"debug","message":"info","service":"telecom-billing","timestamp":"2025-12-12 19:37:38"}
{"0":"B","1":"a","10":"a","11":"n","12":"s","13":"a","14":"c","15":"t","16":"i","17":"o","18":"n","19":" ","2":"l","20":"r","21":"e","22":"c","23":"o","24":"r","25":"d","26":"e","27":"d","3":"a","4":"n","5":"c","6":"e","7":" ","8":"t","9":"r","level":"debug","message":"info","service":"telecom-billing","timestamp":"2025-12-12 19:37:38"}
{"0":"C","1":"D","10":"s","11":"e","12":"d","13":" ","14":"S","15":"u","16":"c","17":"c","18":"e","19":"s","2":"R","20":"s","21":"f","22":"u","23":"l","24":"l","25":"y","3":" ","4":"P","5":"r","6":"o","7":"c","8":"e","9":"s","level":"debug","message":"info","service":"telecom-billing","timestamp":"2025-12-12 19:37:38"}
{"0":"C","1":"u","10":"a","11":"l","12":"a","13":"n","14":"c","15":"e","16":" ","17":"u","18":"p","19":"d","2":"s","20":"a","21":"t","22":"e","23":"d","3":"t","4":"o","5":"m","6":"e","7":"r","8":" ","9":"b","level":"debug","message":"info","service":"telecom-billing","timestamp":"2025-12-12 19:37:38"}
{"0":"C","1":"D","10":"g","11":" ","12":"u","13":"p","14":"d","15":"a","16":"t","17":"e","18":"d","2":"R","3":" ","4":"b","5":"i","6":"l","7":"l","8":"i","9":"n","level":"debug","message":"info","service":"telecom-billing","timestamp":"2025-12-12 19:37:38"}
{"0":"B","1":"a","10":"a","11":"n","12":"s","13":"a","14":"c","15":"t","16":"i","17":"o","18":"n","19":" ","2":"l","20":"r","21":"e","22":"c","23":"o","24":"r","25":"d","26":"e","27":"d","3":"a","4":"n","5":"c","6":"e","7":" ","8":"t","9":"r","level":"debug","message":"info","service":"telecom-billing","timestamp":"2025-12-12 19:37:38"}
{"0":"C","1":"D","10":"s","11":"e","12":"d","13":" ","14":"S","15":"u","16":"c","17":"c","18":"e","19":"s","2":"R","20":"s","21":"f","22":"u","23":"l","24":"l","25":"y","3":" ","4":"P","5":"r","6":"o","7":"c","8":"e","9":"s","level":"debug","message":"info","service":"telecom-billing","timestamp":"2025-12-12 19:37:38"}
{"0":"C","1":"u","10":"a","11":"l","12":"a","13":"n","14":"c","15":"e","16":" ","17":"u","18":"p","19":"d","2":"s","20":"a","21":"t","22":"e","23":"d","3":"t","4":"o","5":"m","6":"e","7":"r","8":" ","9":"b","level":"debug","message":"info","service":"telecom-billing","timestamp":"2025-12-12 19:37:38"}
{"0":"C","1":"D","10":"g","11":" ","12":"u","13":"p","14":"d","15":"a","16":"t","17":"e","18":"d","2":"R","3":" ","4":"b","5":"i","6":"l","7":"l","8":"i","9":"n","level":"debug","message":"info","service":"telecom-billing","timestamp":"2025-12-12 19:37:38"}
{"0":"B","1":"a","10":"a","11":"n","12":"s","13":"a","14":"c","15":"t","16":"i","17":"o","18":"n","19":" ","2":"l","20":"r","21":"e","22":"c","23":"o","24":"r","25":"d","26":"e","27":"d","3":"a","4":"n","5":"c","6":"e","7":" ","8":"t","9":"r","level":"debug","message":"info","service":"telecom-billing","timestamp":"2025-12-12 19:37:38"}
{"0":"C","1":"D","10":"s","11":"e","12":"d","13":" ","14":"S","15":"u","16":"c","17":"c","18":"e","19":"s","2":"R","20":"s","21":"f","22":"u","23":"l","24":"l","25":"y","3":" ","4":"P","5":"r","6":"o","7":"c","8":"e","9":"s","level":"debug","message":"info","service":"telecom-billing","timestamp":"2025-12-12 19:37:38"}
{"0":"C","1":"u","10":"a","11":"l","12":"a","13":"n","14":"c","15":"e","16":" ","17":"u","18":"p","19":"d","2":"s","20":"a","21":"t","22":"e","23":"d","3":"t","4":"o","5":"m","6":"e","7":"r","8":" ","9":"b","level":"debug","message":"info","service":"telecom-billing","timestamp":"2025-12-12 19:37:38"}
{"0":"C","1":"D","10":"g","11":" ","12":"u","13":"p","14":"d","15":"a","16":"t","17":"e","18":"d","2":"R","3":" ","4":"b","5":"i","6":"l","7":"l","8":"i","9":"n","level":"debug","message":"info","service":"telecom-billing","timestamp":"2025-12-12 19:37:38"}
{"0":"B","1":"a","10":"a","11":"n","12":"s","13":"a","14":"c","15":"t","16":"i","17":"o","18":"n","19":" ","2":"l","20":"r","21":"e","22":"c","23":"o","24":"r","25":"d","26":"e","27":"d","3":"a","4":"n","5":"c","6":"e","7":" ","8":"t","9":"r","level":"debug","message":"info","service":"telecom-billing","timestamp":"2025-12-12 19:37:38"}
{"0":"C","1":"D","10":"s","11":"e","12":"d","13":" ","14":"S","15":"u","16":"c","17":"c","18":"e","19":"s","2":"R","20":"s","21":"f","22":"u","23":"l","24":"l","25":"y","3":" ","4":"P","5":"r","6":"o","7":"c","8":"e","9":"s","level":"debug","message":"info","service":"telecom-billing","timestamp":"2025-12-12 19:37:38"}
{"0":"C","1":"u","10":"a","11":"l","12":"a","13":"n","14":"c","15":"e","16":" ","17":"u","18":"p","19":"d","2":"s","20":"a","21":"t","22":"e","23":"d","3":"t","4":"o","5":"m","6":"e","7":"r","8":" ","9":"b","level":"debug","message":"info","service":"telecom-billing","timestamp":"2025-12-12 19:37:38"}
{"0":"C","1":"D","10":"g","11":" ","12":"u","13":"p","14":"d","15":"a","16":"t","17":"e","18":"d","2":"R","3":" ","4":"b","5":"i","6":"l","7":"l","8":"i","9":"n","level":"debug","message":"info","service":"telecom-billing","timestamp":"2025-12-12 19:37:38"}
{"0":"B","1":"a","10":"a","11":"n","12":"s","13":"a","14":"c","15":"t","16":"i","17":"o","18":"n","19":" ","2":"l","20":"r","21":"e","22":"c","23":"o","24":"r","25":"d","26":"e","27":"d","3":"a","4":"n","5":"c","6":"e","7":" ","8":"t","9":"r","level":"debug","message":"info","service":"telecom-billing","timestamp":"2025-12-12 19:37:38"}
{"0":"C","1":"D","10":"s","11":"e","12":"d","13":" ","14":"S","15":"u","16":"c","17":"c","18":"e","19":"s","2":"R","20":"s","21":"f","22":"u","23":"l","24":"l","25":"y","3":" ","4":"P","5":"r","6":"o","7":"c","8":"e","9":"s","level":"debug","message":"info","service":"telecom-billing","timestamp":"2025-12-12 19:37:38"}
{"0":"C","1":"u","10":"a","11":"l","12":"a","13":"n","14":"c","15":"e","16":" ","17":"u","18":"p","19":"d","2":"s","20":"a","21":"t","22":"e","23":"d","3":"t","4":"o","5":"m","6":"e","7":"r","8":" ","9":"b","level":"debug","message":"info","service":"telecom-billing","timestamp":"2025-12-12 19:37:38"}
{"0":"C","1":"D","10":"g","11":" ","12":"u","13":"p","14":"d","15":"a","16":"t","17":"e","18":"d","2":"R","3":" ","4":"b","5":"i","6":"l","7":"l","8":"i","9":"n","level":"debug","message":"info","service":"telecom-billing","timestamp":"2025-12-12 19:37:38"}
{"0":"B","1":"a","10":"a","11":"n","12":"s","13":"a","14":"c","15":"t","16":"i","17":"o","18":"n","19":" ","2":"l","20":"r","21":"e","22":"c","23":"o","24":"r","25":"d","26":"e","27":"d","3":"a","4":"n","5":"c","6":"e","7":" ","8":"t","9":"r","level":"debug","message":"info","service":"telecom-billing","timestamp":"2025-12-12 19:37:38"}
{"0":"C","1":"D","10":"s","11":"e","12":"d","13":" ","14":"S","15":"u","16":"c","17":"c","18":"e","19":"s","2":"R","20":"s","21":"f","22":"u","23":"l","24":"l","25":"y","3":" ","4":"P","5":"r","6":"o","7":"c","8":"e","9":"s","level":"debug","message":"info","service":"telecom-billing","timestamp":"2025-12-12 19:37:38"}
{"0":"C","1":"u","10":"a","11":"l","12":"a","13":"n","14":"c","15":"e","16":" ","17":"u","18":"p","19":"d","2":"s","20":"a","21":"t","22":"e","23":"d","3":"t","4":"o","5":"m","6":"e","7":"r","8":" ","9":"b","level":"debug","message":"info","service":"telecom-billing","timestamp":"2025-12-12 19:37:38"}
{"0":"C","1":"D","10":"g","11":" ","12":"u","13":"p","14":"d","15":"a","16":"t","17":"e","18":"d","2":"R","3":" ","4":"b","5":"i","6":"l","7":"l","8":"i","9":"n","level":"debug","message":"info","service":"telecom-billing","timestamp":"2025-12-12 19:37:38"}
{"0":"B","1":"a","10":"a","11":"n","12":"s","13":"a","14":"c","15":"t","16":"i","17":"o","18":"n","19":" ","2":"l","20":"r","21":"e","22":"c","23":"o","24":"r","25":"d","26":"e","27":"d","3":"a","4":"n","5":"c","6":"e","7":" ","8":"t","9":"r","level":"debug","message":"info","service":"telecom-billing","timestamp":"2025-12-12 19:37:38"}
{"0":"C","1":"D","10":"s","11":"e","12":"d","13":" ","14":"S","15":"u","16":"c","17":"c","18":"e","19":"s","2":"R","20":"s","21":"f","22":"u","23":"l","24":"l","25":"y","3":" ","4":"P","5":"r","6":"o","7":"c","8":"e","9":"s","level":"debug","message":"info","service":"telecom-billing","timestamp":"2025-12-12 19:37:38"}
{"0":"C","1":"u","10":"a","11":"l","12":"a","13":"n","14":"c","15":"e","16":" ","17":"u","18":"p","19":"d","2":"s","20":"a","21":"t","22":"e","23":"d","3":"t","4":"o","5":"m","6":"e","7":"r","8":" ","9":"b","level":"debug","message":"info","service":"telecom-billing","timestamp":"2025-12-12 19:37:38"}
{"0":"C","1":"D","10":"g","11":" ","12":"u","13":"p","14":"d","15":"a","16":"t","17":"e","18":"d","2":"R","3":" ","4":"b","5":"i","6":"l","7":"l","8":"i","9":"n","level":"debug","message":"info","service":"telecom-billing","timestamp":"2025-12-12 19:37:38"}
{"0":"B","1":"a","10":"a","11":"n","12":"s","13":"a","14":"c","15":"t","16":"i","17":"o","18":"n","19":" ","2":"l","20":"r","21":"e","22":"c","23":"o","24":"r","25":"d","26":"e","27":"d","3":"a","4":"n","5":"c","6":"e","7":" ","8":"t","9":"r","level":"debug","message":"info","service":"telecom-billing","timestamp":"2025-12-12 19:37:38"}
{"0":"C","1":"D","10":"s","11":"e","12":"d","13":" ","14":"S","15":"u","16":"c","17":"c","18":"e","19":"s","2":"R","20":"s","21":"f","22":"u","23":"l","24":"l","25":"y","3":" ","4":"P","5":"r","6":"o","7":"c","8":"e","9":"s","level":"debug","message":"info","service":"telecom-billing","timestamp":"2025-12-12 19:37:38"}
{"0":"C","1":"u","10":"a","11":"l","12":"a","13":"n","14":"c","15":"e","16":" ","17":"u","18":"p","19":"d","2":"s","20":"a","21":"t","22":"e","23":"d","3":"t","4":"o","5":"m","6":"e","7":"r","8":" ","9":"b","level":"debug","message":"info","service":"telecom-billing","timestamp":"2025-12-12 19:37:38"}
{"0":"C","1":"D","10":"g","11":" ","12":"u","13":"p","14":"d","15":"a","16":"t","17":"e","18":"d","2":"R","3":" ","4":"b","5":"i","6":"l","7":"l","8":"i","9":"n","level":"debug","message":"info","service":"telecom-billing","timestamp":"2025-12-12 19:37:38"}
{"0":"B","1":"a","10":"a","11":"n","12":"s","13":"a","14":"c","15":"t","16":"i","17":"o","18":"n","19":" ","2":"l","20":"r","21":"e","22":"c","23":"o","24":"r","25":"d","26":"e","27":"d","3":"a","4":"n","5":"c","6":"e","7":" ","8":"t","9":"r","level":"debug","message":"info","service":"telecom-billing","timestamp":"2025-12-12 19:37:38"}
{"0":"C","1":"D","10":"s","11":"e","12":"d","13":" ","14":"S","15":"u","16":"c","17":"c","18":"e","19":"s","2":"R","20":"s","21":"f","22":"u","23":"l","24":"l","25":"y","3":" ","4":"P","5":"r","6":"o","7":"c","8":"e","9":"s","level":"debug","message":"info","service":"telecom-billing","timestamp":"2025-12-12 19:37:38"}
{"0":"C","1":"u","10":"a","11":"l","12":"a","13":"n","14":"c","15":"e","16":" ","17":"u","18":"p","19":"d","2":"s","20":"a","21":"t","22":"e","23":"d","3":"t","4":"o","5":"m","6":"e","7":"r","8":" ","9":"b","level":"debug","message":"info","service":"telecom-billing","timestamp":"2025-12-12 19:37:38"}
{"0":"C","1":"D","10":"g","11":" ","12":"u","13":"p","14":"d","15":"a","16":"t","17":"e","18":"d","2":"R","3":" ","4":"b","5":"i","6":"l","7":"l","8":"i","9":"n","level":"debug","message":"info","service":"telecom-billing","timestamp":"2025-12-12 19:37:38"}
{"0":"B","1":"a","10":"a","11":"n","12":"s","13":"a","14":"c","15":"t","16":"i","17":"o","18":"n","19":" ","2":"l","20":"r","21":"e","22":"c","23":"o","24":"r","25":"d","26":"e","27":"d","3":"a","4":"n","5":"c","6":"e","7":" ","8":"t","9":"r","level":"debug","message":"info","service":"telecom-billing","timestamp":"2025-12-12 19:37:38"}
{"0":"C","1":"D","10":"s","11":"e","12":"d","13":" ","14":"S","15":"u","16":"c","17":"c","18":"e","19":"s","2":"R","20":"s","21":"f","22":"u","23":"l","24":"l","25":"y","3":" ","4":"P","5":"r","6":"o","7":"c","8":"e","9":"s","level":"debug","message":"info","service":"telecom-billing","timestamp":"2025-12-12 19:37:38"}
{"0":"C","1":"u","10":"a","11":"l","12":"a","13":"n","14":"c","15":"e","16":" ","17":"u","18":"p","19":"d","2":"s","20":"a","21":"t","22":"e","23":"d","3":"t","4":"o","5":"m","6":"e","7":"r","8":" ","9":"b","level":"debug","message":"info","service":"telecom-billing","timestamp":"2025-12-12 19:37:38"}
{"0":"C","1":"D","10":"g","11":" ","12":"u","13":"p","14":"d","15":"a","16":"t","17":"e","18":"d","2":"R","3":" ","4":"b","5":"i","6":"l","7":"l","8":"i","9":"n","level":"debug","message":"info","service":"telecom-billing","timestamp":"2025-12-12 19:37:38"}
{"0":"B","1":"a","10":"a","11":"n","12":"s","13":"a","14":"c","15":"t","16":"i","17":"o","18":"n","19":" ","2":"l","20":"r","21":"e","22":"c","23":"o","24":"r","25":"d","26":"e","27":"d","3":"a","4":"n","5":"c","6":"e","7":" ","8":"t","9":"r","level":"debug","message":"info","service":"telecom-billing","timestamp":"2025-12-12 19:37:38"}
{"0":"C","1":"D","10":"s","11":"e","12":"d","13":" ","14":"S","15":"u","16":"c","17":"c","18":"e","19":"s","2":"R","20":"s","21":"f","22":"u","23":"l","24":"l","25":"y","3":" ","4":"P","5":"r","6":"o","7":"c","8":"e","9":"s","level":"debug","message":"info","service":"telecom-billing","timestamp":"2025-12-12 19:37:38"}
{"0":"C","1":"u","10":"a","11":"l","12":"a","13":"n","14":"c","15":"e","16":" ","17":"u","18":"p","19":"d","2":"s","20":"a","21":"t","22":"e","23":"d","3":"t","4":"o","5":"m","6":"e","7":"r","8":" ","9":"b","level":"debug","message":"info","service":"telecom-billing","timestamp":"2025-12-12 19:37:38"}
{"0":"C","1":"D","10":"g","11":" ","12":"u","13":"p","14":"d","15":"a","16":"t","17":"e","18":"d","2":"R","3":" ","4":"b","5":"i","6":"l","7":"l","8":"i","9":"n","level":"debug","message":"info","service":"telecom-billing","timestamp":"2025-12-12 19:37:38"}
{"0":"B","1":"a","10":"a","11":"n","12":"s","13":"a","14":"c","15":"t","16":"i","17":"o","18":"n","19":" ","2":"l","20":"r","21":"e","22":"c","23":"o","24":"r","25":"d","26":"e","27":"d","3":"a","4":"n","5":"c","6":"e","7":" ","8":"t","9":"r","level":"debug","message":"info","service":"telecom-billing","timestamp":"2025-12-12 19:37:38"}
{"0":"C","1":"D","10":"s","11":"e","12":"d","13":" ","14":"S","15":"u","16":"c","17":"c","18":"e","19":"s","2":"R","20":"s","21":"f","22":"u","23":"l","24":"l","25":"y","3":" ","4":"P","5":"r","6":"o","7":"c","8":"e","9":"s","level":"debug","message":"info","service":"telecom-billing","timestamp":"2025-12-12 19:37:38"}
{"0":"C","1":"u","10":"a","11":"l","12":"a","13":"n","14":"c","15":"e","16":" ","17":"u","18":"p","19":"d","2":"s","20":"a","21":"t","22":"e","23":"d","3":"t","4":"o","5":"m","6":"e","7":"r","8":" ","9":"b","level":"debug","message":"info","service":"telecom-billing","timestamp":"2025-12-12 19:37:38"}
{"0":"C","1":"D","10":"g","11":" ","12":"u","13":"p","14":"d","15":"a","16":"t","17":"e","18":"d","2":"R","3":" ","4":"b","5":"i","6":"l","7":"l","8":"i","9":"n","level":"debug","message":"info","service":"telecom-billing","timestamp":"2025-12-12 19:37:38"}
{"0":"B","1":"a","10":"a","11":"n","12":"s","13":"a","14":"c","15":"t","16":"i","17":"o","18":"n","19":" ","2":"l","20":"r","21":"e","22":"c","23":"o","24":"r","25":"d","26":"e","27":"d","3":"a","4":"n","5":"c","6":"e","7":" ","8":"t","9":"r","level":"debug","message":"info","service":"telecom-billing","timestamp":"2025-12-12 19:37:38"}
{"0":"C","1":"D","10":"s","11":"e","12":"d","13":" ","14":"S","15":"u","16":"c","17":"c","18":"e","19":"s","2":"R","20":"s","21":"f","22":"u","23":"l","24":"l","25":"y","3":" ","4":"P","5":"r","6":"o","7":"c","8":"e","9":"s","level":"debug","message":"info","service":"telecom-billing","timestamp":"2025-12-12 19:37:38"}
{"0":"C","1":"u","10":"a","11":"l","12":"a","13":"n","14":"c","15":"e","16":" ","17":"u","18":"p","19":"d","2":"s","20":"a","21":"t","22":"e","23":"d","3":"t","4":"o","5":"m","6":"e","7":"r","8":" ","9":"b","level":"debug","message":"info","service":"telecom-billing","timestamp":"2025-12-12 19:37:38"}
{"0":"C","1":"D","10":"g","11":" ","12":"u","13":"p","14":"d","15":"a","16":"t","17":"e","18":"d","2":"R","3":" ","4":"b","5":"i","6":"l","7":"l","8":"i","9":"n","level":"debug","message":"info","service":"telecom-billing","timestamp":"2025-12-12 19:37:38"}
{"0":"B","1":"a","10":"a","11":"n","12":"s","13":"a","14":"c","15":"t","16":"i","17":"o","18":"n","19":" ","2":"l","20":"r","21":"e","22":"c","23":"o","24":"r","25":"d","26":"e","27":"d","3":"a","4":"n","5":"c","6":"e","7":" ","8":"t","9":"r","level":"debug","message":"info","service":"telecom-billing","timestamp":"2025-12-12 19:37:38"}
{"0":"C","1":"D","10":"s","11":"e","12":"d","13":" ","14":"S","15":"u","16":"c","17":"c","18":"e","19":"s","2":"R","20":"s","21":"f","22":"u","23":"l","24":"l","25":"y","3":" ","4":"P","5":"r","6":"o","7":"c","8":"e","9":"s","level":"debug","message":"info","service":"telecom-billing","timestamp":"2025-12-12 19:37:38"}
{"0":"C","1":"u","10":"a","11":"l","12":"a","13":"n","14":"c","15":"e","16":" ","17":"u","18":"p","19":"d","2":"s","20":"a","21":"t","22":"e","23":"d","3":"t","4":"o","5":"m","6":"e","7":"r","8":" ","9":"b","level":"debug","message":"info","service":"telecom-billing","timestamp":"2025-12-12 19:37:38"}
{"0":"C","1":"D","10":"g","11":" ","12":"u","13":"p","14":"d","15":"a","16":"t","17":"e","18":"d","2":"R","3":" ","4":"b","5":"i","6":"l","7":"l","8":"i","9":"n","level":"debug","message":"info","service":"telecom-billing","timestamp":"2025-12-12 19:37:38"}
{"0":"B","1":"a","10":"a","11":"n","12":"s","13":"a","14":"c","15":"t","16":"i","17":"o","18":"n","19":" ","2":"l","20":"r","21":"e","22":"c","23":"o","24":"r","25":"d","26":"e","27":"d","3":"a","4":"n","5":"c","6":"e","7":" ","8":"t","9":"r","level":"debug","message":"info","service":"telecom-billing","timestamp":"2025-12-12 19:37:38"}
{"0":"C","1":"D","10":"s","11":"e","12":"d","13":" ","14":"S","15":"u","16":"c","17":"c","18":"e","19":"s","2":"R","20":"s","21":"f","22":"u","23":"l","24":"l","25":"y","3":" ","4":"P","5":"r","6":"o","7":"c","8":"e","9":"s","level":"debug","message":"info","service":"telecom-billing","timestamp":"2025-12-12 19:37:38"}
{"0":"C","1":"u","10":"a","11":"l","12":"a","13":"n","14":"c","15":"e","16":" ","17":"u","18":"p","19":"d","2":"s","20":"a","21":"t","22":"e","23":"d","3":"t","4":"o","5":"m","6":"e","7":"r","8":" ","9":"b","level":"debug","message":"info","service":"telecom-billing","timestamp":"2025-12-12 19:37:38"}
{"0":"C","1":"D","10":"g","11":" ","12":"u","13":"p","14":"d","15":"a","16":"t","17":"e","18":"d","2":"R","3":" ","4":"b","5":"i","6":"l","7":"l","8":"i","9":"n","level":"debug","message":"info","service":"telecom-billing","timestamp":"2025-12-12 19:37:38"}
{"0":"B","1":"a","10":"a","11":"n","12":"s","13":"a","14":"c","15":"t","16":"i","17":"o","18":"n","19":" ","2":"l","20":"r","21":"e","22":"c","23":"o","24":"r","25":"d","26":"e","27":"d","3":"a","4":"n","5":"c","6":"e","7":" ","8":"t","9":"r","level":"debug","message":"info","service":"telecom-billing","timestamp":"2025-12-12 19:37:38"}
{"0":"C","1":"D","10":"s","11":"e","12":"d","13":" ","14":"S","15":"u","16":"c","17":"c","18":"e","19":"s","2":"R","20":"s","21":"f","22":"u","23":"l","24":"l","25":"y","3":" ","4":"P","5":"r","6":"o","7":"c","8":"e","9":"s","level":"debug","message":"info","service":"telecom-billing","timestamp":"2025-12-12 19:37:38"}
{"0":"C","1":"u","10":"a","11":"l","12":"a","13":"n","14":"c","15":"e","16":" ","17":"u","18":"p","19":"d","2":"s","20":"a","21":"t","22":"e","23":"d","3":"t","4":"o","5":"m","6":"e","7":"r","8":" ","9":"b","level":"debug","message":"info","service":"telecom-billing","timestamp":"2025-12-12 19:37:38"}
{"0":"C","1":"D","10":"g","11":" ","12":"u","13":"p","14":"d","15":"a","16":"t","17":"e","18":"d","2":"R","3":" ","4":"b","5":"i","6":"l","7":"l","8":"i","9":"n","level":"debug","message":"info","service":"telecom-billing","timestamp":"2025-12-12 19:37:38"}
{"0":"B","1":"a","10":"a","11":"n","12":"s","13":"a","14":"c","15":"t","16":"i","17":"o","18":"n","19":" ","2":"l","20":"r","21":"e","22":"c","23":"o","24":"r","25":"d","26":"e","27":"d","3":"a","4":"n","5":"c","6":"e","7":" ","8":"t","9":"r","level":"debug","message":"info","service":"telecom-billing","timestamp":"2025-12-12 19:37:38"}
{"0":"C","1":"D","10":"s","11":"e","12":"d","13":" ","14":"S","15":"u","16":"c","17":"c","18":"e","19":"s","2":"R","20":"s","21":"f","22":"u","23":"l","24":"l","25":"y","3":" ","4":"P","5":"r","6":"o","7":"c","8":"e","9":"s","level":"debug","message":"info","service":"telecom-billing","timestamp":"2025-12-12 19:37:38"}
{"0":"C","1":"u","10":"a","11":"l","12":"a","13":"n","14":"c","15":"e","16":" ","17":"u","18":"p","19":"d","2":"s","20":"a","21":"t","22":"e","23":"d","3":"t","4":"o","5":"m","6":"e","7":"r","8":" ","9":"b","level":"debug","message":"info","service":"telecom-billing","timestamp":"2025-12-12 19:37:38"}
{"0":"C","1":"D","10":"g","11":" ","12":"u","13":"p","14":"d","15":"a","16":"t","17":"e","18":"d","2":"R","3":" ","4":"b","5":"i","6":"l","7":"l","8":"i","9":"n","level":"debug","message":"info","service":"telecom-billing","timestamp":"2025-12-12 19:37:38"}
{"0":"B","1":"a","10":"a","11":"n","12":"s","13":"a","14":"c","15":"t","16":"i","17":"o","18":"n","19":" ","2":"l","20":"r","21":"e","22":"c","23":"o","24":"r","25":"d","26":"e","27":"d","3":"a","4":"n","5":"c","6":"e","7":" ","8":"t","9":"r","level":"debug","message":"info","service":"telecom-billing","timestamp":"2025-12-12 19:37:38"}
{"0":"C","1":"D","10":"s","11":"e","12":"d","13":" ","14":"S","15":"u","16":"c","17":"c","18":"e","19":"s","2":"R","20":"s","21":"f","22":"u","23":"l","24":"l","25":"y","3":" ","4":"P","5":"r","6":"o","7":"c","8":"e","9":"s","level":"debug","message":"info","service":"telecom-billing","timestamp":"2025-12-12 19:37:38"}
{"0":"C","1":"u","10":"a","11":"l","12":"a","13":"n","14":"c","15":"e","16":" ","17":"u","18":"p","19":"d","2":"s","20":"a","21":"t","22":"e","23":"d","3":"t","4":"o","5":"m","6":"e","7":"r","8":" ","9":"b","level":"debug","message":"info","service":"telecom-billing","timestamp":"2025-12-12 19:37:38"}
{"0":"C","1":"D","10":"g","11":" ","12":"u","13":"p","14":"d","15":"a","16":"t","17":"e","18":"d","2":"R","3":" ","4":"b","5":"i","6":"l","7":"l","8":"i","9":"n","level":"debug","message":"info","service":"telecom-billing","timestamp":"2025-12-12 19:37:38"}
{"0":"B","1":"a","10":"a","11":"n","12":"s","13":"a","14":"c","15":"t","16":"i","17":"o","18":"n","19":" ","2":"l","20":"r","21":"e","22":"c","23":"o","24":"r","25":"d","26":"e","27":"d","3":"a","4":"n","5":"c","6":"e","7":" ","8":"t","9":"r","level":"debug","message":"info","service":"telecom-billing","timestamp":"2025-12-12 19:37:38"}
{"0":"C","1":"D","10":"s","11":"e","12":"d","13":" ","14":"S","15":"u","16":"c","17":"c","18":"e","19":"s","2":"R","20":"s","21":"f","22":"u","23":"l","24":"l","25":"y","3":" ","4":"P","5":"r","6":"o","7":"c","8":"e","9":"s","level":"debug","message":"info","service":"telecom-billing","timestamp":"2025-12-12 19:37:38"}
{"0":"C","1":"u","10":"a","11":"l","12":"a","13":"n","14":"c","15":"e","16":" ","17":"u","18":"p","19":"d","2":"s","20":"a","21":"t","22":"e","23":"d","3":"t","4":"o","5":"m","6":"e","7":"r","8":" ","9":"b","level":"debug","message":"info","service":"telecom-billing","timestamp":"2025-12-12 19:37:38"}
{"0":"C","1":"D","10":"g","11":" ","12":"u","13":"p","14":"d","15":"a","16":"t","17":"e","18":"d","2":"R","3":" ","4":"b","5":"i","6":"l","7":"l","8":"i","9":"n","level":"debug","message":"info","service":"telecom-billing","timestamp":"2025-12-12 19:37:38"}
{"0":"B","1":"a","10":"a","11":"n","12":"s","13":"a","14":"c","15":"t","16":"i","17":"o","18":"n","19":" ","2":"l","20":"r","21":"e","22":"c","23":"o","24":"r","25":"d","26":"e","27":"d","3":"a","4":"n","5":"c","6":"e","7":" ","8":"t","9":"r","level":"debug","message":"info","service":"telecom-billing","timestamp":"2025-12-12 19:37:38"}
{"0":"C","1":"D","10":"s","11":"e","12":"d","13":" ","14":"S","15":"u","16":"c","17":"c","18":"e","19":"s","2":"R","20":"s","21":"f","22":"u","23":"l","24":"l","25":"y","3":" ","4":"P","5":"r","6":"o","7":"c","8":"e","9":"s","level":"debug","message":"info","service":"telecom-billing","timestamp":"2025-12-12 19:37:38"}
{"0":"C","1":"u","10":"a","11":"l","12":"a","13":"n","14":"c","15":"e","16":" ","17":"u","18":"p","19":"d","2":"s","20":"a","21":"t","22":"e","23":"d","3":"t","4":"o","5":"m","6":"e","7":"r","8":" ","9":"b","level":"debug","message":"info","service":"telecom-billing","timestamp":"2025-12-12 19:37:38"}
{"0":"C","1":"D","10":"g","11":" ","12":"u","13":"p","14":"d","15":"a","16":"t","17":"e","18":"d","2":"R","3":" ","4":"b","5":"i","6":"l","7":"l","8":"i","9":"n","level":"debug","message":"info","service":"telecom-billing","timestamp":"2025-12-12 19:37:38"}
{"0":"B","1":"a","10":"a","11":"n","12":"s","13":"a","14":"c","15":"t","16":"i","17":"o","18":"n","19":" ","2":"l","20":"r","21":"e","22":"c","23":"o","24":"r","25":"d","26":"e","27":"d","3":"a","4":"n","5":"c","6":"e","7":" ","8":"t","9":"r","level":"debug","message":"info","service":"telecom-billing","timestamp":"2025-12-12 19:37:38"}
{"0":"C","1":"D","10":"s","11":"e","12":"d","13":" ","14":"S","15":"u","16":"c","17":"c","18":"e","19":"s","2":"R","20":"s","21":"f","22":"u","23":"l","24":"l","25":"y","3":" ","4":"P","5":"r","6":"o","7":"c","8":"e","9":"s","level":"debug","message":"info","service":"telecom-billing","timestamp":"2025-12-12 19:37:38"}
{"0":"C","1":"u","10":"a","11":"l","12":"a","13":"n","14":"c","15":"e","16":" ","17":"u","18":"p","19":"d","2":"s","20":"a","21":"t","22":"e","23":"d","3":"t","4":"o","5":"m","6":"e","7":"r","8":" ","9":"b","level":"debug","message":"info","service":"telecom-billing","timestamp":"2025-12-12 19:37:38"}
{"0":"C","1":"D","10":"g","11":" ","12":"u","13":"p","14":"d","15":"a","16":"t","17":"e","18":"d","2":"R","3":" ","4":"b","5":"i","6":"l","7":"l","8":"i","9":"n","level":"debug","message":"info","service":"telecom-billing","timestamp":"2025-12-12 19:37:38"}
{"0":"B","1":"a","10":"a","11":"n","12":"s","13":"a","14":"c","15":"t","16":"i","17":"o","18":"n","19":" ","2":"l","20":"r","21":"e","22":"c","23":"o","24":"r","25":"d","26":"e","27":"d","3":"a","4":"n","5":"c","6":"e","7":" ","8":"t","9":"r","level":"debug","message":"info","service":"telecom-billing","timestamp":"2025-12-12 19:37:38"}
{"0":"C","1":"D","10":"s","11":"e","12":"d","13":" ","14":"S","15":"u","16":"c","17":"c","18":"e","19":"s","2":"R","20":"s","21":"f","22":"u","23":"l","24":"l","25":"y","3":" ","4":"P","5":"r","6":"o","7":"c","8":"e","9":"s","level":"debug","message":"info","service":"telecom-billing","timestamp":"2025-12-12 19:37:38"}
{"0":"C","1":"u","10":"a","11":"l","12":"a","13":"n","14":"c","15":"e","16":" ","17":"u","18":"p","19":"d","2":"s","20":"a","21":"t","22":"e","23":"d","3":"t","4":"o","5":"m","6":"e","7":"r","8":" ","9":"b","level":"debug","message":"info","service":"telecom-billing","timestamp":"2025-12-12 19:37:38"}
{"0":"C","1":"D","10":"g","11":" ","12":"u","13":"p","14":"d","15":"a","16":"t","17":"e","18":"d","2":"R","3":" ","4":"b","5":"i","6":"l","7":"l","8":"i","9":"n","level":"debug","message":"info","service":"telecom-billing","timestamp":"2025-12-12 19:37:38"}
{"0":"B","1":"a","10":"a","11":"n","12":"s","13":"a","14":"c","15":"t","16":"i","17":"o","18":"n","19":" ","2":"l","20":"r","21":"e","22":"c","23":"o","24":"r","25":"d","26":"e","27":"d","3":"a","4":"n","5":"c","6":"e","7":" ","8":"t","9":"r","level":"debug","message":"info","service":"telecom-billing","timestamp":"2025-12-12 19:37:38"}
{"0":"C","1":"D","10":"s","11":"e","12":"d","13":" ","14":"S","15":"u","16":"c","17":"c","18":"e","19":"s","2":"R","20":"s","21":"f","22":"u","23":"l","24":"l","25":"y","3":" ","4":"P","5":"r","6":"o","7":"c","8":"e","9":"s","level":"debug","message":"info","service":"telecom-billing","timestamp":"2025-12-12 19:37:38"}
{"0":"C","1":"u","10":"a","11":"l","12":"a","13":"n","14":"c","15":"e","16":" ","17":"u","18":"p","19":"d","2":"s","20":"a","21":"t","22":"e","23":"d","3":"t","4":"o","5":"m","6":"e","7":"r","8":" ","9":"b","level":"debug","message":"info","service":"telecom-billing","timestamp":"2025-12-12 19:37:38"}
{"0":"C","1":"D","10":"g","11":" ","12":"u","13":"p","14":"d","15":"a","16":"t","17":"e","18":"d","2":"R","3":" ","4":"b","5":"i","6":"l","7":"l","8":"i","9":"n","level":"debug","message":"info","service":"telecom-billing","timestamp":"2025-12-12 19:37:38"}
{"0":"B","1":"a","10":"a","11":"n","12":"s","13":"a","14":"c","15":"t","16":"i","17":"o","18":"n","19":" ","2":"l","20":"r","21":"e","22":"c","23":"o","24":"r","25":"d","26":"e","27":"d","3":"a","4":"n","5":"c","6":"e","7":" ","8":"t","9":"r","level":"debug","message":"info","service":"telecom-billing","timestamp":"2025-12-12 19:37:38"}
{"0":"C","1":"D","10":"s","11":"e","12":"d","13":" ","14":"S","15":"u","16":"c","17":"c","18":"e","19":"s","2":"R","20":"s","21":"f","22":"u","23":"l","24":"l","25":"y","3":" ","4":"P","5":"r","6":"o","7":"c","8":"e","9":"s","level":"debug","message":"info","service":"telecom-billing","timestamp":"2025-12-12 19:37:38"}
{"0":"C","1":"u","10":"a","11":"l","12":"a","13":"n","14":"c","15":"e","16":" ","17":"u","18":"p","19":"d","2":"s","20":"a","21":"t","22":"e","23":"d","3":"t","4":"o","5":"m","6":"e","7":"r","8":" ","9":"b","level":"debug","message":"info","service":"telecom-billing","timestamp":"2025-12-12 19:37:38"}
{"0":"C","1":"D","10":"g","11":" ","12":"u","13":"p","14":"d","15":"a","16":"t","17":"e","18":"d","2":"R","3":" ","4":"b","5":"i","6":"l","7":"l","8":"i","9":"n","level":"debug","message":"info","service":"telecom-billing","timestamp":"2025-12-12 19:37:38"}
{"0":"B","1":"a","10":"a","11":"n","12":"s","13":"a","14":"c","15":"t","16":"i","17":"o","18":"n","19":" ","2":"l","20":"r","21":"e","22":"c","23":"o","24":"r","25":"d","26":"e","27":"d","3":"a","4":"n","5":"c","6":"e","7":" ","8":"t","9":"r","level":"debug","message":"info","service":"telecom-billing","timestamp":"2025-12-12 19:37:38"}
{"0":"C","1":"D","10":"s","11":"e","12":"d","13":" ","14":"S","15":"u","16":"c","17":"c","18":"e","19":"s","2":"R","20":"s","21":"f","22":"u","23":"l","24":"l","25":"y","3":" ","4":"P","5":"r","6":"o","7":"c","8":"e","9":"s","level":"debug","message":"info","service":"telecom-billing","timestamp":"2025-12-12 19:37:38"}
{"0":"C","1":"u","10":"a","11":"l","12":"a","13":"n","14":"c","15":"e","16":" ","17":"u","18":"p","19":"d","2":"s","20":"a","21":"t","22":"e","23":"d","3":"t","4":"o","5":"m","6":"e","7":"r","8":" ","9":"b","level":"debug","message":"info","service":"telecom-billing","timestamp":"2025-12-12 19:37:38"}
{"0":"C","1":"D","10":"g","11":" ","12":"u","13":"p","14":"d","15":"a","16":"t","17":"e","18":"d","2":"R","3":" ","4":"b","5":"i","6":"l","7":"l","8":"i","9":"n","level":"debug","message":"info","service":"telecom-billing","timestamp":"2025-12-12 19:37:38"}
{"0":"B","1":"a","10":"a","11":"n","12":"s","13":"a","14":"c","15":"t","16":"i","17":"o","18":"n","19":" ","2":"l","20":"r","21":"e","22":"c","23":"o","24":"r","25":"d","26":"e","27":"d","3":"a","4":"n","5":"c","6":"e","7":" ","8":"t","9":"r","level":"debug","message":"info","service":"telecom-billing","timestamp":"2025-12-12 19:37:38"}
{"0":"C","1":"D","10":"s","11":"e","12":"d","13":" ","14":"S","15":"u","16":"c","17":"c","18":"e","19":"s","2":"R","20":"s","21":"f","22":"u","23":"l","24":"l","25":"y","3":" ","4":"P","5":"r","6":"o","7":"c","8":"e","9":"s","level":"debug","message":"info","service":"telecom-billing","timestamp":"2025-12-12 19:37:38"}
{"0":"C","1":"u","10":"a","11":"l","12":"a","13":"n","14":"c","15":"e","16":" ","17":"u","18":"p","19":"d","2":"s","20":"a","21":"t","22":"e","23":"d","3":"t","4":"o","5":"m","6":"e","7":"r","8":" ","9":"b","level":"debug","message":"info","service":"telecom-billing","timestamp":"2025-12-12 19:37:38"}
{"0":"C","1":"D","10":"g","11":" ","12":"u","13":"p","14":"d","15":"a","16":"t","17":"e","18":"d","2":"R","3":" ","4":"b","5":"i","6":"l","7":"l","8":"i","9":"n","level":"debug","message":"info","service":"telecom-billing","timestamp":"2025-12-12 19:37:38"}
{"0":"B","1":"a","10":"a","11":"n","12":"s","13":"a","14":"c","15":"t","16":"i","17":"o","18":"n","19":" ","2":"l","20":"r","21":"e","22":"c","23":"o","24":"r","25":"d","26":"e","27":"d","3":"a","4":"n","5":"c","6":"e","7":" ","8":"t","9":"r","level":"debug","message":"info","service":"telecom-billing","timestamp":"2025-12-12 19:37:38"}
{"0":"C","1":"D","10":"s","11":"e","12":"d","13":" ","14":"S","15":"u","16":"c","17":"c","18":"e","19":"s","2":"R","20":"s","21":"f","22":"u","23":"l","24":"l","25":"y","3":" ","4":"P","5":"r","6":"o","7":"c","8":"e","9":"s","level":"debug","message":"info","service":"telecom-billing","timestamp":"2025-12-12 19:37:38"}
{"0":"C","1":"u","10":"a","11":"l","12":"a","13":"n","14":"c","15":"e","16":" ","17":"u","18":"p","19":"d","2":"s","20":"a","21":"t","22":"e","23":"d","3":"t","4":"o","5":"m","6":"e","7":"r","8":" ","9":"b","level":"debug","message":"info","service":"telecom-billing","timestamp":"2025-12-12 19:37:38"}
{"0":"C","1":"D","10":"g","11":" ","12":"u","13":"p","14":"d","15":"a","16":"t","17":"e","18":"d","2":"R","3":" ","4":"b","5":"i","6":"l","7":"l","8":"i","9":"n","level":"debug","message":"info","service":"telecom-billing","timestamp":"2025-12-12 19:37:38"}
{"0":"B","1":"a","10":"a","11":"n","12":"s","13":"a","14":"c","15":"t","16":"i","17":"o","18":"n","19":" ","2":"l","20":"r","21":"e","22":"c","23":"o","24":"r","25":"d","26":"e","27":"d","3":"a","4":"n","5":"c","6":"e","7":" ","8":"t","9":"r","level":"debug","message":"info","service":"telecom-billing","timestamp":"2025-12-12 19:37:38"}
{"0":"C","1":"D","10":"s","11":"e","12":"d","13":" ","14":"S","15":"u","16":"c","17":"c","18":"e","19":"s","2":"R","20":"s","21":"f","22":"u","23":"l","24":"l","25":"y","3":" ","4":"P","5":"r","6":"o","7":"c","8":"e","9":"s","level":"debug","message":"info","service":"telecom-billing","timestamp":"2025-12-12 19:37:38"}
{"0":"C","1":"u","10":"a","11":"l","12":"a","13":"n","14":"c","15":"e","16":" ","17":"u","18":"p","19":"d","2":"s","20":"a","21":"t","22":"e","23":"d","3":"t","4":"o","5":"m","6":"e","7":"r","8":" ","9":"b","level":"debug","message":"info","service":"telecom-billing","timestamp":"2025-12-12 19:37:38"}
{"0":"C","1":"D","10":"g","11":" ","12":"u","13":"p","14":"d","15":"a","16":"t","17":"e","18":"d","2":"R","3":" ","4":"b","5":"i","6":"l","7":"l","8":"i","9":"n","level":"debug","message":"info","service":"telecom-billing","timestamp":"2025-12-12 19:37:38"}
{"0":"B","1":"a","10":"a","11":"n","12":"s","13":"a","14":"c","15":"t","16":"i","17":"o","18":"n","19":" ","2":"l","20":"r","21":"e","22":"c","23":"o","24":"r","25":"d","26":"e","27":"d","3":"a","4":"n","5":"c","6":"e","7":" ","8":"t","9":"r","level":"debug","message":"info","service":"telecom-billing","timestamp":"2025-12-12 19:37:38"}
{"0":"C","1":"D","10":"s","11":"e","12":"d","13":" ","14":"S","15":"u","16":"c","17":"c","18":"e","19":"s","2":"R","20":"s","21":"f","22":"u","23":"l","24":"l","25":"y","3":" ","4":"P","5":"r","6":"o","7":"c","8":"e","9":"s","level":"debug","message":"info","service":"telecom-billing","timestamp":"2025-12-12 19:37:38"}
{"0":"C","1":"u","10":"a","11":"l","12":"a","13":"n","14":"c","15":"e","16":" ","17":"u","18":"p","19":"d","2":"s","20":"a","21":"t","22":"e","23":"d","3":"t","4":"o","5":"m","6":"e","7":"r","8":" ","9":"b","level":"debug","message":"info","service":"telecom-billing","timestamp":"2025-12-12 19:37:38"}
{"0":"C","1":"D","10":"g","11":" ","12":"u","13":"p","14":"d","15":"a","16":"t","17":"e","18":"d","2":"R","3":" ","4":"b","5":"i","6":"l","7":"l","8":"i","9":"n","level":"debug","message":"info","service":"telecom-billing","timestamp":"2025-12-12 19:37:38"}
{"0":"B","1":"a","10":"a","11":"n","12":"s","13":"a","14":"c","15":"t","16":"i","17":"o","18":"n","19":" ","2":"l","20":"r","21":"e","22":"c","23":"o","24":"r","25":"d","26":"e","27":"d","3":"a","4":"n","5":"c","6":"e","7":" ","8":"t","9":"r","level":"debug","message":"info","service":"telecom-billing","timestamp":"2025-12-12 19:37:38"}
{"0":"C","1":"D","10":"s","11":"e","12":"d","13":" ","14":"S","15":"u","16":"c","17":"c","18":"e","19":"s","2":"R","20":"s","21":"f","22":"u","23":"l","24":"l","25":"y","3":" ","4":"P","5":"r","6":"o","7":"c","8":"e","9":"s","level":"debug","message":"info","service":"telecom-billing","timestamp":"2025-12-12 19:37:38"}
{"0":"C","1":"u","10":"a","11":"l","12":"a","13":"n","14":"c","15":"e","16":" ","17":"u","18":"p","19":"d","2":"s","20":"a","21":"t","22":"e","23":"d","3":"t","4":"o","5":"m","6":"e","7":"r","8":" ","9":"b","level":"debug","message":"info","service":"telecom-billing","timestamp":"2025-12-12 19:37:38"}
{"0":"C","1":"D","10":"g","11":" ","12":"u","13":"p","14":"d","15":"a","16":"t","17":"e","18":"d","2":"R","3":" ","4":"b","5":"i","6":"l","7":"l","8":"i","9":"n","level":"debug","message":"info","service":"telecom-billing","timestamp":"2025-12-12 19:37:38"}
{"0":"B","1":"a","10":"a","11":"n","12":"s","13":"a","14":"c","15":"t","16":"i","17":"o","18":"n","19":" ","2":"l","20":"r","21":"e","22":"c","23":"o","24":"r","25":"d","26":"e","27":"d","3":"a","4":"n","5":"c","6":"e","7":" ","8":"t","9":"r","level":"debug","message":"info","service":"telecom-billing","timestamp":"2025-12-12 19:37:38"}
{"0":"C","1":"D","10":"s","11":"e","12":"d","13":" ","14":"S","15":"u","16":"c","17":"c","18":"e","19":"s","2":"R","20":"s","21":"f","22":"u","23":"l","24":"l","25":"y","3":" ","4":"P","5":"r","6":"o","7":"c","8":"e","9":"s","level":"debug","message":"info","service":"telecom-billing","timestamp":"2025-12-12 19:37:38"}
{"0":"C","1":"u","10":"a","11":"l","12":"a","13":"n","14":"c","15":"e","16":" ","17":"u","18":"p","19":"d","2":"s","20":"a","21":"t","22":"e","23":"d","3":"t","4":"o","5":"m","6":"e","7":"r","8":" ","9":"b","level":"debug","message":"info","service":"telecom-billing","timestamp":"2025-12-12 19:37:38"}
{"0":"C","1":"D","10":"g","11":" ","12":"u","13":"p","14":"d","15":"a","16":"t","17":"e","18":"d","2":"R","3":" ","4":"b","5":"i","6":"l","7":"l","8":"i","9":"n","level":"debug","message":"info","service":"telecom-billing","timestamp":"2025-12-12 19:37:38"}
{"0":"B","1":"a","10":"a","11":"n","12":"s","13":"a","14":"c","15":"t","16":"i","17":"o","18":"n","19":" ","2":"l","20":"r","21":"e","22":"c","23":"o","24":"r","25":"d","26":"e","27":"d","3":"a","4":"n","5":"c","6":"e","7":" ","8":"t","9":"r","level":"debug","message":"info","service":"telecom-billing","timestamp":"2025-12-12 19:37:38"}
{"0":"C","1":"D","10":"s","11":"e","12":"d","13":" ","14":"S","15":"u","16":"c","17":"c","18":"e","19":"s","2":"R","20":"s","21":"f","22":"u","23":"l","24":"l","25":"y","3":" ","4":"P","5":"r","6":"o","7":"c","8":"e","9":"s","level":"debug","message":"info","service":"telecom-billing","timestamp":"2025-12-12 19:37:38"}
{"0":"C","1":"u","10":"a","11":"l","12":"a","13":"n","14":"c","15":"e","16":" ","17":"u","18":"p","19":"d","2":"s","20":"a","21":"t","22":"e","23":"d","3":"t","4":"o","5":"m","6":"e","7":"r","8":" ","9":"b","level":"debug","message":"info","service":"telecom-billing","timestamp":"2025-12-12 19:37:38"}
{"0":"C","1":"D","10":"g","11":" ","12":"u","13":"p","14":"d","15":"a","16":"t","17":"e","18":"d","2":"R","3":" ","4":"b","5":"i","6":"l","7":"l","8":"i","9":"n","level":"debug","message":"info","service":"telecom-billing","timestamp":"2025-12-12 19:37:38"}
{"0":"B","1":"a","10":"a","11":"n","12":"s","13":"a","14":"c","15":"t","16":"i","17":"o","18":"n","19":" ","2":"l","20":"r","21":"e","22":"c","23":"o","24":"r","25":"d","26":"e","27":"d","3":"a","4":"n","5":"c","6":"e","7":" ","8":"t","9":"r","level":"debug","message":"info","service":"telecom-billing","timestamp":"2025-12-12 19:37:38"}
{"0":"C","1":"D","10":"s","11":"e","12":"d","13":" ","14":"S","15":"u","16":"c","17":"c","18":"e","19":"s","2":"R","20":"s","21":"f","22":"u","23":"l","24":"l","25":"y","3":" ","4":"P","5":"r","6":"o","7":"c","8":"e","9":"s","level":"debug","message":"info","service":"telecom-billing","timestamp":"2025-12-12 19:37:38"}
{"0":"C","1":"u","10":"a","11":"l","12":"a","13":"n","14":"c","15":"e","16":" ","17":"u","18":"p","19":"d","2":"s","20":"a","21":"t","22":"e","23":"d","3":"t","4":"o","5":"m","6":"e","7":"r","8":" ","9":"b","level":"debug","message":"info","service":"telecom-billing","timestamp":"2025-12-12 19:37:38"}
{"0":"C","1":"D","10":"g","11":" ","12":"u","13":"p","14":"d","15":"a","16":"t","17":"e","18":"d","2":"R","3":" ","4":"b","5":"i","6":"l","7":"l","8":"i","9":"n","level":"debug","message":"info","service":"telecom-billing","timestamp":"2025-12-12 19:37:38"}
{"0":"B","1":"a","10":"a","11":"n","12":"s","13":"a","14":"c","15":"t","16":"i","17":"o","18":"n","19":" ","2":"l","20":"r","21":"e","22":"c","23":"o","24":"r","25":"d","26":"e","27":"d","3":"a","4":"n","5":"c","6":"e","7":" ","8":"t","9":"r","level":"debug","message":"info","service":"telecom-billing","timestamp":"2025-12-12 19:37:38"}
{"0":"C","1":"D","10":"s","11":"e","12":"d","13":" ","14":"S","15":"u","16":"c","17":"c","18":"e","19":"s","2":"R","20":"s","21":"f","22":"u","23":"l","24":"l","25":"y","3":" ","4":"P","5":"r","6":"o","7":"c","8":"e","9":"s","level":"debug","message":"info","service":"telecom-billing","timestamp":"2025-12-12 19:37:38"}
{"0":"C","1":"u","10":"a","11":"l","12":"a","13":"n","14":"c","15":"e","16":" ","17":"u","18":"p","19":"d","2":"s","20":"a","21":"t","22":"e","23":"d","3":"t","4":"o","5":"m","6":"e","7":"r","8":" ","9":"b","level":"debug","message":"info","service":"telecom-billing","timestamp":"2025-12-12 19:37:38"}
{"0":"C","1":"D","10":"g","11":" ","12":"u","13":"p","14":"d","15":"a","16":"t","17":"e","18":"d","2":"R","3":" ","4":"b","5":"i","6":"l","7":"l","8":"i","9":"n","level":"debug","message":"info","service":"telecom-billing","timestamp":"2025-12-12 19:37:38"}
{"0":"B","1":"a","10":"a","11":"n","12":"s","13":"a","14":"c","15":"t","16":"i","17":"o","18":"n","19":" ","2":"l","20":"r","21":"e","22":"c","23":"o","24":"r","25":"d","26":"e","27":"d","3":"a","4":"n","5":"c","6":"e","7":" ","8":"t","9":"r","level":"debug","message":"info","service":"telecom-billing","timestamp":"2025-12-12 19:37:38"}
{"0":"C","1":"D","10":"s","11":"e","12":"d","13":" ","14":"S","15":"u","16":"c","17":"c","18":"e","19":"s","2":"R","20":"s","21":"f","22":"u","23":"l","24":"l","25":"y","3":" ","4":"P","5":"r","6":"o","7":"c","8":"e","9":"s","level":"debug","message":"info","service":"telecom-billing","timestamp":"2025-12-12 19:37:38"}
{"0":"C","1":"u","10":"a","11":"l","12":"a","13":"n","14":"c","15":"e","16":" ","17":"u","18":"p","19":"d","2":"s","20":"a","21":"t","22":"e","23":"d","3":"t","4":"o","5":"m","6":"e","7":"r","8":" ","9":"b","level":"debug","message":"info","service":"telecom-billing","timestamp":"2025-12-12 19:37:38"}
{"0":"C","1":"D","10":"g","11":" ","12":"u","13":"p","14":"d","15":"a","16":"t","17":"e","18":"d","2":"R","3":" ","4":"b","5":"i","6":"l","7":"l","8":"i","9":"n","level":"debug","message":"info","service":"telecom-billing","timestamp":"2025-12-12 19:37:38"}
{"0":"B","1":"a","10":"a","11":"n","12":"s","13":"a","14":"c","15":"t","16":"i","17":"o","18":"n","19":" ","2":"l","20":"r","21":"e","22":"c","23":"o","24":"r","25":"d","26":"e","27":"d","3":"a","4":"n","5":"c","6":"e","7":" ","8":"t","9":"r","level":"debug","message":"info","service":"telecom-billing","timestamp":"2025-12-12 19:37:38"}
{"0":"C","1":"D","10":"s","11":"e","12":"d","13":" ","14":"S","15":"u","16":"c","17":"c","18":"e","19":"s","2":"R","20":"s","21":"f","22":"u","23":"l","24":"l","25":"y","3":" ","4":"P","5":"r","6":"o","7":"c","8":"e","9":"s","level":"debug","message":"info","service":"telecom-billing","timestamp":"2025-12-12 19:37:38"}
{"0":"C","1":"u","10":"a","11":"l","12":"a","13":"n","14":"c","15":"e","16":" ","17":"u","18":"p","19":"d","2":"s","20":"a","21":"t","22":"e","23":"d","3":"t","4":"o","5":"m","6":"e","7":"r","8":" ","9":"b","level":"debug","message":"info","service":"telecom-billing","timestamp":"2025-12-12 19:37:38"}
{"0":"C","1":"D","10":"g","11":" ","12":"u","13":"p","14":"d","15":"a","16":"t","17":"e","18":"d","2":"R","3":" ","4":"b","5":"i","6":"l","7":"l","8":"i","9":"n","level":"debug","message":"info","service":"telecom-billing","timestamp":"2025-12-12 19:37:38"}
{"0":"B","1":"a","10":"a","11":"n","12":"s","13":"a","14":"c","15":"t","16":"i","17":"o","18":"n","19":" ","2":"l","20":"r","21":"e","22":"c","23":"o","24":"r","25":"d","26":"e","27":"d","3":"a","4":"n","5":"c","6":"e","7":" ","8":"t","9":"r","level":"debug","message":"info","service":"telecom-billing","timestamp":"2025-12-12 19:37:38"}
{"0":"C","1":"D","10":"s","11":"e","12":"d","13":" ","14":"S","15":"u","16":"c","17":"c","18":"e","19":"s","2":"R","20":"s","21":"f","22":"u","23":"l","24":"l","25":"y","3":" ","4":"P","5":"r","6":"o","7":"c","8":"e","9":"s","level":"debug","message":"info","service":"telecom-billing","timestamp":"2025-12-12 19:37:38"}
{"0":"C","1":"u","10":"a","11":"l","12":"a","13":"n","14":"c","15":"e","16":" ","17":"u","18":"p","19":"d","2":"s","20":"a","21":"t","22":"e","23":"d","3":"t","4":"o","5":"m","6":"e","7":"r","8":" ","9":"b","level":"debug","message":"info","service":"telecom-billing","timestamp":"2025-12-12 19:37:38"}
{"0":"C","1":"D","10":"g","11":" ","12":"u","13":"p","14":"d","15":"a","16":"t","17":"e","18":"d","2":"R","3":" ","4":"b","5":"i","6":"l","7":"l","8":"i","9":"n","level":"debug","message":"info","service":"telecom-billing","timestamp":"2025-12-12 19:37:38"}
{"0":"B","1":"a","10":"a","11":"n","12":"s","13":"a","14":"c","15":"t","16":"i","17":"o","18":"n","19":" ","2":"l","20":"r","21":"e","22":"c","23":"o","24":"r","25":"d","26":"e","27":"d","3":"a","4":"n","5":"c","6":"e","7":" ","8":"t","9":"r","level":"debug","message":"info","service":"telecom-billing","timestamp":"2025-12-12 19:37:38"}
{"0":"C","1":"D","10":"s","11":"e","12":"d","13":" ","14":"S","15":"u","16":"c","17":"c","18":"e","19":"s","2":"R","20":"s","21":"f","22":"u","23":"l","24":"l","25":"y","3":" ","4":"P","5":"r","6":"o","7":"c","8":"e","9":"s","level":"debug","message":"info","service":"telecom-billing","timestamp":"2025-12-12 19:37:38"}
{"0":"C","1":"u","10":"a","11":"l","12":"a","13":"n","14":"c","15":"e","16":" ","17":"u","18":"p","19":"d","2":"s","20":"a","21":"t","22":"e","23":"d","3":"t","4":"o","5":"m","6":"e","7":"r","8":" ","9":"b","level":"debug","message":"info","service":"telecom-billing","timestamp":"2025-12-12 19:37:38"}
{"0":"C","1":"D","10":"g","11":" ","12":"u","13":"p","14":"d","15":"a","16":"t","17":"e","18":"d","2":"R","3":" ","4":"b","5":"i","6":"l","7":"l","8":"i","9":"n","level":"debug","message":"info","service":"telecom-billing","timestamp":"2025-12-12 19:37:38"}
{"0":"B","1":"a","10":"a","11":"n","12":"s","13":"a","14":"c","15":"t","16":"i","17":"o","18":"n","19":" ","2":"l","20":"r","21":"e","22":"c","23":"o","24":"r","25":"d","26":"e","27":"d","3":"a","4":"n","5":"c","6":"e","7":" ","8":"t","9":"r","level":"debug","message":"info","service":"telecom-billing","timestamp":"2025-12-12 19:37:38"}
{"0":"C","1":"D","10":"s","11":"e","12":"d","13":" ","14":"S","15":"u","16":"c","17":"c","18":"e","19":"s","2":"R","20":"s","21":"f","22":"u","23":"l","24":"l","25":"y","3":" ","4":"P","5":"r","6":"o","7":"c","8":"e","9":"s","level":"debug","message":"info","service":"telecom-billing","timestamp":"2025-12-12 19:37:38"}
{"0":"C","1":"u","10":"a","11":"l","12":"a","13":"n","14":"c","15":"e","16":" ","17":"u","18":"p","19":"d","2":"s","20":"a","21":"t","22":"e","23":"d","3":"t","4":"o","5":"m","6":"e","7":"r","8":" ","9":"b","level":"debug","message":"info","service":"telecom-billing","timestamp":"2025-12-12 19:37:38"}
{"0":"C","1":"D","10":"g","11":" ","12":"u","13":"p","14":"d","15":"a","16":"t","17":"e","18":"d","2":"R","3":" ","4":"b","5":"i","6":"l","7":"l","8":"i","9":"n","level":"debug","message":"info","service":"telecom-billing","timestamp":"2025-12-12 19:37:38"}
{"0":"B","1":"a","10":"a","11":"n","12":"s","13":"a","14":"c","15":"t","16":"i","17":"o","18":"n","19":" ","2":"l","20":"r","21":"e","22":"c","23":"o","24":"r","25":"d","26":"e","27":"d","3":"a","4":"n","5":"c","6":"e","7":" ","8":"t","9":"r","level":"debug","message":"info","service":"telecom-billing","timestamp":"2025-12-12 19:37:38"}
{"0":"C","1":"D","10":"s","11":"e","12":"d","13":" ","14":"S","15":"u","16":"c","17":"c","18":"e","19":"s","2":"R","20":"s","21":"f","22":"u","23":"l","24":"l","25":"y","3":" ","4":"P","5":"r","6":"o","7":"c","8":"e","9":"s","level":"debug","message":"info","service":"telecom-billing","timestamp":"2025-12-12 19:37:38"}
{"0":"C","1":"u","10":"a","11":"l","12":"a","13":"n","14":"c","15":"e","16":" ","17":"u","18":"p","19":"d","2":"s","20":"a","21":"t","22":"e","23":"d","3":"t","4":"o","5":"m","6":"e","7":"r","8":" ","9":"b","level":"debug","message":"info","service":"telecom-billing","timestamp":"2025-12-12 19:37:38"}
{"0":"C","1":"D","10":"g","11":" ","12":"u","13":"p","14":"d","15":"a","16":"t","17":"e","18":"d","2":"R","3":" ","4":"b","5":"i","6":"l","7":"l","8":"i","9":"n","level":"debug","message":"info","service":"telecom-billing","timestamp":"2025-12-12 19:37:38"}
{"0":"B","1":"a","10":"a","11":"n","12":"s","13":"a","14":"c","15":"t","16":"i","17":"o","18":"n","19":" ","2":"l","20":"r","21":"e","22":"c","23":"o","24":"r","25":"d","26":"e","27":"d","3":"a","4":"n","5":"c","6":"e","7":" ","8":"t","9":"r","level":"debug","message":"info","service":"telecom-billing","timestamp":"2025-12-12 19:37:38"}
{"0":"C","1":"D","10":"s","11":"e","12":"d","13":" ","14":"S","15":"u","16":"c","17":"c","18":"e","19":"s","2":"R","20":"s","21":"f","22":"u","23":"l","24":"l","25":"y","3":" ","4":"P","5":"r","6":"o","7":"c","8":"e","9":"s","level":"debug","message":"info","service":"telecom-billing","timestamp":"2025-12-12 19:37:38"}
{"0":"C","1":"u","10":"a","11":"l","12":"a","13":"n","14":"c","15":"e","16":" ","17":"u","18":"p","19":"d","2":"s","20":"a","21":"t","22":"e","23":"d","3":"t","4":"o","5":"m","6":"e","7":"r","8":" ","9":"b","level":"debug","message":"info","service":"telecom-billing","timestamp":"2025-12-12 19:37:38"}
{"0":"C","1":"D","10":"g","11":" ","12":"u","13":"p","14":"d","15":"a","16":"t","17":"e","18":"d","2":"R","3":" ","4":"b","5":"i","6":"l","7":"l","8":"i","9":"n","level":"debug","message":"info","service":"telecom-billing","timestamp":"2025-12-12 19:37:39"}
{"0":"B","1":"a","10":"a","11":"n","12":"s","13":"a","14":"c","15":"t","16":"i","17":"o","18":"n","19":" ","2":"l","20":"r","21":"e","22":"c","23":"o","24":"r","25":"d","26":"e","27":"d","3":"a","4":"n","5":"c","6":"e","7":" ","8":"t","9":"r","level":"debug","message":"info","service":"telecom-billing","timestamp":"2025-12-12 19:37:39"}
{"0":"C","1":"D","10":"s","11":"e","12":"d","13":" ","14":"S","15":"u","16":"c","17":"c","18":"e","19":"s","2":"R","20":"s","21":"f","22":"u","23":"l","24":"l","25":"y","3":" ","4":"P","5":"r","6":"o","7":"c","8":"e","9":"s","level":"debug","message":"info","service":"telecom-billing","timestamp":"2025-12-12 19:37:39"}
{"0":"C","1":"u","10":"a","11":"l","12":"a","13":"n","14":"c","15":"e","16":" ","17":"u","18":"p","19":"d","2":"s","20":"a","21":"t","22":"e","23":"d","3":"t","4":"o","5":"m","6":"e","7":"r","8":" ","9":"b","level":"debug","message":"info","service":"telecom-billing","timestamp":"2025-12-12 19:37:39"}
{"0":"C","1":"D","10":"g","11":" ","12":"u","13":"p","14":"d","15":"a","16":"t","17":"e","18":"d","2":"R","3":" ","4":"b","5":"i","6":"l","7":"l","8":"i","9":"n","level":"debug","message":"info","service":"telecom-billing","timestamp":"2025-12-12 19:37:39"}
{"0":"B","1":"a","10":"a","11":"n","12":"s","13":"a","14":"c","15":"t","16":"i","17":"o","18":"n","19":" ","2":"l","20":"r","21":"e","22":"c","23":"o","24":"r","25":"d","26":"e","27":"d","3":"a","4":"n","5":"c","6":"e","7":" ","8":"t","9":"r","level":"debug","message":"info","service":"telecom-billing","timestamp":"2025-12-12 19:37:39"}
{"0":"C","1":"D","10":"s","11":"e","12":"d","13":" ","14":"S","15":"u","16":"c","17":"c","18":"e","19":"s","2":"R","20":"s","21":"f","22":"u","23":"l","24":"l","25":"y","3":" ","4":"P","5":"r","6":"o","7":"c","8":"e","9":"s","level":"debug","message":"info","service":"telecom-billing","timestamp":"2025-12-12 19:37:39"}
{"0":"C","1":"u","10":"a","11":"l","12":"a","13":"n","14":"c","15":"e","16":" ","17":"u","18":"p","19":"d","2":"s","20":"a","21":"t","22":"e","23":"d","3":"t","4":"o","5":"m","6":"e","7":"r","8":" ","9":"b","level":"debug","message":"info","service":"telecom-billing","timestamp":"2025-12-12 19:37:39"}
{"0":"C","1":"D","10":"g","11":" ","12":"u","13":"p","14":"d","15":"a","16":"t","17":"e","18":"d","2":"R","3":" ","4":"b","5":"i","6":"l","7":"l","8":"i","9":"n","level":"debug","message":"info","service":"telecom-billing","timestamp":"2025-12-12 19:37:39"}
{"0":"B","1":"a","10":"a","11":"n","12":"s","13":"a","14":"c","15":"t","16":"i","17":"o","18":"n","19":" ","2":"l","20":"r","21":"e","22":"c","23":"o","24":"r","25":"d","26":"e","27":"d","3":"a","4":"n","5":"c","6":"e","7":" ","8":"t","9":"r","level":"debug","message":"info","service":"telecom-billing","timestamp":"2025-12-12 19:37:39"}
{"0":"C","1":"D","10":"s","11":"e","12":"d","13":" ","14":"S","15":"u","16":"c","17":"c","18":"e","19":"s","2":"R","20":"s","21":"f","22":"u","23":"l","24":"l","25":"y","3":" ","4":"P","5":"r","6":"o","7":"c","8":"e","9":"s","level":"debug","message":"info","service":"telecom-billing","timestamp":"2025-12-12 19:37:39"}
{"0":"C","1":"u","10":"a","11":"l","12":"a","13":"n","14":"c","15":"e","16":" ","17":"u","18":"p","19":"d","2":"s","20":"a","21":"t","22":"e","23":"d","3":"t","4":"o","5":"m","6":"e","7":"r","8":" ","9":"b","level":"debug","message":"info","service":"telecom-billing","timestamp":"2025-12-12 19:37:39"}
{"0":"C","1":"D","10":"g","11":" ","12":"u","13":"p","14":"d","15":"a","16":"t","17":"e","18":"d","2":"R","3":" ","4":"b","5":"i","6":"l","7":"l","8":"i","9":"n","level":"debug","message":"info","service":"telecom-billing","timestamp":"2025-12-12 19:37:39"}
{"0":"B","1":"a","10":"a","11":"n","12":"s","13":"a","14":"c","15":"t","16":"i","17":"o","18":"n","19":" ","2":"l","20":"r","21":"e","22":"c","23":"o","24":"r","25":"d","26":"e","27":"d","3":"a","4":"n","5":"c","6":"e","7":" ","8":"t","9":"r","level":"debug","message":"info","service":"telecom-billing","timestamp":"2025-12-12 19:37:39"}
{"0":"C","1":"D","10":"s","11":"e","12":"d","13":" ","14":"S","15":"u","16":"c","17":"c","18":"e","19":"s","2":"R","20":"s","21":"f","22":"u","23":"l","24":"l","25":"y","3":" ","4":"P","5":"r","6":"o","7":"c","8":"e","9":"s","level":"debug","message":"info","service":"telecom-billing","timestamp":"2025-12-12 19:37:39"}
{"0":"C","1":"u","10":"a","11":"l","12":"a","13":"n","14":"c","15":"e","16":" ","17":"u","18":"p","19":"d","2":"s","20":"a","21":"t","22":"e","23":"d","3":"t","4":"o","5":"m","6":"e","7":"r","8":" ","9":"b","level":"debug","message":"info","service":"telecom-billing","timestamp":"2025-12-12 19:37:39"}
{"0":"C","1":"D","10":"g","11":" ","12":"u","13":"p","14":"d","15":"a","16":"t","17":"e","18":"d","2":"R","3":" ","4":"b","5":"i","6":"l","7":"l","8":"i","9":"n","level":"debug","message":"info","service":"telecom-billing","timestamp":"2025-12-12 19:37:39"}
{"0":"B","1":"a","10":"a","11":"n","12":"s","13":"a","14":"c","15":"t","16":"i","17":"o","18":"n","19":" ","2":"l","20":"r","21":"e","22":"c","23":"o","24":"r","25":"d","26":"e","27":"d","3":"a","4":"n","5":"c","6":"e","7":" ","8":"t","9":"r","level":"debug","message":"info","service":"telecom-billing","timestamp":"2025-12-12 19:37:39"}
{"0":"C","1":"D","10":"s","11":"e","12":"d","13":" ","14":"S","15":"u","16":"c","17":"c","18":"e","19":"s","2":"R","20":"s","21":"f","22":"u","23":"l","24":"l","25":"y","3":" ","4":"P","5":"r","6":"o","7":"c","8":"e","9":"s","level":"debug","message":"info","service":"telecom-billing","timestamp":"2025-12-12 19:37:39"}
{"0":"C","1":"u","10":"a","11":"l","12":"a","13":"n","14":"c","15":"e","16":" ","17":"u","18":"p","19":"d","2":"s","20":"a","21":"t","22":"e","23":"d","3":"t","4":"o","5":"m","6":"e","7":"r","8":" ","9":"b","level":"debug","message":"info","service":"telecom-billing","timestamp":"2025-12-12 19:37:39"}
{"0":"C","1":"D","10":"g","11":" ","12":"u","13":"p","14":"d","15":"a","16":"t","17":"e","18":"d","2":"R","3":" ","4":"b","5":"i","6":"l","7":"l","8":"i","9":"n","level":"debug","message":"info","service":"telecom-billing","timestamp":"2025-12-12 19:37:39"}
{"0":"B","1":"a","10":"a","11":"n","12":"s","13":"a","14":"c","15":"t","16":"i","17":"o","18":"n","19":" ","2":"l","20":"r","21":"e","22":"c","23":"o","24":"r","25":"d","26":"e","27":"d","3":"a","4":"n","5":"c","6":"e","7":" ","8":"t","9":"r","level":"debug","message":"info","service":"telecom-billing","timestamp":"2025-12-12 19:37:39"}
{"0":"C","1":"D","10":"s","11":"e","12":"d","13":" ","14":"S","15":"u","16":"c","17":"c","18":"e","19":"s","2":"R","20":"s","21":"f","22":"u","23":"l","24":"l","25":"y","3":" ","4":"P","5":"r","6":"o","7":"c","8":"e","9":"s","level":"debug","message":"info","service":"telecom-billing","timestamp":"2025-12-12 19:37:39"}
{"0":"C","1":"u","10":"a","11":"l","12":"a","13":"n","14":"c","15":"e","16":" ","17":"u","18":"p","19":"d","2":"s","20":"a","21":"t","22":"e","23":"d","3":"t","4":"o","5":"m","6":"e","7":"r","8":" ","9":"b","level":"debug","message":"info","service":"telecom-billing","timestamp":"2025-12-12 19:37:39"}
{"0":"C","1":"D","10":"g","11":" ","12":"u","13":"p","14":"d","15":"a","16":"t","17":"e","18":"d","2":"R","3":" ","4":"b","5":"i","6":"l","7":"l","8":"i","9":"n","level":"debug","message":"info","service":"telecom-billing","timestamp":"2025-12-12 19:37:39"}
{"0":"B","1":"a","10":"a","11":"n","12":"s","13":"a","14":"c","15":"t","16":"i","17":"o","18":"n","19":" ","2":"l","20":"r","21":"e","22":"c","23":"o","24":"r","25":"d","26":"e","27":"d","3":"a","4":"n","5":"c","6":"e","7":" ","8":"t","9":"r","level":"debug","message":"info","service":"telecom-billing","timestamp":"2025-12-12 19:37:39"}
{"0":"C","1":"D","10":"s","11":"e","12":"d","13":" ","14":"S","15":"u","16":"c","17":"c","18":"e","19":"s","2":"R","20":"s","21":"f","22":"u","23":"l","24":"l","25":"y","3":" ","4":"P","5":"r","6":"o","7":"c","8":"e","9":"s","level":"debug","message":"info","service":"telecom-billing","timestamp":"2025-12-12 19:37:39"}
{"0":"C","1":"u","10":"a","11":"l","12":"a","13":"n","14":"c","15":"e","16":" ","17":"u","18":"p","19":"d","2":"s","20":"a","21":"t","22":"e","23":"d","3":"t","4":"o","5":"m","6":"e","7":"r","8":" ","9":"b","level":"debug","message":"info","service":"telecom-billing","timestamp":"2025-12-12 19:37:39"}
{"0":"C","1":"D","10":"g","11":" ","12":"u","13":"p","14":"d","15":"a","16":"t","17":"e","18":"d","2":"R","3":" ","4":"b","5":"i","6":"l","7":"l","8":"i","9":"n","level":"debug","message":"info","service":"telecom-billing","timestamp":"2025-12-12 19:37:39"}
{"0":"B","1":"a","10":"a","11":"n","12":"s","13":"a","14":"c","15":"t","16":"i","17":"o","18":"n","19":" ","2":"l","20":"r","21":"e","22":"c","23":"o","24":"r","25":"d","26":"e","27":"d","3":"a","4":"n","5":"c","6":"e","7":" ","8":"t","9":"r","level":"debug","message":"info","service":"telecom-billing","timestamp":"2025-12-12 19:37:39"}
{"0":"C","1":"D","10":"s","11":"e","12":"d","13":" ","14":"S","15":"u","16":"c","17":"c","18":"e","19":"s","2":"R","20":"s","21":"f","22":"u","23":"l","24":"l","25":"y","3":" ","4":"P","5":"r","6":"o","7":"c","8":"e","9":"s","level":"debug","message":"info","service":"telecom-billing","timestamp":"2025-12-12 19:37:39"}
{"0":"C","1":"u","10":"a","11":"l","12":"a","13":"n","14":"c","15":"e","16":" ","17":"u","18":"p","19":"d","2":"s","20":"a","21":"t","22":"e","23":"d","3":"t","4":"o","5":"m","6":"e","7":"r","8":" ","9":"b","level":"debug","message":"info","service":"telecom-billing","timestamp":"2025-12-12 19:37:39"}
{"0":"C","1":"D","10":"g","11":" ","12":"u","13":"p","14":"d","15":"a","16":"t","17":"e","18":"d","2":"R","3":" ","4":"b","5":"i","6":"l","7":"l","8":"i","9":"n","level":"debug","message":"info","service":"telecom-billing","timestamp":"2025-12-12 19:37:39"}
{"0":"B","1":"a","10":"a","11":"n","12":"s","13":"a","14":"c","15":"t","16":"i","17":"o","18":"n","19":" ","2":"l","20":"r","21":"e","22":"c","23":"o","24":"r","25":"d","26":"e","27":"d","3":"a","4":"n","5":"c","6":"e","7":" ","8":"t","9":"r","level":"debug","message":"info","service":"telecom-billing","timestamp":"2025-12-12 19:37:39"}
{"0":"C","1":"D","10":"s","11":"e","12":"d","13":" ","14":"S","15":"u","16":"c","17":"c","18":"e","19":"s","2":"R","20":"s","21":"f","22":"u","23":"l","24":"l","25":"y","3":" ","4":"P","5":"r","6":"o","7":"c","8":"e","9":"s","level":"debug","message":"info","service":"telecom-billing","timestamp":"2025-12-12 19:37:39"}
{"0":"C","1":"u","10":"a","11":"l","12":"a","13":"n","14":"c","15":"e","16":" ","17":"u","18":"p","19":"d","2":"s","20":"a","21":"t","22":"e","23":"d","3":"t","4":"o","5":"m","6":"e","7":"r","8":" ","9":"b","level":"debug","message":"info","service":"telecom-billing","timestamp":"2025-12-12 19:37:39"}
{"0":"C","1":"D","10":"g","11":" ","12":"u","13":"p","14":"d","15":"a","16":"t","17":"e","18":"d","2":"R","3":" ","4":"b","5":"i","6":"l","7":"l","8":"i","9":"n","level":"debug","message":"info","service":"telecom-billing","timestamp":"2025-12-12 19:37:39"}
{"0":"B","1":"a","10":"a","11":"n","12":"s","13":"a","14":"c","15":"t","16":"i","17":"o","18":"n","19":" ","2":"l","20":"r","21":"e","22":"c","23":"o","24":"r","25":"d","26":"e","27":"d","3":"a","4":"n","5":"c","6":"e","7":" ","8":"t","9":"r","level":"debug","message":"info","service":"telecom-billing","timestamp":"2025-12-12 19:37:39"}
{"0":"C","1":"D","10":"s","11":"e","12":"d","13":" ","14":"S","15":"u","16":"c","17":"c","18":"e","19":"s","2":"R","20":"s","21":"f","22":"u","23":"l","24":"l","25":"y","3":" ","4":"P","5":"r","6":"o","7":"c","8":"e","9":"s","level":"debug","message":"info","service":"telecom-billing","timestamp":"2025-12-12 19:37:39"}
{"0":"C","1":"u","10":"a","11":"l","12":"a","13":"n","14":"c","15":"e","16":" ","17":"u","18":"p","19":"d","2":"s","20":"a","21":"t","22":"e","23":"d","3":"t","4":"o","5":"m","6":"e","7":"r","8":" ","9":"b","level":"debug","message":"info","service":"telecom-billing","timestamp":"2025-12-12 19:37:39"}
{"0":"C","1":"D","10":"g","11":" ","12":"u","13":"p","14":"d","15":"a","16":"t","17":"e","18":"d","2":"R","3":" ","4":"b","5":"i","6":"l","7":"l","8":"i","9":"n","level":"debug","message":"info","service":"telecom-billing","timestamp":"2025-12-12 19:37:39"}
{"0":"B","1":"a","10":"a","11":"n","12":"s","13":"a","14":"c","15":"t","16":"i","17":"o","18":"n","19":" ","2":"l","20":"r","21":"e","22":"c","23":"o","24":"r","25":"d","26":"e","27":"d","3":"a","4":"n","5":"c","6":"e","7":" ","8":"t","9":"r","level":"debug","message":"info","service":"telecom-billing","timestamp":"2025-12-12 19:37:39"}
{"0":"C","1":"D","10":"s","11":"e","12":"d","13":" ","14":"S","15":"u","16":"c","17":"c","18":"e","19":"s","2":"R","20":"s","21":"f","22":"u","23":"l","24":"l","25":"y","3":" ","4":"P","5":"r","6":"o","7":"c","8":"e","9":"s","level":"debug","message":"info","service":"telecom-billing","timestamp":"2025-12-12 19:37:39"}
{"0":"C","1":"u","10":"a","11":"l","12":"a","13":"n","14":"c","15":"e","16":" ","17":"u","18":"p","19":"d","2":"s","20":"a","21":"t","22":"e","23":"d","3":"t","4":"o","5":"m","6":"e","7":"r","8":" ","9":"b","level":"debug","message":"info","service":"telecom-billing","timestamp":"2025-12-12 19:37:39"}
{"0":"C","1":"D","10":"g","11":" ","12":"u","13":"p","14":"d","15":"a","16":"t","17":"e","18":"d","2":"R","3":" ","4":"b","5":"i","6":"l","7":"l","8":"i","9":"n","level":"debug","message":"info","service":"telecom-billing","timestamp":"2025-12-12 19:37:39"}
{"0":"B","1":"a","10":"a","11":"n","12":"s","13":"a","14":"c","15":"t","16":"i","17":"o","18":"n","19":" ","2":"l","20":"r","21":"e","22":"c","23":"o","24":"r","25":"d","26":"e","27":"d","3":"a","4":"n","5":"c","6":"e","7":" ","8":"t","9":"r","level":"debug","message":"info","service":"telecom-billing","timestamp":"2025-12-12 19:37:39"}
{"0":"C","1":"D","10":"s","11":"e","12":"d","13":" ","14":"S","15":"u","16":"c","17":"c","18":"e","19":"s","2":"R","20":"s","21":"f","22":"u","23":"l","24":"l","25":"y","3":" ","4":"P","5":"r","6":"o","7":"c","8":"e","9":"s","level":"debug","message":"info","service":"telecom-billing","timestamp":"2025-12-12 19:37:39"}
{"0":"C","1":"u","10":"a","11":"l","12":"a","13":"n","14":"c","15":"e","16":" ","17":"u","18":"p","19":"d","2":"s","20":"a","21":"t","22":"e","23":"d","3":"t","4":"o","5":"m","6":"e","7":"r","8":" ","9":"b","level":"debug","message":"info","service":"telecom-billing","timestamp":"2025-12-12 19:37:39"}
{"0":"C","1":"D","10":"g","11":" ","12":"u","13":"p","14":"d","15":"a","16":"t","17":"e","18":"d","2":"R","3":" ","4":"b","5":"i","6":"l","7":"l","8":"i","9":"n","level":"debug","message":"info","service":"telecom-billing","timestamp":"2025-12-12 19:37:39"}
{"0":"B","1":"a","10":"a","11":"n","12":"s","13":"a","14":"c","15":"t","16":"i","17":"o","18":"n","19":" ","2":"l","20":"r","21":"e","22":"c","23":"o","24":"r","25":"d","26":"e","27":"d","3":"a","4":"n","5":"c","6":"e","7":" ","8":"t","9":"r","level":"debug","message":"info","service":"telecom-billing","timestamp":"2025-12-12 19:37:39"}
{"0":"C","1":"D","10":"s","11":"e","12":"d","13":" ","14":"S","15":"u","16":"c","17":"c","18":"e","19":"s","2":"R","20":"s","21":"f","22":"u","23":"l","24":"l","25":"y","3":" ","4":"P","5":"r","6":"o","7":"c","8":"e","9":"s","level":"debug","message":"info","service":"telecom-billing","timestamp":"2025-12-12 19:37:39"}
{"0":"C","1":"u","10":"a","11":"l","12":"a","13":"n","14":"c","15":"e","16":" ","17":"u","18":"p","19":"d","2":"s","20":"a","21":"t","22":"e","23":"d","3":"t","4":"o","5":"m","6":"e","7":"r","8":" ","9":"b","level":"debug","message":"info","service":"telecom-billing","timestamp":"2025-12-12 19:37:39"}
{"0":"C","1":"D","10":"g","11":" ","12":"u","13":"p","14":"d","15":"a","16":"t","17":"e","18":"d","2":"R","3":" ","4":"b","5":"i","6":"l","7":"l","8":"i","9":"n","level":"debug","message":"info","service":"telecom-billing","timestamp":"2025-12-12 19:37:39"}
{"0":"B","1":"a","10":"a","11":"n","12":"s","13":"a","14":"c","15":"t","16":"i","17":"o","18":"n","19":" ","2":"l","20":"r","21":"e","22":"c","23":"o","24":"r","25":"d","26":"e","27":"d","3":"a","4":"n","5":"c","6":"e","7":" ","8":"t","9":"r","level":"debug","message":"info","service":"telecom-billing","timestamp":"2025-12-12 19:37:39"}
{"0":"C","1":"D","10":"s","11":"e","12":"d","13":" ","14":"S","15":"u","16":"c","17":"c","18":"e","19":"s","2":"R","20":"s","21":"f","22":"u","23":"l","24":"l","25":"y","3":" ","4":"P","5":"r","6":"o","7":"c","8":"e","9":"s","level":"debug","message":"info","service":"telecom-billing","timestamp":"2025-12-12 19:37:39"}
{"0":"C","1":"u","10":"a","11":"l","12":"a","13":"n","14":"c","15":"e","16":" ","17":"u","18":"p","19":"d","2":"s","20":"a","21":"t","22":"e","23":"d","3":"t","4":"o","5":"m","6":"e","7":"r","8":" ","9":"b","level":"debug","message":"info","service":"telecom-billing","timestamp":"2025-12-12 19:37:39"}
{"0":"C","1":"D","10":"g","11":" ","12":"u","13":"p","14":"d","15":"a","16":"t","17":"e","18":"d","2":"R","3":" ","4":"b","5":"i","6":"l","7":"l","8":"i","9":"n","level":"debug","message":"info","service":"telecom-billing","timestamp":"2025-12-12 19:37:39"}
{"0":"B","1":"a","10":"a","11":"n","12":"s","13":"a","14":"c","15":"t","16":"i","17":"o","18":"n","19":" ","2":"l","20":"r","21":"e","22":"c","23":"o","24":"r","25":"d","26":"e","27":"d","3":"a","4":"n","5":"c","6":"e","7":" ","8":"t","9":"r","level":"debug","message":"info","service":"telecom-billing","timestamp":"2025-12-12 19:37:39"}
{"0":"C","1":"D","10":"s","11":"e","12":"d","13":" ","14":"S","15":"u","16":"c","17":"c","18":"e","19":"s","2":"R","20":"s","21":"f","22":"u","23":"l","24":"l","25":"y","3":" ","4":"P","5":"r","6":"o","7":"c","8":"e","9":"s","level":"debug","message":"info","service":"telecom-billing","timestamp":"2025-12-12 19:37:39"}
{"0":"C","1":"u","10":"a","11":"l","12":"a","13":"n","14":"c","15":"e","16":" ","17":"u","18":"p","19":"d","2":"s","20":"a","21":"t","22":"e","23":"d","3":"t","4":"o","5":"m","6":"e","7":"r","8":" ","9":"b","level":"debug","message":"info","service":"telecom-billing","timestamp":"2025-12-12 19:37:39"}
{"0":"C","1":"D","10":"g","11":" ","12":"u","13":"p","14":"d","15":"a","16":"t","17":"e","18":"d","2":"R","3":" ","4":"b","5":"i","6":"l","7":"l","8":"i","9":"n","level":"debug","message":"info","service":"telecom-billing","timestamp":"2025-12-12 19:37:39"}
{"0":"B","1":"a","10":"a","11":"n","12":"s","13":"a","14":"c","15":"t","16":"i","17":"o","18":"n","19":" ","2":"l","20":"r","21":"e","22":"c","23":"o","24":"r","25":"d","26":"e","27":"d","3":"a","4":"n","5":"c","6":"e","7":" ","8":"t","9":"r","level":"debug","message":"info","service":"telecom-billing","timestamp":"2025-12-12 19:37:39"}
{"0":"C","1":"D","10":"s","11":"e","12":"d","13":" ","14":"S","15":"u","16":"c","17":"c","18":"e","19":"s","2":"R","20":"s","21":"f","22":"u","23":"l","24":"l","25":"y","3":" ","4":"P","5":"r","6":"o","7":"c","8":"e","9":"s","level":"debug","message":"info","service":"telecom-billing","timestamp":"2025-12-12 19:37:39"}
{"0":"C","1":"u","10":"a","11":"l","12":"a","13":"n","14":"c","15":"e","16":" ","17":"u","18":"p","19":"d","2":"s","20":"a","21":"t","22":"e","23":"d","3":"t","4":"o","5":"m","6":"e","7":"r","8":" ","9":"b","level":"debug","message":"info","service":"telecom-billing","timestamp":"2025-12-12 19:37:39"}
{"0":"C","1":"D","10":"g","11":" ","12":"u","13":"p","14":"d","15":"a","16":"t","17":"e","18":"d","2":"R","3":" ","4":"b","5":"i","6":"l","7":"l","8":"i","9":"n","level":"debug","message":"info","service":"telecom-billing","timestamp":"2025-12-12 19:37:39"}
{"0":"B","1":"a","10":"a","11":"n","12":"s","13":"a","14":"c","15":"t","16":"i","17":"o","18":"n","19":" ","2":"l","20":"r","21":"e","22":"c","23":"o","24":"r","25":"d","26":"e","27":"d","3":"a","4":"n","5":"c","6":"e","7":" ","8":"t","9":"r","level":"debug","message":"info","service":"telecom-billing","timestamp":"2025-12-12 19:37:39"}
{"0":"C","1":"D","10":"s","11":"e","12":"d","13":" ","14":"S","15":"u","16":"c","17":"c","18":"e","19":"s","2":"R","20":"s","21":"f","22":"u","23":"l","24":"l","25":"y","3":" ","4":"P","5":"r","6":"o","7":"c","8":"e","9":"s","level":"debug","message":"info","service":"telecom-billing","timestamp":"2025-12-12 19:37:39"}
{"0":"C","1":"u","10":"a","11":"l","12":"a","13":"n","14":"c","15":"e","16":" ","17":"u","18":"p","19":"d","2":"s","20":"a","21":"t","22":"e","23":"d","3":"t","4":"o","5":"m","6":"e","7":"r","8":" ","9":"b","level":"debug","message":"info","service":"telecom-billing","timestamp":"2025-12-12 19:37:39"}
{"0":"C","1":"D","10":"g","11":" ","12":"u","13":"p","14":"d","15":"a","16":"t","17":"e","18":"d","2":"R","3":" ","4":"b","5":"i","6":"l","7":"l","8":"i","9":"n","level":"debug","message":"info","service":"telecom-billing","timestamp":"2025-12-12 19:37:39"}
{"0":"B","1":"a","10":"a","11":"n","12":"s","13":"a","14":"c","15":"t","16":"i","17":"o","18":"n","19":" ","2":"l","20":"r","21":"e","22":"c","23":"o","24":"r","25":"d","26":"e","27":"d","3":"a","4":"n","5":"c","6":"e","7":" ","8":"t","9":"r","level":"debug","message":"info","service":"telecom-billing","timestamp":"2025-12-12 19:37:39"}
{"0":"C","1":"D","10":"s","11":"e","12":"d","13":" ","14":"S","15":"u","16":"c","17":"c","18":"e","19":"s","2":"R","20":"s","21":"f","22":"u","23":"l","24":"l","25":"y","3":" ","4":"P","5":"r","6":"o","7":"c","8":"e","9":"s","level":"debug","message":"info","service":"telecom-billing","timestamp":"2025-12-12 19:37:39"}
{"0":"C","1":"u","10":"a","11":"l","12":"a","13":"n","14":"c","15":"e","16":" ","17":"u","18":"p","19":"d","2":"s","20":"a","21":"t","22":"e","23":"d","3":"t","4":"o","5":"m","6":"e","7":"r","8":" ","9":"b","level":"debug","message":"info","service":"telecom-billing","timestamp":"2025-12-12 19:37:39"}
{"0":"C","1":"D","10":"g","11":" ","12":"u","13":"p","14":"d","15":"a","16":"t","17":"e","18":"d","2":"R","3":" ","4":"b","5":"i","6":"l","7":"l","8":"i","9":"n","level":"debug","message":"info","service":"telecom-billing","timestamp":"2025-12-12 19:37:39"}
{"0":"B","1":"a","10":"a","11":"n","12":"s","13":"a","14":"c","15":"t","16":"i","17":"o","18":"n","19":" ","2":"l","20":"r","21":"e","22":"c","23":"o","24":"r","25":"d","26":"e","27":"d","3":"a","4":"n","5":"c","6":"e","7":" ","8":"t","9":"r","level":"debug","message":"info","service":"telecom-billing","timestamp":"2025-12-12 19:37:39"}
{"0":"C","1":"D","10":"s","11":"e","12":"d","13":" ","14":"S","15":"u","16":"c","17":"c","18":"e","19":"s","2":"R","20":"s","21":"f","22":"u","23":"l","24":"l","25":"y","3":" ","4":"P","5":"r","6":"o","7":"c","8":"e","9":"s","level":"debug","message":"info","service":"telecom-billing","timestamp":"2025-12-12 19:37:39"}
{"0":"C","1":"u","10":"a","11":"l","12":"a","13":"n","14":"c","15":"e","16":" ","17":"u","18":"p","19":"d","2":"s","20":"a","21":"t","22":"e","23":"d","3":"t","4":"o","5":"m","6":"e","7":"r","8":" ","9":"b","level":"debug","message":"info","service":"telecom-billing","timestamp":"2025-12-12 19:37:39"}
{"0":"C","1":"D","10":"g","11":" ","12":"u","13":"p","14":"d","15":"a","16":"t","17":"e","18":"d","2":"R","3":" ","4":"b","5":"i","6":"l","7":"l","8":"i","9":"n","level":"debug","message":"info","service":"telecom-billing","timestamp":"2025-12-12 19:37:39"}
{"0":"B","1":"a","10":"a","11":"n","12":"s","13":"a","14":"c","15":"t","16":"i","17":"o","18":"n","19":" ","2":"l","20":"r","21":"e","22":"c","23":"o","24":"r","25":"d","26":"e","27":"d","3":"a","4":"n","5":"c","6":"e","7":" ","8":"t","9":"r","level":"debug","message":"info","service":"telecom-billing","timestamp":"2025-12-12 19:37:39"}
{"0":"C","1":"D","10":"s","11":"e","12":"d","13":" ","14":"S","15":"u","16":"c","17":"c","18":"e","19":"s","2":"R","20":"s","21":"f","22":"u","23":"l","24":"l","25":"y","3":" ","4":"P","5":"r","6":"o","7":"c","8":"e","9":"s","level":"debug","message":"info","service":"telecom-billing","timestamp":"2025-12-12 19:37:39"}
{"0":"C","1":"u","10":"a","11":"l","12":"a","13":"n","14":"c","15":"e","16":" ","17":"u","18":"p","19":"d","2":"s","20":"a","21":"t","22":"e","23":"d","3":"t","4":"o","5":"m","6":"e","7":"r","8":" ","9":"b","level":"debug","message":"info","service":"telecom-billing","timestamp":"2025-12-12 19:37:39"}
{"0":"C","1":"D","10":"g","11":" ","12":"u","13":"p","14":"d","15":"a","16":"t","17":"e","18":"d","2":"R","3":" ","4":"b","5":"i","6":"l","7":"l","8":"i","9":"n","level":"debug","message":"info","service":"telecom-billing","timestamp":"2025-12-12 19:37:39"}
{"0":"B","1":"a","10":"a","11":"n","12":"s","13":"a","14":"c","15":"t","16":"i","17":"o","18":"n","19":" ","2":"l","20":"r","21":"e","22":"c","23":"o","24":"r","25":"d","26":"e","27":"d","3":"a","4":"n","5":"c","6":"e","7":" ","8":"t","9":"r","level":"debug","message":"info","service":"telecom-billing","timestamp":"2025-12-12 19:37:39"}
{"0":"C","1":"D","10":"s","11":"e","12":"d","13":" ","14":"S","15":"u","16":"c","17":"c","18":"e","19":"s","2":"R","20":"s","21":"f","22":"u","23":"l","24":"l","25":"y","3":" ","4":"P","5":"r","6":"o","7":"c","8":"e","9":"s","level":"debug","message":"info","service":"telecom-billing","timestamp":"2025-12-12 19:37:39"}
{"0":"C","1":"u","10":"a","11":"l","12":"a","13":"n","14":"c","15":"e","16":" ","17":"u","18":"p","19":"d","2":"s","20":"a","21":"t","22":"e","23":"d","3":"t","4":"o","5":"m","6":"e","7":"r","8":" ","9":"b","level":"debug","message":"info","service":"telecom-billing","timestamp":"2025-12-12 19:37:39"}
{"0":"C","1":"D","10":"g","11":" ","12":"u","13":"p","14":"d","15":"a","16":"t","17":"e","18":"d","2":"R","3":" ","4":"b","5":"i","6":"l","7":"l","8":"i","9":"n","level":"debug","message":"info","service":"telecom-billing","timestamp":"2025-12-12 19:37:39"}
{"0":"B","1":"a","10":"a","11":"n","12":"s","13":"a","14":"c","15":"t","16":"i","17":"o","18":"n","19":" ","2":"l","20":"r","21":"e","22":"c","23":"o","24":"r","25":"d","26":"e","27":"d","3":"a","4":"n","5":"c","6":"e","7":" ","8":"t","9":"r","level":"debug","message":"info","service":"telecom-billing","timestamp":"2025-12-12 19:37:39"}
{"0":"C","1":"D","10":"s","11":"e","12":"d","13":" ","14":"S","15":"u","16":"c","17":"c","18":"e","19":"s","2":"R","20":"s","21":"f","22":"u","23":"l","24":"l","25":"y","3":" ","4":"P","5":"r","6":"o","7":"c","8":"e","9":"s","level":"debug","message":"info","service":"telecom-billing","timestamp":"2025-12-12 19:37:39"}
{"0":"C","1":"u","10":"a","11":"l","12":"a","13":"n","14":"c","15":"e","16":" ","17":"u","18":"p","19":"d","2":"s","20":"a","21":"t","22":"e","23":"d","3":"t","4":"o","5":"m","6":"e","7":"r","8":" ","9":"b","level":"debug","message":"info","service":"telecom-billing","timestamp":"2025-12-12 19:37:39"}
{"0":"C","1":"D","10":"g","11":" ","12":"u","13":"p","14":"d","15":"a","16":"t","17":"e","18":"d","2":"R","3":" ","4":"b","5":"i","6":"l","7":"l","8":"i","9":"n","level":"debug","message":"info","service":"telecom-billing","timestamp":"2025-12-12 19:37:39"}
{"0":"B","1":"a","10":"a","11":"n","12":"s","13":"a","14":"c","15":"t","16":"i","17":"o","18":"n","19":" ","2":"l","20":"r","21":"e","22":"c","23":"o","24":"r","25":"d","26":"e","27":"d","3":"a","4":"n","5":"c","6":"e","7":" ","8":"t","9":"r","level":"debug","message":"info","service":"telecom-billing","timestamp":"2025-12-12 19:37:39"}
{"0":"C","1":"D","10":"s","11":"e","12":"d","13":" ","14":"S","15":"u","16":"c","17":"c","18":"e","19":"s","2":"R","20":"s","21":"f","22":"u","23":"l","24":"l","25":"y","3":" ","4":"P","5":"r","6":"o","7":"c","8":"e","9":"s","level":"debug","message":"info","service":"telecom-billing","timestamp":"2025-12-12 19:37:39"}
{"0":"C","1":"u","10":"a","11":"l","12":"a","13":"n","14":"c","15":"e","16":" ","17":"u","18":"p","19":"d","2":"s","20":"a","21":"t","22":"e","23":"d","3":"t","4":"o","5":"m","6":"e","7":"r","8":" ","9":"b","level":"debug","message":"info","service":"telecom-billing","timestamp":"2025-12-12 19:37:39"}
{"0":"C","1":"D","10":"g","11":" ","12":"u","13":"p","14":"d","15":"a","16":"t","17":"e","18":"d","2":"R","3":" ","4":"b","5":"i","6":"l","7":"l","8":"i","9":"n","level":"debug","message":"info","service":"telecom-billing","timestamp":"2025-12-12 19:37:39"}
{"0":"B","1":"a","10":"a","11":"n","12":"s","13":"a","14":"c","15":"t","16":"i","17":"o","18":"n","19":" ","2":"l","20":"r","21":"e","22":"c","23":"o","24":"r","25":"d","26":"e","27":"d","3":"a","4":"n","5":"c","6":"e","7":" ","8":"t","9":"r","level":"debug","message":"info","service":"telecom-billing","timestamp":"2025-12-12 19:37:39"}
{"0":"C","1":"D","10":"s","11":"e","12":"d","13":" ","14":"S","15":"u","16":"c","17":"c","18":"e","19":"s","2":"R","20":"s","21":"f","22":"u","23":"l","24":"l","25":"y","3":" ","4":"P","5":"r","6":"o","7":"c","8":"e","9":"s","level":"debug","message":"info","service":"telecom-billing","timestamp":"2025-12-12 19:37:39"}
{"0":"C","1":"u","10":"a","11":"l","12":"a","13":"n","14":"c","15":"e","16":" ","17":"u","18":"p","19":"d","2":"s","20":"a","21":"t","22":"e","23":"d","3":"t","4":"o","5":"m","6":"e","7":"r","8":" ","9":"b","level":"debug","message":"info","service":"telecom-billing","timestamp":"2025-12-12 19:37:39"}
{"0":"C","1":"D","10":"g","11":" ","12":"u","13":"p","14":"d","15":"a","16":"t","17":"e","18":"d","2":"R","3":" ","4":"b","5":"i","6":"l","7":"l","8":"i","9":"n","level":"debug","message":"info","service":"telecom-billing","timestamp":"2025-12-12 19:37:39"}
{"0":"B","1":"a","10":"a","11":"n","12":"s","13":"a","14":"c","15":"t","16":"i","17":"o","18":"n","19":" ","2":"l","20":"r","21":"e","22":"c","23":"o","24":"r","25":"d","26":"e","27":"d","3":"a","4":"n","5":"c","6":"e","7":" ","8":"t","9":"r","level":"debug","message":"info","service":"telecom-billing","timestamp":"2025-12-12 19:37:39"}
{"0":"C","1":"D","10":"s","11":"e","12":"d","13":" ","14":"S","15":"u","16":"c","17":"c","18":"e","19":"s","2":"R","20":"s","21":"f","22":"u","23":"l","24":"l","25":"y","3":" ","4":"P","5":"r","6":"o","7":"c","8":"e","9":"s","level":"debug","message":"info","service":"telecom-billing","timestamp":"2025-12-12 19:37:39"}
{"0":"C","1":"u","10":"a","11":"l","12":"a","13":"n","14":"c","15":"e","16":" ","17":"u","18":"p","19":"d","2":"s","20":"a","21":"t","22":"e","23":"d","3":"t","4":"o","5":"m","6":"e","7":"r","8":" ","9":"b","level":"debug","message":"info","service":"telecom-billing","timestamp":"2025-12-12 19:37:39"}
{"0":"C","1":"D","10":"g","11":" ","12":"u","13":"p","14":"d","15":"a","16":"t","17":"e","18":"d","2":"R","3":" ","4":"b","5":"i","6":"l","7":"l","8":"i","9":"n","level":"debug","message":"info","service":"telecom-billing","timestamp":"2025-12-12 19:37:39"}
{"0":"B","1":"a","10":"a","11":"n","12":"s","13":"a","14":"c","15":"t","16":"i","17":"o","18":"n","19":" ","2":"l","20":"r","21":"e","22":"c","23":"o","24":"r","25":"d","26":"e","27":"d","3":"a","4":"n","5":"c","6":"e","7":" ","8":"t","9":"r","level":"debug","message":"info","service":"telecom-billing","timestamp":"2025-12-12 19:37:39"}
{"0":"C","1":"D","10":"s","11":"e","12":"d","13":" ","14":"S","15":"u","16":"c","17":"c","18":"e","19":"s","2":"R","20":"s","21":"f","22":"u","23":"l","24":"l","25":"y","3":" ","4":"P","5":"r","6":"o","7":"c","8":"e","9":"s","level":"debug","message":"info","service":"telecom-billing","timestamp":"2025-12-12 19:37:39"}
{"0":"C","1":"u","10":"a","11":"l","12":"a","13":"n","14":"c","15":"e","16":" ","17":"u","18":"p","19":"d","2":"s","20":"a","21":"t","22":"e","23":"d","3":"t","4":"o","5":"m","6":"e","7":"r","8":" ","9":"b","level":"debug","message":"info","service":"telecom-billing","timestamp":"2025-12-12 19:37:39"}
{"0":"C","1":"D","10":"g","11":" ","12":"u","13":"p","14":"d","15":"a","16":"t","17":"e","18":"d","2":"R","3":" ","4":"b","5":"i","6":"l","7":"l","8":"i","9":"n","level":"debug","message":"info","service":"telecom-billing","timestamp":"2025-12-12 19:37:39"}
{"0":"B","1":"a","10":"a","11":"n","12":"s","13":"a","14":"c","15":"t","16":"i","17":"o","18":"n","19":" ","2":"l","20":"r","21":"e","22":"c","23":"o","24":"r","25":"d","26":"e","27":"d","3":"a","4":"n","5":"c","6":"e","7":" ","8":"t","9":"r","level":"debug","message":"info","service":"telecom-billing","timestamp":"2025-12-12 19:37:39"}
{"0":"C","1":"D","10":"s","11":"e","12":"d","13":" ","14":"S","15":"u","16":"c","17":"c","18":"e","19":"s","2":"R","20":"s","21":"f","22":"u","23":"l","24":"l","25":"y","3":" ","4":"P","5":"r","6":"o","7":"c","8":"e","9":"s","level":"debug","message":"info","service":"telecom-billing","timestamp":"2025-12-12 19:37:39"}
{"0":"C","1":"u","10":"a","11":"l","12":"a","13":"n","14":"c","15":"e","16":" ","17":"u","18":"p","19":"d","2":"s","20":"a","21":"t","22":"e","23":"d","3":"t","4":"o","5":"m","6":"e","7":"r","8":" ","9":"b","level":"debug","message":"info","service":"telecom-billing","timestamp":"2025-12-12 19:37:39"}
{"0":"C","1":"D","10":"g","11":" ","12":"u","13":"p","14":"d","15":"a","16":"t","17":"e","18":"d","2":"R","3":" ","4":"b","5":"i","6":"l","7":"l","8":"i","9":"n","level":"debug","message":"info","service":"telecom-billing","timestamp":"2025-12-12 19:37:39"}
{"0":"B","1":"a","10":"a","11":"n","12":"s","13":"a","14":"c","15":"t","16":"i","17":"o","18":"n","19":" ","2":"l","20":"r","21":"e","22":"c","23":"o","24":"r","25":"d","26":"e","27":"d","3":"a","4":"n","5":"c","6":"e","7":" ","8":"t","9":"r","level":"debug","message":"info","service":"telecom-billing","timestamp":"2025-12-12 19:37:39"}
{"0":"C","1":"D","10":"s","11":"e","12":"d","13":" ","14":"S","15":"u","16":"c","17":"c","18":"e","19":"s","2":"R","20":"s","21":"f","22":"u","23":"l","24":"l","25":"y","3":" ","4":"P","5":"r","6":"o","7":"c","8":"e","9":"s","level":"debug","message":"info","service":"telecom-billing","timestamp":"2025-12-12 19:37:39"}
{"0":"C","1":"u","10":"a","11":"l","12":"a","13":"n","14":"c","15":"e","16":" ","17":"u","18":"p","19":"d","2":"s","20":"a","21":"t","22":"e","23":"d","3":"t","4":"o","5":"m","6":"e","7":"r","8":" ","9":"b","level":"debug","message":"info","service":"telecom-billing","timestamp":"2025-12-12 19:37:39"}
{"0":"C","1":"D","10":"g","11":" ","12":"u","13":"p","14":"d","15":"a","16":"t","17":"e","18":"d","2":"R","3":" ","4":"b","5":"i","6":"l","7":"l","8":"i","9":"n","level":"debug","message":"info","service":"telecom-billing","timestamp":"2025-12-12 19:37:39"}
{"0":"B","1":"a","10":"a","11":"n","12":"s","13":"a","14":"c","15":"t","16":"i","17":"o","18":"n","19":" ","2":"l","20":"r","21":"e","22":"c","23":"o","24":"r","25":"d","26":"e","27":"d","3":"a","4":"n","5":"c","6":"e","7":" ","8":"t","9":"r","level":"debug","message":"info","service":"telecom-billing","timestamp":"2025-12-12 19:37:39"}
{"0":"C","1":"D","10":"s","11":"e","12":"d","13":" ","14":"S","15":"u","16":"c","17":"c","18":"e","19":"s","2":"R","20":"s","21":"f","22":"u","23":"l","24":"l","25":"y","3":" ","4":"P","5":"r","6":"o","7":"c","8":"e","9":"s","level":"debug","message":"info","service":"telecom-billing","timestamp":"2025-12-12 19:37:39"}
{"0":"C","1":"u","10":"a","11":"l","12":"a","13":"n","14":"c","15":"e","16":" ","17":"u","18":"p","19":"d","2":"s","20":"a","21":"t","22":"e","23":"d","3":"t","4":"o","5":"m","6":"e","7":"r","8":" ","9":"b","level":"debug","message":"info","service":"telecom-billing","timestamp":"2025-12-12 19:37:39"}
{"0":"C","1":"D","10":"g","11":" ","12":"u","13":"p","14":"d","15":"a","16":"t","17":"e","18":"d","2":"R","3":" ","4":"b","5":"i","6":"l","7":"l","8":"i","9":"n","level":"debug","message":"info","service":"telecom-billing","timestamp":"2025-12-12 19:37:39"}
{"0":"B","1":"a","10":"a","11":"n","12":"s","13":"a","14":"c","15":"t","16":"i","17":"o","18":"n","19":" ","2":"l","20":"r","21":"e","22":"c","23":"o","24":"r","25":"d","26":"e","27":"d","3":"a","4":"n","5":"c","6":"e","7":" ","8":"t","9":"r","level":"debug","message":"info","service":"telecom-billing","timestamp":"2025-12-12 19:37:39"}
{"0":"C","1":"D","10":"s","11":"e","12":"d","13":" ","14":"S","15":"u","16":"c","17":"c","18":"e","19":"s","2":"R","20":"s","21":"f","22":"u","23":"l","24":"l","25":"y","3":" ","4":"P","5":"r","6":"o","7":"c","8":"e","9":"s","level":"debug","message":"info","service":"telecom-billing","timestamp":"2025-12-12 19:37:39"}
{"0":"C","1":"u","10":"a","11":"l","12":"a","13":"n","14":"c","15":"e","16":" ","17":"u","18":"p","19":"d","2":"s","20":"a","21":"t","22":"e","23":"d","3":"t","4":"o","5":"m","6":"e","7":"r","8":" ","9":"b","level":"debug","message":"info","service":"telecom-billing","timestamp":"2025-12-12 19:37:39"}
{"0":"C","1":"D","10":"g","11":" ","12":"u","13":"p","14":"d","15":"a","16":"t","17":"e","18":"d","2":"R","3":" ","4":"b","5":"i","6":"l","7":"l","8":"i","9":"n","level":"debug","message":"info","service":"telecom-billing","timestamp":"2025-12-12 19:37:39"}
{"0":"B","1":"a","10":"a","11":"n","12":"s","13":"a","14":"c","15":"t","16":"i","17":"o","18":"n","19":" ","2":"l","20":"r","21":"e","22":"c","23":"o","24":"r","25":"d","26":"e","27":"d","3":"a","4":"n","5":"c","6":"e","7":" ","8":"t","9":"r","level":"debug","message":"info","service":"telecom-billing","timestamp":"2025-12-12 19:37:39"}
{"0":"C","1":"D","10":"s","11":"e","12":"d","13":" ","14":"S","15":"u","16":"c","17":"c","18":"e","19":"s","2":"R","20":"s","21":"f","22":"u","23":"l","24":"l","25":"y","3":" ","4":"P","5":"r","6":"o","7":"c","8":"e","9":"s","level":"debug","message":"info","service":"telecom-billing","timestamp":"2025-12-12 19:37:39"}
{"0":"C","1":"u","10":"a","11":"l","12":"a","13":"n","14":"c","15":"e","16":" ","17":"u","18":"p","19":"d","2":"s","20":"a","21":"t","22":"e","23":"d","3":"t","4":"o","5":"m","6":"e","7":"r","8":" ","9":"b","level":"debug","message":"info","service":"telecom-billing","timestamp":"2025-12-12 19:37:39"}
{"0":"C","1":"D","10":"g","11":" ","12":"u","13":"p","14":"d","15":"a","16":"t","17":"e","18":"d","2":"R","3":" ","4":"b","5":"i","6":"l","7":"l","8":"i","9":"n","level":"debug","message":"info","service":"telecom-billing","timestamp":"2025-12-12 19:37:39"}
{"0":"B","1":"a","10":"a","11":"n","12":"s","13":"a","14":"c","15":"t","16":"i","17":"o","18":"n","19":" ","2":"l","20":"r","21":"e","22":"c","23":"o","24":"r","25":"d","26":"e","27":"d","3":"a","4":"n","5":"c","6":"e","7":" ","8":"t","9":"r","level":"debug","message":"info","service":"telecom-billing","timestamp":"2025-12-12 19:37:39"}
{"0":"C","1":"D","10":"s","11":"e","12":"d","13":" ","14":"S","15":"u","16":"c","17":"c","18":"e","19":"s","2":"R","20":"s","21":"f","22":"u","23":"l","24":"l","25":"y","3":" ","4":"P","5":"r","6":"o","7":"c","8":"e","9":"s","level":"debug","message":"info","service":"telecom-billing","timestamp":"2025-12-12 19:37:39"}
{"0":"C","1":"u","10":"a","11":"l","12":"a","13":"n","14":"c","15":"e","16":" ","17":"u","18":"p","19":"d","2":"s","20":"a","21":"t","22":"e","23":"d","3":"t","4":"o","5":"m","6":"e","7":"r","8":" ","9":"b","level":"debug","message":"info","service":"telecom-billing","timestamp":"2025-12-12 19:37:39"}
{"0":"C","1":"D","10":"g","11":" ","12":"u","13":"p","14":"d","15":"a","16":"t","17":"e","18":"d","2":"R","3":" ","4":"b","5":"i","6":"l","7":"l","8":"i","9":"n","level":"debug","message":"info","service":"telecom-billing","timestamp":"2025-12-12 19:37:39"}
{"0":"B","1":"a","10":"a","11":"n","12":"s","13":"a","14":"c","15":"t","16":"i","17":"o","18":"n","19":" ","2":"l","20":"r","21":"e","22":"c","23":"o","24":"r","25":"d","26":"e","27":"d","3":"a","4":"n","5":"c","6":"e","7":" ","8":"t","9":"r","level":"debug","message":"info","service":"telecom-billing","timestamp":"2025-12-12 19:37:39"}
{"0":"C","1":"D","10":"s","11":"e","12":"d","13":" ","14":"S","15":"u","16":"c","17":"c","18":"e","19":"s","2":"R","20":"s","21":"f","22":"u","23":"l","24":"l","25":"y","3":" ","4":"P","5":"r","6":"o","7":"c","8":"e","9":"s","level":"debug","message":"info","service":"telecom-billing","timestamp":"2025-12-12 19:37:39"}
{"0":"C","1":"u","10":"a","11":"l","12":"a","13":"n","14":"c","15":"e","16":" ","17":"u","18":"p","19":"d","2":"s","20":"a","21":"t","22":"e","23":"d","3":"t","4":"o","5":"m","6":"e","7":"r","8":" ","9":"b","level":"debug","message":"info","service":"telecom-billing","timestamp":"2025-12-12 19:37:39"}
{"0":"C","1":"D","10":"g","11":" ","12":"u","13":"p","14":"d","15":"a","16":"t","17":"e","18":"d","2":"R","3":" ","4":"b","5":"i","6":"l","7":"l","8":"i","9":"n","level":"debug","message":"info","service":"telecom-billing","timestamp":"2025-12-12 19:37:39"}
{"0":"B","1":"a","10":"a","11":"n","12":"s","13":"a","14":"c","15":"t","16":"i","17":"o","18":"n","19":" ","2":"l","20":"r","21":"e","22":"c","23":"o","24":"r","25":"d","26":"e","27":"d","3":"a","4":"n","5":"c","6":"e","7":" ","8":"t","9":"r","level":"debug","message":"info","service":"telecom-billing","timestamp":"2025-12-12 19:37:39"}
{"0":"C","1":"D","10":"s","11":"e","12":"d","13":" ","14":"S","15":"u","16":"c","17":"c","18":"e","19":"s","2":"R","20":"s","21":"f","22":"u","23":"l","24":"l","25":"y","3":" ","4":"P","5":"r","6":"o","7":"c","8":"e","9":"s","level":"debug","message":"info","service":"telecom-billing","timestamp":"2025-12-12 19:37:39"}
{"0":"C","1":"u","10":"a","11":"l","12":"a","13":"n","14":"c","15":"e","16":" ","17":"u","18":"p","19":"d","2":"s","20":"a","21":"t","22":"e","23":"d","3":"t","4":"o","5":"m","6":"e","7":"r","8":" ","9":"b","level":"debug","message":"info","service":"telecom-billing","timestamp":"2025-12-12 19:37:39"}
{"0":"C","1":"D","10":"g","11":" ","12":"u","13":"p","14":"d","15":"a","16":"t","17":"e","18":"d","2":"R","3":" ","4":"b","5":"i","6":"l","7":"l","8":"i","9":"n","level":"debug","message":"info","service":"telecom-billing","timestamp":"2025-12-12 19:37:39"}
{"0":"B","1":"a","10":"a","11":"n","12":"s","13":"a","14":"c","15":"t","16":"i","17":"o","18":"n","19":" ","2":"l","20":"r","21":"e","22":"c","23":"o","24":"r","25":"d","26":"e","27":"d","3":"a","4":"n","5":"c","6":"e","7":" ","8":"t","9":"r","level":"debug","message":"info","service":"telecom-billing","timestamp":"2025-12-12 19:37:39"}
{"0":"C","1":"D","10":"s","11":"e","12":"d","13":" ","14":"S","15":"u","16":"c","17":"c","18":"e","19":"s","2":"R","20":"s","21":"f","22":"u","23":"l","24":"l","25":"y","3":" ","4":"P","5":"r","6":"o","7":"c","8":"e","9":"s","level":"debug","message":"info","service":"telecom-billing","timestamp":"2025-12-12 19:37:39"}
{"0":"C","1":"u","10":"a","11":"l","12":"a","13":"n","14":"c","15":"e","16":" ","17":"u","18":"p","19":"d","2":"s","20":"a","21":"t","22":"e","23":"d","3":"t","4":"o","5":"m","6":"e","7":"r","8":" ","9":"b","level":"debug","message":"info","service":"telecom-billing","timestamp":"2025-12-12 19:37:39"}
{"0":"C","1":"D","10":"g","11":" ","12":"u","13":"p","14":"d","15":"a","16":"t","17":"e","18":"d","2":"R","3":" ","4":"b","5":"i","6":"l","7":"l","8":"i","9":"n","level":"debug","message":"info","service":"telecom-billing","timestamp":"2025-12-12 19:37:39"}
{"0":"B","1":"a","10":"a","11":"n","12":"s","13":"a","14":"c","15":"t","16":"i","17":"o","18":"n","19":" ","2":"l","20":"r","21":"e","22":"c","23":"o","24":"r","25":"d","26":"e","27":"d","3":"a","4":"n","5":"c","6":"e","7":" ","8":"t","9":"r","level":"debug","message":"info","service":"telecom-billing","timestamp":"2025-12-12 19:37:39"}
{"0":"C","1":"D","10":"s","11":"e","12":"d","13":" ","14":"S","15":"u","16":"c","17":"c","18":"e","19":"s","2":"R","20":"s","21":"f","22":"u","23":"l","24":"l","25":"y","3":" ","4":"P","5":"r","6":"o","7":"c","8":"e","9":"s","level":"debug","message":"info","service":"telecom-billing","timestamp":"2025-12-12 19:37:39"}
{"0":"C","1":"u","10":"a","11":"l","12":"a","13":"n","14":"c","15":"e","16":" ","17":"u","18":"p","19":"d","2":"s","20":"a","21":"t","22":"e","23":"d","3":"t","4":"o","5":"m","6":"e","7":"r","8":" ","9":"b","level":"debug","message":"info","service":"telecom-billing","timestamp":"2025-12-12 19:37:39"}
{"0":"C","1":"D","10":"g","11":" ","12":"u","13":"p","14":"d","15":"a","16":"t","17":"e","18":"d","2":"R","3":" ","4":"b","5":"i","6":"l","7":"l","8":"i","9":"n","level":"debug","message":"info","service":"telecom-billing","timestamp":"2025-12-12 19:37:39"}
{"0":"B","1":"a","10":"a","11":"n","12":"s","13":"a","14":"c","15":"t","16":"i","17":"o","18":"n","19":" ","2":"l","20":"r","21":"e","22":"c","23":"o","24":"r","25":"d","26":"e","27":"d","3":"a","4":"n","5":"c","6":"e","7":" ","8":"t","9":"r","level":"debug","message":"info","service":"telecom-billing","timestamp":"2025-12-12 19:37:39"}
{"0":"C","1":"D","10":"s","11":"e","12":"d","13":" ","14":"S","15":"u","16":"c","17":"c","18":"e","19":"s","2":"R","20":"s","21":"f","22":"u","23":"l","24":"l","25":"y","3":" ","4":"P","5":"r","6":"o","7":"c","8":"e","9":"s","level":"debug","message":"info","service":"telecom-billing","timestamp":"2025-12-12 19:37:39"}
{"0":"C","1":"u","10":"a","11":"l","12":"a","13":"n","14":"c","15":"e","16":" ","17":"u","18":"p","19":"d","2":"s","20":"a","21":"t","22":"e","23":"d","3":"t","4":"o","5":"m","6":"e","7":"r","8":" ","9":"b","level":"debug","message":"info","service":"telecom-billing","timestamp":"2025-12-12 19:37:39"}
{"0":"C","1":"D","10":"g","11":" ","12":"u","13":"p","14":"d","15":"a","16":"t","17":"e","18":"d","2":"R","3":" ","4":"b","5":"i","6":"l","7":"l","8":"i","9":"n","level":"debug","message":"info","service":"telecom-billing","timestamp":"2025-12-12 19:37:39"}
{"0":"B","1":"a","10":"a","11":"n","12":"s","13":"a","14":"c","15":"t","16":"i","17":"o","18":"n","19":" ","2":"l","20":"r","21":"e","22":"c","23":"o","24":"r","25":"d","26":"e","27":"d","3":"a","4":"n","5":"c","6":"e","7":" ","8":"t","9":"r","level":"debug","message":"info","service":"telecom-billing","timestamp":"2025-12-12 19:37:39"}
{"0":"C","1":"D","10":"s","11":"e","12":"d","13":" ","14":"S","15":"u","16":"c","17":"c","18":"e","19":"s","2":"R","20":"s","21":"f","22":"u","23":"l","24":"l","25":"y","3":" ","4":"P","5":"r","6":"o","7":"c","8":"e","9":"s","level":"debug","message":"info","service":"telecom-billing","timestamp":"2025-12-12 19:37:39"}
{"0":"C","1":"u","10":"a","11":"l","12":"a","13":"n","14":"c","15":"e","16":" ","17":"u","18":"p","19":"d","2":"s","20":"a","21":"t","22":"e","23":"d","3":"t","4":"o","5":"m","6":"e","7":"r","8":" ","9":"b","level":"debug","message":"info","service":"telecom-billing","timestamp":"2025-12-12 19:37:39"}
{"0":"C","1":"D","10":"g","11":" ","12":"u","13":"p","14":"d","15":"a","16":"t","17":"e","18":"d","2":"R","3":" ","4":"b","5":"i","6":"l","7":"l","8":"i","9":"n","level":"debug","message":"info","service":"telecom-billing","timestamp":"2025-12-12 19:37:39"}
{"0":"B","1":"a","10":"a","11":"n","12":"s","13":"a","14":"c","15":"t","16":"i","17":"o","18":"n","19":" ","2":"l","20":"r","21":"e","22":"c","23":"o","24":"r","25":"d","26":"e","27":"d","3":"a","4":"n","5":"c","6":"e","7":" ","8":"t","9":"r","level":"debug","message":"info","service":"telecom-billing","timestamp":"2025-12-12 19:37:39"}
{"0":"C","1":"D","10":"s","11":"e","12":"d","13":" ","14":"S","15":"u","16":"c","17":"c","18":"e","19":"s","2":"R","20":"s","21":"f","22":"u","23":"l","24":"l","25":"y","3":" ","4":"P","5":"r","6":"o","7":"c","8":"e","9":"s","level":"debug","message":"info","service":"telecom-billing","timestamp":"2025-12-12 19:37:39"}
{"0":"C","1":"u","10":"a","11":"l","12":"a","13":"n","14":"c","15":"e","16":" ","17":"u","18":"p","19":"d","2":"s","20":"a","21":"t","22":"e","23":"d","3":"t","4":"o","5":"m","6":"e","7":"r","8":" ","9":"b","level":"debug","message":"info","service":"telecom-billing","timestamp":"2025-12-12 19:37:39"}
{"0":"C","1":"D","10":"g","11":" ","12":"u","13":"p","14":"d","15":"a","16":"t","17":"e","18":"d","2":"R","3":" ","4":"b","5":"i","6":"l","7":"l","8":"i","9":"n","level":"debug","message":"info","service":"telecom-billing","timestamp":"2025-12-12 19:37:39"}
{"0":"B","1":"a","10":"a","11":"n","12":"s","13":"a","14":"c","15":"t","16":"i","17":"o","18":"n","19":" ","2":"l","20":"r","21":"e","22":"c","23":"o","24":"r","25":"d","26":"e","27":"d","3":"a","4":"n","5":"c","6":"e","7":" ","8":"t","9":"r","level":"debug","message":"info","service":"telecom-billing","timestamp":"2025-12-12 19:37:39"}
{"0":"C","1":"D","10":"s","11":"e","12":"d","13":" ","14":"S","15":"u","16":"c","17":"c","18":"e","19":"s","2":"R","20":"s","21":"f","22":"u","23":"l","24":"l","25":"y","3":" ","4":"P","5":"r","6":"o","7":"c","8":"e","9":"s","level":"debug","message":"info","service":"telecom-billing","timestamp":"2025-12-12 19:37:39"}
{"0":"C","1":"u","10":"a","11":"l","12":"a","13":"n","14":"c","15":"e","16":" ","17":"u","18":"p","19":"d","2":"s","20":"a","21":"t","22":"e","23":"d","3":"t","4":"o","5":"m","6":"e","7":"r","8":" ","9":"b","level":"debug","message":"info","service":"telecom-billing","timestamp":"2025-12-12 19:37:39"}
{"0":"C","1":"D","10":"g","11":" ","12":"u","13":"p","14":"d","15":"a","16":"t","17":"e","18":"d","2":"R","3":" ","4":"b","5":"i","6":"l","7":"l","8":"i","9":"n","level":"debug","message":"info","service":"telecom-billing","timestamp":"2025-12-12 19:37:39"}
{"0":"B","1":"a","10":"a","11":"n","12":"s","13":"a","14":"c","15":"t","16":"i","17":"o","18":"n","19":" ","2":"l","20":"r","21":"e","22":"c","23":"o","24":"r","25":"d","26":"e","27":"d","3":"a","4":"n","5":"c","6":"e","7":" ","8":"t","9":"r","level":"debug","message":"info","service":"telecom-billing","timestamp":"2025-12-12 19:37:39"}
{"0":"C","1":"D","10":"s","11":"e","12":"d","13":" ","14":"S","15":"u","16":"c","17":"c","18":"e","19":"s","2":"R","20":"s","21":"f","22":"u","23":"l","24":"l","25":"y","3":" ","4":"P","5":"r","6":"o","7":"c","8":"e","9":"s","level":"debug","message":"info","service":"telecom-billing","timestamp":"2025-12-12 19:37:39"}
{"0":"C","1":"u","10":"a","11":"l","12":"a","13":"n","14":"c","15":"e","16":" ","17":"u","18":"p","19":"d","2":"s","20":"a","21":"t","22":"e","23":"d","3":"t","4":"o","5":"m","6":"e","7":"r","8":" ","9":"b","level":"debug","message":"info","service":"telecom-billing","timestamp":"2025-12-12 19:37:39"}
{"0":"C","1":"D","10":"g","11":" ","12":"u","13":"p","14":"d","15":"a","16":"t","17":"e","18":"d","2":"R","3":" ","4":"b","5":"i","6":"l","7":"l","8":"i","9":"n","level":"debug","message":"info","service":"telecom-billing","timestamp":"2025-12-12 19:37:39"}
{"0":"B","1":"a","10":"a","11":"n","12":"s","13":"a","14":"c","15":"t","16":"i","17":"o","18":"n","19":" ","2":"l","20":"r","21":"e","22":"c","23":"o","24":"r","25":"d","26":"e","27":"d","3":"a","4":"n","5":"c","6":"e","7":" ","8":"t","9":"r","level":"debug","message":"info","service":"telecom-billing","timestamp":"2025-12-12 19:37:39"}
{"0":"C","1":"D","10":"s","11":"e","12":"d","13":" ","14":"S","15":"u","16":"c","17":"c","18":"e","19":"s","2":"R","20":"s","21":"f","22":"u","23":"l","24":"l","25":"y","3":" ","4":"P","5":"r","6":"o","7":"c","8":"e","9":"s","level":"debug","message":"info","service":"telecom-billing","timestamp":"2025-12-12 19:37:39"}
{"0":"C","1":"u","10":"a","11":"l","12":"a","13":"n","14":"c","15":"e","16":" ","17":"u","18":"p","19":"d","2":"s","20":"a","21":"t","22":"e","23":"d","3":"t","4":"o","5":"m","6":"e","7":"r","8":" ","9":"b","level":"debug","message":"info","service":"telecom-billing","timestamp":"2025-12-12 19:37:39"}
{"0":"C","1":"D","10":"g","11":" ","12":"u","13":"p","14":"d","15":"a","16":"t","17":"e","18":"d","2":"R","3":" ","4":"b","5":"i","6":"l","7":"l","8":"i","9":"n","level":"debug","message":"info","service":"telecom-billing","timestamp":"2025-12-12 19:37:39"}
{"0":"B","1":"a","10":"a","11":"n","12":"s","13":"a","14":"c","15":"t","16":"i","17":"o","18":"n","19":" ","2":"l","20":"r","21":"e","22":"c","23":"o","24":"r","25":"d","26":"e","27":"d","3":"a","4":"n","5":"c","6":"e","7":" ","8":"t","9":"r","level":"debug","message":"info","service":"telecom-billing","timestamp":"2025-12-12 19:37:39"}
{"0":"C","1":"D","10":"s","11":"e","12":"d","13":" ","14":"S","15":"u","16":"c","17":"c","18":"e","19":"s","2":"R","20":"s","21":"f","22":"u","23":"l","24":"l","25":"y","3":" ","4":"P","5":"r","6":"o","7":"c","8":"e","9":"s","level":"debug","message":"info","service":"telecom-billing","timestamp":"2025-12-12 19:37:39"}
{"0":"C","1":"u","10":"a","11":"l","12":"a","13":"n","14":"c","15":"e","16":" ","17":"u","18":"p","19":"d","2":"s","20":"a","21":"t","22":"e","23":"d","3":"t","4":"o","5":"m","6":"e","7":"r","8":" ","9":"b","level":"debug","message":"info","service":"telecom-billing","timestamp":"2025-12-12 19:37:39"}
{"0":"C","1":"D","10":"g","11":" ","12":"u","13":"p","14":"d","15":"a","16":"t","17":"e","18":"d","2":"R","3":" ","4":"b","5":"i","6":"l","7":"l","8":"i","9":"n","level":"debug","message":"info","service":"telecom-billing","timestamp":"2025-12-12 19:37:39"}
{"0":"B","1":"a","10":"a","11":"n","12":"s","13":"a","14":"c","15":"t","16":"i","17":"o","18":"n","19":" ","2":"l","20":"r","21":"e","22":"c","23":"o","24":"r","25":"d","26":"e","27":"d","3":"a","4":"n","5":"c","6":"e","7":" ","8":"t","9":"r","level":"debug","message":"info","service":"telecom-billing","timestamp":"2025-12-12 19:37:39"}
{"0":"C","1":"D","10":"s","11":"e","12":"d","13":" ","14":"S","15":"u","16":"c","17":"c","18":"e","19":"s","2":"R","20":"s","21":"f","22":"u","23":"l","24":"l","25":"y","3":" ","4":"P","5":"r","6":"o","7":"c","8":"e","9":"s","level":"debug","message":"info","service":"telecom-billing","timestamp":"2025-12-12 19:37:39"}
{"0":"C","1":"u","10":"a","11":"l","12":"a","13":"n","14":"c","15":"e","16":" ","17":"u","18":"p","19":"d","2":"s","20":"a","21":"t","22":"e","23":"d","3":"t","4":"o","5":"m","6":"e","7":"r","8":" ","9":"b","level":"debug","message":"info","service":"telecom-billing","timestamp":"2025-12-12 19:37:39"}
{"0":"C","1":"D","10":"g","11":" ","12":"u","13":"p","14":"d","15":"a","16":"t","17":"e","18":"d","2":"R","3":" ","4":"b","5":"i","6":"l","7":"l","8":"i","9":"n","level":"debug","message":"info","service":"telecom-billing","timestamp":"2025-12-12 19:37:39"}
{"0":"B","1":"a","10":"a","11":"n","12":"s","13":"a","14":"c","15":"t","16":"i","17":"o","18":"n","19":" ","2":"l","20":"r","21":"e","22":"c","23":"o","24":"r","25":"d","26":"e","27":"d","3":"a","4":"n","5":"c","6":"e","7":" ","8":"t","9":"r","level":"debug","message":"info","service":"telecom-billing","timestamp":"2025-12-12 19:37:39"}
{"0":"C","1":"D","10":"s","11":"e","12":"d","13":" ","14":"S","15":"u","16":"c","17":"c","18":"e","19":"s","2":"R","20":"s","21":"f","22":"u","23":"l","24":"l","25":"y","3":" ","4":"P","5":"r","6":"o","7":"c","8":"e","9":"s","level":"debug","message":"info","service":"telecom-billing","timestamp":"2025-12-12 19:37:39"}
{"0":"C","1":"u","10":"a","11":"l","12":"a","13":"n","14":"c","15":"e","16":" ","17":"u","18":"p","19":"d","2":"s","20":"a","21":"t","22":"e","23":"d","3":"t","4":"o","5":"m","6":"e","7":"r","8":" ","9":"b","level":"debug","message":"info","service":"telecom-billing","timestamp":"2025-12-12 19:37:39"}
{"0":"C","1":"D","10":"g","11":" ","12":"u","13":"p","14":"d","15":"a","16":"t","17":"e","18":"d","2":"R","3":" ","4":"b","5":"i","6":"l","7":"l","8":"i","9":"n","level":"debug","message":"info","service":"telecom-billing","timestamp":"2025-12-12 19:37:39"}
{"0":"B","1":"a","10":"a","11":"n","12":"s","13":"a","14":"c","15":"t","16":"i","17":"o","18":"n","19":" ","2":"l","20":"r","21":"e","22":"c","23":"o","24":"r","25":"d","26":"e","27":"d","3":"a","4":"n","5":"c","6":"e","7":" ","8":"t","9":"r","level":"debug","message":"info","service":"telecom-billing","timestamp":"2025-12-12 19:37:39"}
{"0":"C","1":"D","10":"s","11":"e","12":"d","13":" ","14":"S","15":"u","16":"c","17":"c","18":"e","19":"s","2":"R","20":"s","21":"f","22":"u","23":"l","24":"l","25":"y","3":" ","4":"P","5":"r","6":"o","7":"c","8":"e","9":"s","level":"debug","message":"info","service":"telecom-billing","timestamp":"2025-12-12 19:37:39"}
{"0":"C","1":"u","10":"a","11":"l","12":"a","13":"n","14":"c","15":"e","16":" ","17":"u","18":"p","19":"d","2":"s","20":"a","21":"t","22":"e","23":"d","3":"t","4":"o","5":"m","6":"e","7":"r","8":" ","9":"b","level":"debug","message":"info","service":"telecom-billing","timestamp":"2025-12-12 19:37:39"}
{"0":"C","1":"D","10":"g","11":" ","12":"u","13":"p","14":"d","15":"a","16":"t","17":"e","18":"d","2":"R","3":" ","4":"b","5":"i","6":"l","7":"l","8":"i","9":"n","level":"debug","message":"info","service":"telecom-billing","timestamp":"2025-12-12 19:37:39"}
{"0":"B","1":"a","10":"a","11":"n","12":"s","13":"a","14":"c","15":"t","16":"i","17":"o","18":"n","19":" ","2":"l","20":"r","21":"e","22":"c","23":"o","24":"r","25":"d","26":"e","27":"d","3":"a","4":"n","5":"c","6":"e","7":" ","8":"t","9":"r","level":"debug","message":"info","service":"telecom-billing","timestamp":"2025-12-12 19:37:39"}
{"0":"C","1":"D","10":"s","11":"e","12":"d","13":" ","14":"S","15":"u","16":"c","17":"c","18":"e","19":"s","2":"R","20":"s","21":"f","22":"u","23":"l","24":"l","25":"y","3":" ","4":"P","5":"r","6":"o","7":"c","8":"e","9":"s","level":"debug","message":"info","service":"telecom-billing","timestamp":"2025-12-12 19:37:39"}
{"0":"C","1":"u","10":"a","11":"l","12":"a","13":"n","14":"c","15":"e","16":" ","17":"u","18":"p","19":"d","2":"s","20":"a","21":"t","22":"e","23":"d","3":"t","4":"o","5":"m","6":"e","7":"r","8":" ","9":"b","level":"debug","message":"info","service":"telecom-billing","timestamp":"2025-12-12 19:37:39"}
{"0":"C","1":"D","10":"g","11":" ","12":"u","13":"p","14":"d","15":"a","16":"t","17":"e","18":"d","2":"R","3":" ","4":"b","5":"i","6":"l","7":"l","8":"i","9":"n","level":"debug","message":"info","service":"telecom-billing","timestamp":"2025-12-12 19:37:39"}
{"0":"B","1":"a","10":"a","11":"n","12":"s","13":"a","14":"c","15":"t","16":"i","17":"o","18":"n","19":" ","2":"l","20":"r","21":"e","22":"c","23":"o","24":"r","25":"d","26":"e","27":"d","3":"a","4":"n","5":"c","6":"e","7":" ","8":"t","9":"r","level":"debug","message":"info","service":"telecom-billing","timestamp":"2025-12-12 19:37:39"}
{"0":"C","1":"D","10":"s","11":"e","12":"d","13":" ","14":"S","15":"u","16":"c","17":"c","18":"e","19":"s","2":"R","20":"s","21":"f","22":"u","23":"l","24":"l","25":"y","3":" ","4":"P","5":"r","6":"o","7":"c","8":"e","9":"s","level":"debug","message":"info","service":"telecom-billing","timestamp":"2025-12-12 19:37:39"}
{"0":"C","1":"u","10":"a","11":"l","12":"a","13":"n","14":"c","15":"e","16":" ","17":"u","18":"p","19":"d","2":"s","20":"a","21":"t","22":"e","23":"d","3":"t","4":"o","5":"m","6":"e","7":"r","8":" ","9":"b","level":"debug","message":"info","service":"telecom-billing","timestamp":"2025-12-12 19:37:39"}
{"0":"C","1":"D","10":"g","11":" ","12":"u","13":"p","14":"d","15":"a","16":"t","17":"e","18":"d","2":"R","3":" ","4":"b","5":"i","6":"l","7":"l","8":"i","9":"n","level":"debug","message":"info","service":"telecom-billing","timestamp":"2025-12-12 19:37:39"}
{"0":"B","1":"a","10":"a","11":"n","12":"s","13":"a","14":"c","15":"t","16":"i","17":"o","18":"n","19":" ","2":"l","20":"r","21":"e","22":"c","23":"o","24":"r","25":"d","26":"e","27":"d","3":"a","4":"n","5":"c","6":"e","7":" ","8":"t","9":"r","level":"debug","message":"info","service":"telecom-billing","timestamp":"2025-12-12 19:37:39"}
{"0":"C","1":"D","10":"s","11":"e","12":"d","13":" ","14":"S","15":"u","16":"c","17":"c","18":"e","19":"s","2":"R","20":"s","21":"f","22":"u","23":"l","24":"l","25":"y","3":" ","4":"P","5":"r","6":"o","7":"c","8":"e","9":"s","level":"debug","message":"info","service":"telecom-billing","timestamp":"2025-12-12 19:37:39"}
{"0":"C","1":"u","10":"a","11":"l","12":"a","13":"n","14":"c","15":"e","16":" ","17":"u","18":"p","19":"d","2":"s","20":"a","21":"t","22":"e","23":"d","3":"t","4":"o","5":"m","6":"e","7":"r","8":" ","9":"b","level":"debug","message":"info","service":"telecom-billing","timestamp":"2025-12-12 19:37:39"}
{"0":"C","1":"D","10":"g","11":" ","12":"u","13":"p","14":"d","15":"a","16":"t","17":"e","18":"d","2":"R","3":" ","4":"b","5":"i","6":"l","7":"l","8":"i","9":"n","level":"debug","message":"info","service":"telecom-billing","timestamp":"2025-12-12 19:37:39"}
{"0":"B","1":"a","10":"a","11":"n","12":"s","13":"a","14":"c","15":"t","16":"i","17":"o","18":"n","19":" ","2":"l","20":"r","21":"e","22":"c","23":"o","24":"r","25":"d","26":"e","27":"d","3":"a","4":"n","5":"c","6":"e","7":" ","8":"t","9":"r","level":"debug","message":"info","service":"telecom-billing","timestamp":"2025-12-12 19:37:39"}
{"0":"C","1":"D","10":"s","11":"e","12":"d","13":" ","14":"S","15":"u","16":"c","17":"c","18":"e","19":"s","2":"R","20":"s","21":"f","22":"u","23":"l","24":"l","25":"y","3":" ","4":"P","5":"r","6":"o","7":"c","8":"e","9":"s","level":"debug","message":"info","service":"telecom-billing","timestamp":"2025-12-12 19:37:39"}
{"0":"C","1":"u","10":"a","11":"l","12":"a","13":"n","14":"c","15":"e","16":" ","17":"u","18":"p","19":"d","2":"s","20":"a","21":"t","22":"e","23":"d","3":"t","4":"o","5":"m","6":"e","7":"r","8":" ","9":"b","level":"debug","message":"info","service":"telecom-billing","timestamp":"2025-12-12 19:37:39"}
{"0":"C","1":"D","10":"g","11":" ","12":"u","13":"p","14":"d","15":"a","16":"t","17":"e","18":"d","2":"R","3":" ","4":"b","5":"i","6":"l","7":"l","8":"i","9":"n","level":"debug","message":"info","service":"telecom-billing","timestamp":"2025-12-12 19:37:39"}
{"0":"B","1":"a","10":"a","11":"n","12":"s","13":"a","14":"c","15":"t","16":"i","17":"o","18":"n","19":" ","2":"l","20":"r","21":"e","22":"c","23":"o","24":"r","25":"d","26":"e","27":"d","3":"a","4":"n","5":"c","6":"e","7":" ","8":"t","9":"r","level":"debug","message":"info","service":"telecom-billing","timestamp":"2025-12-12 19:37:39"}
{"0":"C","1":"D","10":"s","11":"e","12":"d","13":" ","14":"S","15":"u","16":"c","17":"c","18":"e","19":"s","2":"R","20":"s","21":"f","22":"u","23":"l","24":"l","25":"y","3":" ","4":"P","5":"r","6":"o","7":"c","8":"e","9":"s","level":"debug","message":"info","service":"telecom-billing","timestamp":"2025-12-12 19:37:39"}
{"0":"C","1":"u","10":"a","11":"l","12":"a","13":"n","14":"c","15":"e","16":" ","17":"u","18":"p","19":"d","2":"s","20":"a","21":"t","22":"e","23":"d","3":"t","4":"o","5":"m","6":"e","7":"r","8":" ","9":"b","level":"debug","message":"info","service":"telecom-billing","timestamp":"2025-12-12 19:37:39"}
{"0":"C","1":"D","10":"g","11":" ","12":"u","13":"p","14":"d","15":"a","16":"t","17":"e","18":"d","2":"R","3":" ","4":"b","5":"i","6":"l","7":"l","8":"i","9":"n","level":"debug","message":"info","service":"telecom-billing","timestamp":"2025-12-12 19:37:39"}
{"0":"B","1":"a","10":"a","11":"n","12":"s","13":"a","14":"c","15":"t","16":"i","17":"o","18":"n","19":" ","2":"l","20":"r","21":"e","22":"c","23":"o","24":"r","25":"d","26":"e","27":"d","3":"a","4":"n","5":"c","6":"e","7":" ","8":"t","9":"r","level":"debug","message":"info","service":"telecom-billing","timestamp":"2025-12-12 19:37:39"}
{"0":"C","1":"D","10":"s","11":"e","12":"d","13":" ","14":"S","15":"u","16":"c","17":"c","18":"e","19":"s","2":"R","20":"s","21":"f","22":"u","23":"l","24":"l","25":"y","3":" ","4":"P","5":"r","6":"o","7":"c","8":"e","9":"s","level":"debug","message":"info","service":"telecom-billing","timestamp":"2025-12-12 19:37:39"}
{"0":"C","1":"u","10":"a","11":"l","12":"a","13":"n","14":"c","15":"e","16":" ","17":"u","18":"p","19":"d","2":"s","20":"a","21":"t","22":"e","23":"d","3":"t","4":"o","5":"m","6":"e","7":"r","8":" ","9":"b","level":"debug","message":"info","service":"telecom-billing","timestamp":"2025-12-12 19:37:39"}
{"0":"C","1":"D","10":"g","11":" ","12":"u","13":"p","14":"d","15":"a","16":"t","17":"e","18":"d","2":"R","3":" ","4":"b","5":"i","6":"l","7":"l","8":"i","9":"n","level":"debug","message":"info","service":"telecom-billing","timestamp":"2025-12-12 19:37:39"}
{"0":"B","1":"a","10":"a","11":"n","12":"s","13":"a","14":"c","15":"t","16":"i","17":"o","18":"n","19":" ","2":"l","20":"r","21":"e","22":"c","23":"o","24":"r","25":"d","26":"e","27":"d","3":"a","4":"n","5":"c","6":"e","7":" ","8":"t","9":"r","level":"debug","message":"info","service":"telecom-billing","timestamp":"2025-12-12 19:37:39"}
{"0":"C","1":"D","10":"s","11":"e","12":"d","13":" ","14":"S","15":"u","16":"c","17":"c","18":"e","19":"s","2":"R","20":"s","21":"f","22":"u","23":"l","24":"l","25":"y","3":" ","4":"P","5":"r","6":"o","7":"c","8":"e","9":"s","level":"debug","message":"info","service":"telecom-billing","timestamp":"2025-12-12 19:37:39"}
{"0":"C","1":"u","10":"a","11":"l","12":"a","13":"n","14":"c","15":"e","16":" ","17":"u","18":"p","19":"d","2":"s","20":"a","21":"t","22":"e","23":"d","3":"t","4":"o","5":"m","6":"e","7":"r","8":" ","9":"b","level":"debug","message":"info","service":"telecom-billing","timestamp":"2025-12-12 19:37:39"}
{"0":"C","1":"D","10":"g","11":" ","12":"u","13":"p","14":"d","15":"a","16":"t","17":"e","18":"d","2":"R","3":" ","4":"b","5":"i","6":"l","7":"l","8":"i","9":"n","level":"debug","message":"info","service":"telecom-billing","timestamp":"2025-12-12 19:37:39"}
{"0":"B","1":"a","10":"a","11":"n","12":"s","13":"a","14":"c","15":"t","16":"i","17":"o","18":"n","19":" ","2":"l","20":"r","21":"e","22":"c","23":"o","24":"r","25":"d","26":"e","27":"d","3":"a","4":"n","5":"c","6":"e","7":" ","8":"t","9":"r","level":"debug","message":"info","service":"telecom-billing","timestamp":"2025-12-12 19:37:39"}
{"0":"C","1":"D","10":"s","11":"e","12":"d","13":" ","14":"S","15":"u","16":"c","17":"c","18":"e","19":"s","2":"R","20":"s","21":"f","22":"u","23":"l","24":"l","25":"y","3":" ","4":"P","5":"r","6":"o","7":"c","8":"e","9":"s","level":"debug","message":"info","service":"telecom-billing","timestamp":"2025-12-12 19:37:39"}
{"0":"C","1":"u","10":"a","11":"l","12":"a","13":"n","14":"c","15":"e","16":" ","17":"u","18":"p","19":"d","2":"s","20":"a","21":"t","22":"e","23":"d","3":"t","4":"o","5":"m","6":"e","7":"r","8":" ","9":"b","level":"debug","message":"info","service":"telecom-billing","timestamp":"2025-12-12 19:37:39"}
{"0":"C","1":"D","10":"g","11":" ","12":"u","13":"p","14":"d","15":"a","16":"t","17":"e","18":"d","2":"R","3":" ","4":"b","5":"i","6":"l","7":"l","8":"i","9":"n","level":"debug","message":"info","service":"telecom-billing","timestamp":"2025-12-12 19:37:39"}
{"0":"B","1":"a","10":"a","11":"n","12":"s","13":"a","14":"c","15":"t","16":"i","17":"o","18":"n","19":" ","2":"l","20":"r","21":"e","22":"c","23":"o","24":"r","25":"d","26":"e","27":"d","3":"a","4":"n","5":"c","6":"e","7":" ","8":"t","9":"r","level":"debug","message":"info","service":"telecom-billing","timestamp":"2025-12-12 19:37:39"}
{"0":"C","1":"D","10":"s","11":"e","12":"d","13":" ","14":"S","15":"u","16":"c","17":"c","18":"e","19":"s","2":"R","20":"s","21":"f","22":"u","23":"l","24":"l","25":"y","3":" ","4":"P","5":"r","6":"o","7":"c","8":"e","9":"s","level":"debug","message":"info","service":"telecom-billing","timestamp":"2025-12-12 19:37:39"}
{"0":"C","1":"u","10":"a","11":"l","12":"a","13":"n","14":"c","15":"e","16":" ","17":"u","18":"p","19":"d","2":"s","20":"a","21":"t","22":"e","23":"d","3":"t","4":"o","5":"m","6":"e","7":"r","8":" ","9":"b","level":"debug","message":"info","service":"telecom-billing","timestamp":"2025-12-12 19:37:39"}
{"0":"C","1":"D","10":"g","11":" ","12":"u","13":"p","14":"d","15":"a","16":"t","17":"e","18":"d","2":"R","3":" ","4":"b","5":"i","6":"l","7":"l","8":"i","9":"n","level":"debug","message":"info","service":"telecom-billing","timestamp":"2025-12-12 19:37:39"}
{"0":"B","1":"a","10":"a","11":"n","12":"s","13":"a","14":"c","15":"t","16":"i","17":"o","18":"n","19":" ","2":"l","20":"r","21":"e","22":"c","23":"o","24":"r","25":"d","26":"e","27":"d","3":"a","4":"n","5":"c","6":"e","7":" ","8":"t","9":"r","level":"debug","message":"info","service":"telecom-billing","timestamp":"2025-12-12 19:37:39"}
{"0":"C","1":"D","10":"s","11":"e","12":"d","13":" ","14":"S","15":"u","16":"c","17":"c","18":"e","19":"s","2":"R","20":"s","21":"f","22":"u","23":"l","24":"l","25":"y","3":" ","4":"P","5":"r","6":"o","7":"c","8":"e","9":"s","level":"debug","message":"info","service":"telecom-billing","timestamp":"2025-12-12 19:37:39"}
{"0":"C","1":"u","10":"a","11":"l","12":"a","13":"n","14":"c","15":"e","16":" ","17":"u","18":"p","19":"d","2":"s","20":"a","21":"t","22":"e","23":"d","3":"t","4":"o","5":"m","6":"e","7":"r","8":" ","9":"b","level":"debug","message":"info","service":"telecom-billing","timestamp":"2025-12-12 19:37:39"}
{"0":"C","1":"D","10":"g","11":" ","12":"u","13":"p","14":"d","15":"a","16":"t","17":"e","18":"d","2":"R","3":" ","4":"b","5":"i","6":"l","7":"l","8":"i","9":"n","level":"debug","message":"info","service":"telecom-billing","timestamp":"2025-12-12 19:37:39"}
{"0":"B","1":"a","10":"a","11":"n","12":"s","13":"a","14":"c","15":"t","16":"i","17":"o","18":"n","19":" ","2":"l","20":"r","21":"e","22":"c","23":"o","24":"r","25":"d","26":"e","27":"d","3":"a","4":"n","5":"c","6":"e","7":" ","8":"t","9":"r","level":"debug","message":"info","service":"telecom-billing","timestamp":"2025-12-12 19:37:39"}
{"0":"C","1":"D","10":"s","11":"e","12":"d","13":" ","14":"S","15":"u","16":"c","17":"c","18":"e","19":"s","2":"R","20":"s","21":"f","22":"u","23":"l","24":"l","25":"y","3":" ","4":"P","5":"r","6":"o","7":"c","8":"e","9":"s","level":"debug","message":"info","service":"telecom-billing","timestamp":"2025-12-12 19:37:39"}
{"0":"C","1":"u","10":"a","11":"l","12":"a","13":"n","14":"c","15":"e","16":" ","17":"u","18":"p","19":"d","2":"s","20":"a","21":"t","22":"e","23":"d","3":"t","4":"o","5":"m","6":"e","7":"r","8":" ","9":"b","level":"debug","message":"info","service":"telecom-billing","timestamp":"2025-12-12 19:37:39"}
{"0":"C","1":"D","10":"g","11":" ","12":"u","13":"p","14":"d","15":"a","16":"t","17":"e","18":"d","2":"R","3":" ","4":"b","5":"i","6":"l","7":"l","8":"i","9":"n","level":"debug","message":"info","service":"telecom-billing","timestamp":"2025-12-12 19:37:39"}
{"0":"B","1":"a","10":"a","11":"n","12":"s","13":"a","14":"c","15":"t","16":"i","17":"o","18":"n","19":" ","2":"l","20":"r","21":"e","22":"c","23":"o","24":"r","25":"d","26":"e","27":"d","3":"a","4":"n","5":"c","6":"e","7":" ","8":"t","9":"r","level":"debug","message":"info","service":"telecom-billing","timestamp":"2025-12-12 19:37:39"}
{"0":"C","1":"D","10":"s","11":"e","12":"d","13":" ","14":"S","15":"u","16":"c","17":"c","18":"e","19":"s","2":"R","20":"s","21":"f","22":"u","23":"l","24":"l","25":"y","3":" ","4":"P","5":"r","6":"o","7":"c","8":"e","9":"s","level":"debug","message":"info","service":"telecom-billing","timestamp":"2025-12-12 19:37:39"}
{"0":"C","1":"u","10":"a","11":"l","12":"a","13":"n","14":"c","15":"e","16":" ","17":"u","18":"p","19":"d","2":"s","20":"a","21":"t","22":"e","23":"d","3":"t","4":"o","5":"m","6":"e","7":"r","8":" ","9":"b","level":"debug","message":"info","service":"telecom-billing","timestamp":"2025-12-12 19:37:39"}
{"0":"C","1":"D","10":"g","11":" ","12":"u","13":"p","14":"d","15":"a","16":"t","17":"e","18":"d","2":"R","3":" ","4":"b","5":"i","6":"l","7":"l","8":"i","9":"n","level":"debug","message":"info","service":"telecom-billing","timestamp":"2025-12-12 19:37:39"}
{"0":"B","1":"a","10":"a","11":"n","12":"s","13":"a","14":"c","15":"t","16":"i","17":"o","18":"n","19":" ","2":"l","20":"r","21":"e","22":"c","23":"o","24":"r","25":"d","26":"e","27":"d","3":"a","4":"n","5":"c","6":"e","7":" ","8":"t","9":"r","level":"debug","message":"info","service":"telecom-billing","timestamp":"2025-12-12 19:37:39"}
{"0":"C","1":"D","10":"s","11":"e","12":"d","13":" ","14":"S","15":"u","16":"c","17":"c","18":"e","19":"s","2":"R","20":"s","21":"f","22":"u","23":"l","24":"l","25":"y","3":" ","4":"P","5":"r","6":"o","7":"c","8":"e","9":"s","level":"debug","message":"info","service":"telecom-billing","timestamp":"2025-12-12 19:37:39"}
{"0":"C","1":"u","10":"a","11":"l","12":"a","13":"n","14":"c","15":"e","16":" ","17":"u","18":"p","19":"d","2":"s","20":"a","21":"t","22":"e","23":"d","3":"t","4":"o","5":"m","6":"e","7":"r","8":" ","9":"b","level":"debug","message":"info","service":"telecom-billing","timestamp":"2025-12-12 19:37:39"}
{"0":"C","1":"D","10":"g","11":" ","12":"u","13":"p","14":"d","15":"a","16":"t","17":"e","18":"d","2":"R","3":" ","4":"b","5":"i","6":"l","7":"l","8":"i","9":"n","level":"debug","message":"info","service":"telecom-billing","timestamp":"2025-12-12 19:37:39"}
{"0":"B","1":"a","10":"a","11":"n","12":"s","13":"a","14":"c","15":"t","16":"i","17":"o","18":"n","19":" ","2":"l","20":"r","21":"e","22":"c","23":"o","24":"r","25":"d","26":"e","27":"d","3":"a","4":"n","5":"c","6":"e","7":" ","8":"t","9":"r","level":"debug","message":"info","service":"telecom-billing","timestamp":"2025-12-12 19:37:39"}
{"0":"C","1":"D","10":"s","11":"e","12":"d","13":" ","14":"S","15":"u","16":"c","17":"c","18":"e","19":"s","2":"R","20":"s","21":"f","22":"u","23":"l","24":"l","25":"y","3":" ","4":"P","5":"r","6":"o","7":"c","8":"e","9":"s","level":"debug","message":"info","service":"telecom-billing","timestamp":"2025-12-12 19:37:39"}
{"0":"C","1":"u","10":"a","11":"l","12":"a","13":"n","14":"c","15":"e","16":" ","17":"u","18":"p","19":"d","2":"s","20":"a","21":"t","22":"e","23":"d","3":"t","4":"o","5":"m","6":"e","7":"r","8":" ","9":"b","level":"debug","message":"info","service":"telecom-billing","timestamp":"2025-12-12 19:37:39"}
{"0":"C","1":"D","10":"g","11":" ","12":"u","13":"p","14":"d","15":"a","16":"t","17":"e","18":"d","2":"R","3":" ","4":"b","5":"i","6":"l","7":"l","8":"i","9":"n","level":"debug","message":"info","service":"telecom-billing","timestamp":"2025-12-12 19:37:39"}
{"0":"B","1":"a","10":"a","11":"n","12":"s","13":"a","14":"c","15":"t","16":"i","17":"o","18":"n","19":" ","2":"l","20":"r","21":"e","22":"c","23":"o","24":"r","25":"d","26":"e","27":"d","3":"a","4":"n","5":"c","6":"e","7":" ","8":"t","9":"r","level":"debug","message":"info","service":"telecom-billing","timestamp":"2025-12-12 19:37:39"}
{"0":"C","1":"D","10":"s","11":"e","12":"d","13":" ","14":"S","15":"u","16":"c","17":"c","18":"e","19":"s","2":"R","20":"s","21":"f","22":"u","23":"l","24":"l","25":"y","3":" ","4":"P","5":"r","6":"o","7":"c","8":"e","9":"s","level":"debug","message":"info","service":"telecom-billing","timestamp":"2025-12-12 19:37:39"}
{"0":"C","1":"u","10":"a","11":"l","12":"a","13":"n","14":"c","15":"e","16":" ","17":"u","18":"p","19":"d","2":"s","20":"a","21":"t","22":"e","23":"d","3":"t","4":"o","5":"m","6":"e","7":"r","8":" ","9":"b","level":"debug","message":"info","service":"telecom-billing","timestamp":"2025-12-12 19:37:39"}
{"0":"C","1":"D","10":"g","11":" ","12":"u","13":"p","14":"d","15":"a","16":"t","17":"e","18":"d","2":"R","3":" ","4":"b","5":"i","6":"l","7":"l","8":"i","9":"n","level":"debug","message":"info","service":"telecom-billing","timestamp":"2025-12-12 19:37:39"}
{"0":"B","1":"a","10":"a","11":"n","12":"s","13":"a","14":"c","15":"t","16":"i","17":"o","18":"n","19":" ","2":"l","20":"r","21":"e","22":"c","23":"o","24":"r","25":"d","26":"e","27":"d","3":"a","4":"n","5":"c","6":"e","7":" ","8":"t","9":"r","level":"debug","message":"info","service":"telecom-billing","timestamp":"2025-12-12 19:37:39"}
{"0":"C","1":"D","10":"s","11":"e","12":"d","13":" ","14":"S","15":"u","16":"c","17":"c","18":"e","19":"s","2":"R","20":"s","21":"f","22":"u","23":"l","24":"l","25":"y","3":" ","4":"P","5":"r","6":"o","7":"c","8":"e","9":"s","level":"debug","message":"info","service":"telecom-billing","timestamp":"2025-12-12 19:37:39"}
{"0":"C","1":"u","10":"a","11":"l","12":"a","13":"n","14":"c","15":"e","16":" ","17":"u","18":"p","19":"d","2":"s","20":"a","21":"t","22":"e","23":"d","3":"t","4":"o","5":"m","6":"e","7":"r","8":" ","9":"b","level":"debug","message":"info","service":"telecom-billing","timestamp":"2025-12-12 19:37:39"}
{"0":"C","1":"D","10":"g","11":" ","12":"u","13":"p","14":"d","15":"a","16":"t","17":"e","18":"d","2":"R","3":" ","4":"b","5":"i","6":"l","7":"l","8":"i","9":"n","level":"debug","message":"info","service":"telecom-billing","timestamp":"2025-12-12 19:37:39"}
{"0":"B","1":"a","10":"a","11":"n","12":"s","13":"a","14":"c","15":"t","16":"i","17":"o","18":"n","19":" ","2":"l","20":"r","21":"e","22":"c","23":"o","24":"r","25":"d","26":"e","27":"d","3":"a","4":"n","5":"c","6":"e","7":" ","8":"t","9":"r","level":"debug","message":"info","service":"telecom-billing","timestamp":"2025-12-12 19:37:39"}
{"0":"C","1":"D","10":"s","11":"e","12":"d","13":" ","14":"S","15":"u","16":"c","17":"c","18":"e","19":"s","2":"R","20":"s","21":"f","22":"u","23":"l","24":"l","25":"y","3":" ","4":"P","5":"r","6":"o","7":"c","8":"e","9":"s","level":"debug","message":"info","service":"telecom-billing","timestamp":"2025-12-12 19:37:39"}
{"0":"C","1":"u","10":"a","11":"l","12":"a","13":"n","14":"c","15":"e","16":" ","17":"u","18":"p","19":"d","2":"s","20":"a","21":"t","22":"e","23":"d","3":"t","4":"o","5":"m","6":"e","7":"r","8":" ","9":"b","level":"debug","message":"info","service":"telecom-billing","timestamp":"2025-12-12 19:37:39"}
{"0":"C","1":"D","10":"g","11":" ","12":"u","13":"p","14":"d","15":"a","16":"t","17":"e","18":"d","2":"R","3":" ","4":"b","5":"i","6":"l","7":"l","8":"i","9":"n","level":"debug","message":"info","service":"telecom-billing","timestamp":"2025-12-12 19:37:39"}
{"0":"B","1":"a","10":"a","11":"n","12":"s","13":"a","14":"c","15":"t","16":"i","17":"o","18":"n","19":" ","2":"l","20":"r","21":"e","22":"c","23":"o","24":"r","25":"d","26":"e","27":"d","3":"a","4":"n","5":"c","6":"e","7":" ","8":"t","9":"r","level":"debug","message":"info","service":"telecom-billing","timestamp":"2025-12-12 19:37:39"}
{"0":"C","1":"D","10":"s","11":"e","12":"d","13":" ","14":"S","15":"u","16":"c","17":"c","18":"e","19":"s","2":"R","20":"s","21":"f","22":"u","23":"l","24":"l","25":"y","3":" ","4":"P","5":"r","6":"o","7":"c","8":"e","9":"s","level":"debug","message":"info","service":"telecom-billing","timestamp":"2025-12-12 19:37:39"}
{"0":"C","1":"u","10":"a","11":"l","12":"a","13":"n","14":"c","15":"e","16":" ","17":"u","18":"p","19":"d","2":"s","20":"a","21":"t","22":"e","23":"d","3":"t","4":"o","5":"m","6":"e","7":"r","8":" ","9":"b","level":"debug","message":"info","service":"telecom-billing","timestamp":"2025-12-12 19:37:39"}
{"0":"C","1":"D","10":"g","11":" ","12":"u","13":"p","14":"d","15":"a","16":"t","17":"e","18":"d","2":"R","3":" ","4":"b","5":"i","6":"l","7":"l","8":"i","9":"n","level":"debug","message":"info","service":"telecom-billing","timestamp":"2025-12-12 19:37:39"}
{"0":"B","1":"a","10":"a","11":"n","12":"s","13":"a","14":"c","15":"t","16":"i","17":"o","18":"n","19":" ","2":"l","20":"r","21":"e","22":"c","23":"o","24":"r","25":"d","26":"e","27":"d","3":"a","4":"n","5":"c","6":"e","7":" ","8":"t","9":"r","level":"debug","message":"info","service":"telecom-billing","timestamp":"2025-12-12 19:37:39"}
{"0":"C","1":"D","10":"s","11":"e","12":"d","13":" ","14":"S","15":"u","16":"c","17":"c","18":"e","19":"s","2":"R","20":"s","21":"f","22":"u","23":"l","24":"l","25":"y","3":" ","4":"P","5":"r","6":"o","7":"c","8":"e","9":"s","level":"debug","message":"info","service":"telecom-billing","timestamp":"2025-12-12 19:37:39"}
{"0":"C","1":"u","10":"a","11":"l","12":"a","13":"n","14":"c","15":"e","16":" ","17":"u","18":"p","19":"d","2":"s","20":"a","21":"t","22":"e","23":"d","3":"t","4":"o","5":"m","6":"e","7":"r","8":" ","9":"b","level":"debug","message":"info","service":"telecom-billing","timestamp":"2025-12-12 19:37:39"}
{"0":"C","1":"D","10":"g","11":" ","12":"u","13":"p","14":"d","15":"a","16":"t","17":"e","18":"d","2":"R","3":" ","4":"b","5":"i","6":"l","7":"l","8":"i","9":"n","level":"debug","message":"info","service":"telecom-billing","timestamp":"2025-12-12 19:37:39"}
{"0":"B","1":"a","10":"a","11":"n","12":"s","13":"a","14":"c","15":"t","16":"i","17":"o","18":"n","19":" ","2":"l","20":"r","21":"e","22":"c","23":"o","24":"r","25":"d","26":"e","27":"d","3":"a","4":"n","5":"c","6":"e","7":" ","8":"t","9":"r","level":"debug","message":"info","service":"telecom-billing","timestamp":"2025-12-12 19:37:39"}
{"0":"C","1":"D","10":"s","11":"e","12":"d","13":" ","14":"S","15":"u","16":"c","17":"c","18":"e","19":"s","2":"R","20":"s","21":"f","22":"u","23":"l","24":"l","25":"y","3":" ","4":"P","5":"r","6":"o","7":"c","8":"e","9":"s","level":"debug","message":"info","service":"telecom-billing","timestamp":"2025-12-12 19:37:39"}
{"0":"C","1":"u","10":"a","11":"l","12":"a","13":"n","14":"c","15":"e","16":" ","17":"u","18":"p","19":"d","2":"s","20":"a","21":"t","22":"e","23":"d","3":"t","4":"o","5":"m","6":"e","7":"r","8":" ","9":"b","level":"debug","message":"info","service":"telecom-billing","timestamp":"2025-12-12 19:37:39"}
{"0":"C","1":"D","10":"g","11":" ","12":"u","13":"p","14":"d","15":"a","16":"t","17":"e","18":"d","2":"R","3":" ","4":"b","5":"i","6":"l","7":"l","8":"i","9":"n","level":"debug","message":"info","service":"telecom-billing","timestamp":"2025-12-12 19:37:39"}
{"0":"B","1":"a","10":"a","11":"n","12":"s","13":"a","14":"c","15":"t","16":"i","17":"o","18":"n","19":" ","2":"l","20":"r","21":"e","22":"c","23":"o","24":"r","25":"d","26":"e","27":"d","3":"a","4":"n","5":"c","6":"e","7":" ","8":"t","9":"r","level":"debug","message":"info","service":"telecom-billing","timestamp":"2025-12-12 19:37:39"}
{"0":"C","1":"D","10":"s","11":"e","12":"d","13":" ","14":"S","15":"u","16":"c","17":"c","18":"e","19":"s","2":"R","20":"s","21":"f","22":"u","23":"l","24":"l","25":"y","3":" ","4":"P","5":"r","6":"o","7":"c","8":"e","9":"s","level":"debug","message":"info","service":"telecom-billing","timestamp":"2025-12-12 19:37:39"}
{"0":"C","1":"u","10":"a","11":"l","12":"a","13":"n","14":"c","15":"e","16":" ","17":"u","18":"p","19":"d","2":"s","20":"a","21":"t","22":"e","23":"d","3":"t","4":"o","5":"m","6":"e","7":"r","8":" ","9":"b","level":"debug","message":"info","service":"telecom-billing","timestamp":"2025-12-12 19:37:39"}
{"0":"C","1":"D","10":"g","11":" ","12":"u","13":"p","14":"d","15":"a","16":"t","17":"e","18":"d","2":"R","3":" ","4":"b","5":"i","6":"l","7":"l","8":"i","9":"n","level":"debug","message":"info","service":"telecom-billing","timestamp":"2025-12-12 19:37:39"}
{"0":"B","1":"a","10":"a","11":"n","12":"s","13":"a","14":"c","15":"t","16":"i","17":"o","18":"n","19":" ","2":"l","20":"r","21":"e","22":"c","23":"o","24":"r","25":"d","26":"e","27":"d","3":"a","4":"n","5":"c","6":"e","7":" ","8":"t","9":"r","level":"debug","message":"info","service":"telecom-billing","timestamp":"2025-12-12 19:37:39"}
{"0":"C","1":"D","10":"s","11":"e","12":"d","13":" ","14":"S","15":"u","16":"c","17":"c","18":"e","19":"s","2":"R","20":"s","21":"f","22":"u","23":"l","24":"l","25":"y","3":" ","4":"P","5":"r","6":"o","7":"c","8":"e","9":"s","level":"debug","message":"info","service":"telecom-billing","timestamp":"2025-12-12 19:37:39"}
{"0":"C","1":"u","10":"a","11":"l","12":"a","13":"n","14":"c","15":"e","16":" ","17":"u","18":"p","19":"d","2":"s","20":"a","21":"t","22":"e","23":"d","3":"t","4":"o","5":"m","6":"e","7":"r","8":" ","9":"b","level":"debug","message":"info","service":"telecom-billing","timestamp":"2025-12-12 19:37:39"}
{"0":"C","1":"D","10":"g","11":" ","12":"u","13":"p","14":"d","15":"a","16":"t","17":"e","18":"d","2":"R","3":" ","4":"b","5":"i","6":"l","7":"l","8":"i","9":"n","level":"debug","message":"info","service":"telecom-billing","timestamp":"2025-12-12 19:37:39"}
{"0":"B","1":"a","10":"a","11":"n","12":"s","13":"a","14":"c","15":"t","16":"i","17":"o","18":"n","19":" ","2":"l","20":"r","21":"e","22":"c","23":"o","24":"r","25":"d","26":"e","27":"d","3":"a","4":"n","5":"c","6":"e","7":" ","8":"t","9":"r","level":"debug","message":"info","service":"telecom-billing","timestamp":"2025-12-12 19:37:39"}
{"0":"C","1":"D","10":"s","11":"e","12":"d","13":" ","14":"S","15":"u","16":"c","17":"c","18":"e","19":"s","2":"R","20":"s","21":"f","22":"u","23":"l","24":"l","25":"y","3":" ","4":"P","5":"r","6":"o","7":"c","8":"e","9":"s","level":"debug","message":"info","service":"telecom-billing","timestamp":"2025-12-12 19:37:39"}
{"0":"C","1":"u","10":"a","11":"l","12":"a","13":"n","14":"c","15":"e","16":" ","17":"u","18":"p","19":"d","2":"s","20":"a","21":"t","22":"e","23":"d","3":"t","4":"o","5":"m","6":"e","7":"r","8":" ","9":"b","level":"debug","message":"info","service":"telecom-billing","timestamp":"2025-12-12 19:37:39"}
{"0":"C","1":"D","10":"g","11":" ","12":"u","13":"p","14":"d","15":"a","16":"t","17":"e","18":"d","2":"R","3":" ","4":"b","5":"i","6":"l","7":"l","8":"i","9":"n","level":"debug","message":"info","service":"telecom-billing","timestamp":"2025-12-12 19:37:39"}
{"0":"B","1":"a","10":"a","11":"n","12":"s","13":"a","14":"c","15":"t","16":"i","17":"o","18":"n","19":" ","2":"l","20":"r","21":"e","22":"c","23":"o","24":"r","25":"d","26":"e","27":"d","3":"a","4":"n","5":"c","6":"e","7":" ","8":"t","9":"r","level":"debug","message":"info","service":"telecom-billing","timestamp":"2025-12-12 19:37:39"}
{"0":"C","1":"D","10":"s","11":"e","12":"d","13":" ","14":"S","15":"u","16":"c","17":"c","18":"e","19":"s","2":"R","20":"s","21":"f","22":"u","23":"l","24":"l","25":"y","3":" ","4":"P","5":"r","6":"o","7":"c","8":"e","9":"s","level":"debug","message":"info","service":"telecom-billing","timestamp":"2025-12-12 19:37:39"}
{"0":"C","1":"u","10":"a","11":"l","12":"a","13":"n","14":"c","15":"e","16":" ","17":"u","18":"p","19":"d","2":"s","20":"a","21":"t","22":"e","23":"d","3":"t","4":"o","5":"m","6":"e","7":"r","8":" ","9":"b","level":"debug","message":"info","service":"telecom-billing","timestamp":"2025-12-12 19:37:39"}
{"0":"C","1":"D","10":"g","11":" ","12":"u","13":"p","14":"d","15":"a","16":"t","17":"e","18":"d","2":"R","3":" ","4":"b","5":"i","6":"l","7":"l","8":"i","9":"n","level":"debug","message":"info","service":"telecom-billing","timestamp":"2025-12-12 19:37:39"}
{"0":"B","1":"a","10":"a","11":"n","12":"s","13":"a","14":"c","15":"t","16":"i","17":"o","18":"n","19":" ","2":"l","20":"r","21":"e","22":"c","23":"o","24":"r","25":"d","26":"e","27":"d","3":"a","4":"n","5":"c","6":"e","7":" ","8":"t","9":"r","level":"debug","message":"info","service":"telecom-billing","timestamp":"2025-12-12 19:37:39"}
{"0":"C","1":"D","10":"s","11":"e","12":"d","13":" ","14":"S","15":"u","16":"c","17":"c","18":"e","19":"s","2":"R","20":"s","21":"f","22":"u","23":"l","24":"l","25":"y","3":" ","4":"P","5":"r","6":"o","7":"c","8":"e","9":"s","level":"debug","message":"info","service":"telecom-billing","timestamp":"2025-12-12 19:37:39"}
{"0":"C","1":"u","10":"a","11":"l","12":"a","13":"n","14":"c","15":"e","16":" ","17":"u","18":"p","19":"d","2":"s","20":"a","21":"t","22":"e","23":"d","3":"t","4":"o","5":"m","6":"e","7":"r","8":" ","9":"b","level":"debug","message":"info","service":"telecom-billing","timestamp":"2025-12-12 19:37:39"}
{"0":"C","1":"D","10":"g","11":" ","12":"u","13":"p","14":"d","15":"a","16":"t","17":"e","18":"d","2":"R","3":" ","4":"b","5":"i","6":"l","7":"l","8":"i","9":"n","level":"debug","message":"info","service":"telecom-billing","timestamp":"2025-12-12 19:37:39"}
{"0":"B","1":"a","10":"a","11":"n","12":"s","13":"a","14":"c","15":"t","16":"i","17":"o","18":"n","19":" ","2":"l","20":"r","21":"e","22":"c","23":"o","24":"r","25":"d","26":"e","27":"d","3":"a","4":"n","5":"c","6":"e","7":" ","8":"t","9":"r","level":"debug","message":"info","service":"telecom-billing","timestamp":"2025-12-12 19:37:39"}
{"0":"C","1":"D","10":"s","11":"e","12":"d","13":" ","14":"S","15":"u","16":"c","17":"c","18":"e","19":"s","2":"R","20":"s","21":"f","22":"u","23":"l","24":"l","25":"y","3":" ","4":"P","5":"r","6":"o","7":"c","8":"e","9":"s","level":"debug","message":"info","service":"telecom-billing","timestamp":"2025-12-12 19:37:39"}
{"0":"C","1":"u","10":"a","11":"l","12":"a","13":"n","14":"c","15":"e","16":" ","17":"u","18":"p","19":"d","2":"s","20":"a","21":"t","22":"e","23":"d","3":"t","4":"o","5":"m","6":"e","7":"r","8":" ","9":"b","level":"debug","message":"info","service":"telecom-billing","timestamp":"2025-12-12 19:37:39"}
{"0":"C","1":"D","10":"g","11":" ","12":"u","13":"p","14":"d","15":"a","16":"t","17":"e","18":"d","2":"R","3":" ","4":"b","5":"i","6":"l","7":"l","8":"i","9":"n","level":"debug","message":"info","service":"telecom-billing","timestamp":"2025-12-12 19:37:39"}
{"0":"B","1":"a","10":"a","11":"n","12":"s","13":"a","14":"c","15":"t","16":"i","17":"o","18":"n","19":" ","2":"l","20":"r","21":"e","22":"c","23":"o","24":"r","25":"d","26":"e","27":"d","3":"a","4":"n","5":"c","6":"e","7":" ","8":"t","9":"r","level":"debug","message":"info","service":"telecom-billing","timestamp":"2025-12-12 19:37:39"}
{"0":"C","1":"D","10":"s","11":"e","12":"d","13":" ","14":"S","15":"u","16":"c","17":"c","18":"e","19":"s","2":"R","20":"s","21":"f","22":"u","23":"l","24":"l","25":"y","3":" ","4":"P","5":"r","6":"o","7":"c","8":"e","9":"s","level":"debug","message":"info","service":"telecom-billing","timestamp":"2025-12-12 19:37:39"}
{"0":"C","1":"u","10":"a","11":"l","12":"a","13":"n","14":"c","15":"e","16":" ","17":"u","18":"p","19":"d","2":"s","20":"a","21":"t","22":"e","23":"d","3":"t","4":"o","5":"m","6":"e","7":"r","8":" ","9":"b","level":"debug","message":"info","service":"telecom-billing","timestamp":"2025-12-12 19:37:39"}
{"0":"C","1":"D","10":"g","11":" ","12":"u","13":"p","14":"d","15":"a","16":"t","17":"e","18":"d","2":"R","3":" ","4":"b","5":"i","6":"l","7":"l","8":"i","9":"n","level":"debug","message":"info","service":"telecom-billing","timestamp":"2025-12-12 19:37:39"}
{"0":"B","1":"a","10":"a","11":"n","12":"s","13":"a","14":"c","15":"t","16":"i","17":"o","18":"n","19":" ","2":"l","20":"r","21":"e","22":"c","23":"o","24":"r","25":"d","26":"e","27":"d","3":"a","4":"n","5":"c","6":"e","7":" ","8":"t","9":"r","level":"debug","message":"info","service":"telecom-billing","timestamp":"2025-12-12 19:37:39"}
{"0":"C","1":"D","10":"s","11":"e","12":"d","13":" ","14":"S","15":"u","16":"c","17":"c","18":"e","19":"s","2":"R","20":"s","21":"f","22":"u","23":"l","24":"l","25":"y","3":" ","4":"P","5":"r","6":"o","7":"c","8":"e","9":"s","level":"debug","message":"info","service":"telecom-billing","timestamp":"2025-12-12 19:37:39"}
{"0":"C","1":"u","10":"a","11":"l","12":"a","13":"n","14":"c","15":"e","16":" ","17":"u","18":"p","19":"d","2":"s","20":"a","21":"t","22":"e","23":"d","3":"t","4":"o","5":"m","6":"e","7":"r","8":" ","9":"b","level":"debug","message":"info","service":"telecom-billing","timestamp":"2025-12-12 19:37:39"}
{"0":"C","1":"D","10":"g","11":" ","12":"u","13":"p","14":"d","15":"a","16":"t","17":"e","18":"d","2":"R","3":" ","4":"b","5":"i","6":"l","7":"l","8":"i","9":"n","level":"debug","message":"info","service":"telecom-billing","timestamp":"2025-12-12 19:37:39"}
{"0":"B","1":"a","10":"a","11":"n","12":"s","13":"a","14":"c","15":"t","16":"i","17":"o","18":"n","19":" ","2":"l","20":"r","21":"e","22":"c","23":"o","24":"r","25":"d","26":"e","27":"d","3":"a","4":"n","5":"c","6":"e","7":" ","8":"t","9":"r","level":"debug","message":"info","service":"telecom-billing","timestamp":"2025-12-12 19:37:39"}
{"0":"C","1":"D","10":"s","11":"e","12":"d","13":" ","14":"S","15":"u","16":"c","17":"c","18":"e","19":"s","2":"R","20":"s","21":"f","22":"u","23":"l","24":"l","25":"y","3":" ","4":"P","5":"r","6":"o","7":"c","8":"e","9":"s","level":"debug","message":"info","service":"telecom-billing","timestamp":"2025-12-12 19:37:39"}
{"0":"C","1":"u","10":"a","11":"l","12":"a","13":"n","14":"c","15":"e","16":" ","17":"u","18":"p","19":"d","2":"s","20":"a","21":"t","22":"e","23":"d","3":"t","4":"o","5":"m","6":"e","7":"r","8":" ","9":"b","level":"debug","message":"info","service":"telecom-billing","timestamp":"2025-12-12 19:37:39"}
{"0":"C","1":"D","10":"g","11":" ","12":"u","13":"p","14":"d","15":"a","16":"t","17":"e","18":"d","2":"R","3":" ","4":"b","5":"i","6":"l","7":"l","8":"i","9":"n","level":"debug","message":"info","service":"telecom-billing","timestamp":"2025-12-12 19:37:39"}
{"0":"B","1":"a","10":"a","11":"n","12":"s","13":"a","14":"c","15":"t","16":"i","17":"o","18":"n","19":" ","2":"l","20":"r","21":"e","22":"c","23":"o","24":"r","25":"d","26":"e","27":"d","3":"a","4":"n","5":"c","6":"e","7":" ","8":"t","9":"r","level":"debug","message":"info","service":"telecom-billing","timestamp":"2025-12-12 19:37:39"}
{"0":"C","1":"D","10":"s","11":"e","12":"d","13":" ","14":"S","15":"u","16":"c","17":"c","18":"e","19":"s","2":"R","20":"s","21":"f","22":"u","23":"l","24":"l","25":"y","3":" ","4":"P","5":"r","6":"o","7":"c","8":"e","9":"s","level":"debug","message":"info","service":"telecom-billing","timestamp":"2025-12-12 19:37:39"}
{"0":"C","1":"u","10":"a","11":"l","12":"a","13":"n","14":"c","15":"e","16":" ","17":"u","18":"p","19":"d","2":"s","20":"a","21":"t","22":"e","23":"d","3":"t","4":"o","5":"m","6":"e","7":"r","8":" ","9":"b","level":"debug","message":"info","service":"telecom-billing","timestamp":"2025-12-12 19:37:39"}
{"0":"C","1":"D","10":"g","11":" ","12":"u","13":"p","14":"d","15":"a","16":"t","17":"e","18":"d","2":"R","3":" ","4":"b","5":"i","6":"l","7":"l","8":"i","9":"n","level":"debug","message":"info","service":"telecom-billing","timestamp":"2025-12-12 19:37:39"}
{"0":"B","1":"a","10":"a","11":"n","12":"s","13":"a","14":"c","15":"t","16":"i","17":"o","18":"n","19":" ","2":"l","20":"r","21":"e","22":"c","23":"o","24":"r","25":"d","26":"e","27":"d","3":"a","4":"n","5":"c","6":"e","7":" ","8":"t","9":"r","level":"debug","message":"info","service":"telecom-billing","timestamp":"2025-12-12 19:37:39"}
{"0":"C","1":"D","10":"s","11":"e","12":"d","13":" ","14":"S","15":"u","16":"c","17":"c","18":"e","19":"s","2":"R","20":"s","21":"f","22":"u","23":"l","24":"l","25":"y","3":" ","4":"P","5":"r","6":"o","7":"c","8":"e","9":"s","level":"debug","message":"info","service":"telecom-billing","timestamp":"2025-12-12 19:37:39"}
{"0":"C","1":"u","10":"a","11":"l","12":"a","13":"n","14":"c","15":"e","16":" ","17":"u","18":"p","19":"d","2":"s","20":"a","21":"t","22":"e","23":"d","3":"t","4":"o","5":"m","6":"e","7":"r","8":" ","9":"b","level":"debug","message":"info","service":"telecom-billing","timestamp":"2025-12-12 19:37:39"}
{"0":"C","1":"D","10":"g","11":" ","12":"u","13":"p","14":"d","15":"a","16":"t","17":"e","18":"d","2":"R","3":" ","4":"b","5":"i","6":"l","7":"l","8":"i","9":"n","level":"debug","message":"info","service":"telecom-billing","timestamp":"2025-12-12 19:37:39"}
{"0":"B","1":"a","10":"a","11":"n","12":"s","13":"a","14":"c","15":"t","16":"i","17":"o","18":"n","19":" ","2":"l","20":"r","21":"e","22":"c","23":"o","24":"r","25":"d","26":"e","27":"d","3":"a","4":"n","5":"c","6":"e","7":" ","8":"t","9":"r","level":"debug","message":"info","service":"telecom-billing","timestamp":"2025-12-12 19:37:39"}
{"0":"C","1":"D","10":"s","11":"e","12":"d","13":" ","14":"S","15":"u","16":"c","17":"c","18":"e","19":"s","2":"R","20":"s","21":"f","22":"u","23":"l","24":"l","25":"y","3":" ","4":"P","5":"r","6":"o","7":"c","8":"e","9":"s","level":"debug","message":"info","service":"telecom-billing","timestamp":"2025-12-12 19:37:39"}
{"0":"C","1":"u","10":"a","11":"l","12":"a","13":"n","14":"c","15":"e","16":" ","17":"u","18":"p","19":"d","2":"s","20":"a","21":"t","22":"e","23":"d","3":"t","4":"o","5":"m","6":"e","7":"r","8":" ","9":"b","level":"debug","message":"info","service":"telecom-billing","timestamp":"2025-12-12 19:37:39"}
{"0":"C","1":"D","10":"g","11":" ","12":"u","13":"p","14":"d","15":"a","16":"t","17":"e","18":"d","2":"R","3":" ","4":"b","5":"i","6":"l","7":"l","8":"i","9":"n","level":"debug","message":"info","service":"telecom-billing","timestamp":"2025-12-12 19:37:39"}
{"0":"B","1":"a","10":"a","11":"n","12":"s","13":"a","14":"c","15":"t","16":"i","17":"o","18":"n","19":" ","2":"l","20":"r","21":"e","22":"c","23":"o","24":"r","25":"d","26":"e","27":"d","3":"a","4":"n","5":"c","6":"e","7":" ","8":"t","9":"r","level":"debug","message":"info","service":"telecom-billing","timestamp":"2025-12-12 19:37:39"}
{"0":"C","1":"D","10":"s","11":"e","12":"d","13":" ","14":"S","15":"u","16":"c","17":"c","18":"e","19":"s","2":"R","20":"s","21":"f","22":"u","23":"l","24":"l","25":"y","3":" ","4":"P","5":"r","6":"o","7":"c","8":"e","9":"s","level":"debug","message":"info","service":"telecom-billing","timestamp":"2025-12-12 19:37:39"}
{"0":"C","1":"u","10":"a","11":"l","12":"a","13":"n","14":"c","15":"e","16":" ","17":"u","18":"p","19":"d","2":"s","20":"a","21":"t","22":"e","23":"d","3":"t","4":"o","5":"m","6":"e","7":"r","8":" ","9":"b","level":"debug","message":"info","service":"telecom-billing","timestamp":"2025-12-12 19:37:39"}
{"0":"C","1":"D","10":"g","11":" ","12":"u","13":"p","14":"d","15":"a","16":"t","17":"e","18":"d","2":"R","3":" ","4":"b","5":"i","6":"l","7":"l","8":"i","9":"n","level":"debug","message":"info","service":"telecom-billing","timestamp":"2025-12-12 19:37:39"}
{"0":"B","1":"a","10":"a","11":"n","12":"s","13":"a","14":"c","15":"t","16":"i","17":"o","18":"n","19":" ","2":"l","20":"r","21":"e","22":"c","23":"o","24":"r","25":"d","26":"e","27":"d","3":"a","4":"n","5":"c","6":"e","7":" ","8":"t","9":"r","level":"debug","message":"info","service":"telecom-billing","timestamp":"2025-12-12 19:37:39"}
{"0":"C","1":"D","10":"s","11":"e","12":"d","13":" ","14":"S","15":"u","16":"c","17":"c","18":"e","19":"s","2":"R","20":"s","21":"f","22":"u","23":"l","24":"l","25":"y","3":" ","4":"P","5":"r","6":"o","7":"c","8":"e","9":"s","level":"debug","message":"info","service":"telecom-billing","timestamp":"2025-12-12 19:37:39"}
{"0":"C","1":"u","10":"a","11":"l","12":"a","13":"n","14":"c","15":"e","16":" ","17":"u","18":"p","19":"d","2":"s","20":"a","21":"t","22":"e","23":"d","3":"t","4":"o","5":"m","6":"e","7":"r","8":" ","9":"b","level":"debug","message":"info","service":"telecom-billing","timestamp":"2025-12-12 19:37:39"}
{"0":"C","1":"D","10":"g","11":" ","12":"u","13":"p","14":"d","15":"a","16":"t","17":"e","18":"d","2":"R","3":" ","4":"b","5":"i","6":"l","7":"l","8":"i","9":"n","level":"debug","message":"info","service":"telecom-billing","timestamp":"2025-12-12 19:37:39"}
{"0":"B","1":"a","10":"a","11":"n","12":"s","13":"a","14":"c","15":"t","16":"i","17":"o","18":"n","19":" ","2":"l","20":"r","21":"e","22":"c","23":"o","24":"r","25":"d","26":"e","27":"d","3":"a","4":"n","5":"c","6":"e","7":" ","8":"t","9":"r","level":"debug","message":"info","service":"telecom-billing","timestamp":"2025-12-12 19:37:39"}
{"0":"C","1":"D","10":"s","11":"e","12":"d","13":" ","14":"S","15":"u","16":"c","17":"c","18":"e","19":"s","2":"R","20":"s","21":"f","22":"u","23":"l","24":"l","25":"y","3":" ","4":"P","5":"r","6":"o","7":"c","8":"e","9":"s","level":"debug","message":"info","service":"telecom-billing","timestamp":"2025-12-12 19:37:39"}
{"0":"C","1":"u","10":"a","11":"l","12":"a","13":"n","14":"c","15":"e","16":" ","17":"u","18":"p","19":"d","2":"s","20":"a","21":"t","22":"e","23":"d","3":"t","4":"o","5":"m","6":"e","7":"r","8":" ","9":"b","level":"debug","message":"info","service":"telecom-billing","timestamp":"2025-12-12 19:37:39"}
{"0":"C","1":"D","10":"g","11":" ","12":"u","13":"p","14":"d","15":"a","16":"t","17":"e","18":"d","2":"R","3":" ","4":"b","5":"i","6":"l","7":"l","8":"i","9":"n","level":"debug","message":"info","service":"telecom-billing","timestamp":"2025-12-12 19:37:39"}
{"0":"B","1":"a","10":"a","11":"n","12":"s","13":"a","14":"c","15":"t","16":"i","17":"o","18":"n","19":" ","2":"l","20":"r","21":"e","22":"c","23":"o","24":"r","25":"d","26":"e","27":"d","3":"a","4":"n","5":"c","6":"e","7":" ","8":"t","9":"r","level":"debug","message":"info","service":"telecom-billing","timestamp":"2025-12-12 19:37:39"}
{"0":"C","1":"D","10":"s","11":"e","12":"d","13":" ","14":"S","15":"u","16":"c","17":"c","18":"e","19":"s","2":"R","20":"s","21":"f","22":"u","23":"l","24":"l","25":"y","3":" ","4":"P","5":"r","6":"o","7":"c","8":"e","9":"s","level":"debug","message":"info","service":"telecom-billing","timestamp":"2025-12-12 19:37:39"}
{"0":"C","1":"u","10":"a","11":"l","12":"a","13":"n","14":"c","15":"e","16":" ","17":"u","18":"p","19":"d","2":"s","20":"a","21":"t","22":"e","23":"d","3":"t","4":"o","5":"m","6":"e","7":"r","8":" ","9":"b","level":"debug","message":"info","service":"telecom-billing","timestamp":"2025-12-12 19:37:39"}
{"0":"C","1":"D","10":"g","11":" ","12":"u","13":"p","14":"d","15":"a","16":"t","17":"e","18":"d","2":"R","3":" ","4":"b","5":"i","6":"l","7":"l","8":"i","9":"n","level":"debug","message":"info","service":"telecom-billing","timestamp":"2025-12-12 19:37:39"}
{"0":"B","1":"a","10":"a","11":"n","12":"s","13":"a","14":"c","15":"t","16":"i","17":"o","18":"n","19":" ","2":"l","20":"r","21":"e","22":"c","23":"o","24":"r","25":"d","26":"e","27":"d","3":"a","4":"n","5":"c","6":"e","7":" ","8":"t","9":"r","level":"debug","message":"info","service":"telecom-billing","timestamp":"2025-12-12 19:37:39"}
{"0":"C","1":"D","10":"s","11":"e","12":"d","13":" ","14":"S","15":"u","16":"c","17":"c","18":"e","19":"s","2":"R","20":"s","21":"f","22":"u","23":"l","24":"l","25":"y","3":" ","4":"P","5":"r","6":"o","7":"c","8":"e","9":"s","level":"debug","message":"info","service":"telecom-billing","timestamp":"2025-12-12 19:37:39"}
{"0":"C","1":"u","10":"a","11":"l","12":"a","13":"n","14":"c","15":"e","16":" ","17":"u","18":"p","19":"d","2":"s","20":"a","21":"t","22":"e","23":"d","3":"t","4":"o","5":"m","6":"e","7":"r","8":" ","9":"b","level":"debug","message":"info","service":"telecom-billing","timestamp":"2025-12-12 19:37:39"}
{"0":"C","1":"D","10":"g","11":" ","12":"u","13":"p","14":"d","15":"a","16":"t","17":"e","18":"d","2":"R","3":" ","4":"b","5":"i","6":"l","7":"l","8":"i","9":"n","level":"debug","message":"info","service":"telecom-billing","timestamp":"2025-12-12 19:37:39"}
{"0":"B","1":"a","10":"a","11":"n","12":"s","13":"a","14":"c","15":"t","16":"i","17":"o","18":"n","19":" ","2":"l","20":"r","21":"e","22":"c","23":"o","24":"r","25":"d","26":"e","27":"d","3":"a","4":"n","5":"c","6":"e","7":" ","8":"t","9":"r","level":"debug","message":"info","service":"telecom-billing","timestamp":"2025-12-12 19:37:39"}
{"0":"C","1":"D","10":"s","11":"e","12":"d","13":" ","14":"S","15":"u","16":"c","17":"c","18":"e","19":"s","2":"R","20":"s","21":"f","22":"u","23":"l","24":"l","25":"y","3":" ","4":"P","5":"r","6":"o","7":"c","8":"e","9":"s","level":"debug","message":"info","service":"telecom-billing","timestamp":"2025-12-12 19:37:39"}
{"0":"C","1":"u","10":"a","11":"l","12":"a","13":"n","14":"c","15":"e","16":" ","17":"u","18":"p","19":"d","2":"s","20":"a","21":"t","22":"e","23":"d","3":"t","4":"o","5":"m","6":"e","7":"r","8":" ","9":"b","level":"debug","message":"info","service":"telecom-billing","timestamp":"2025-12-12 19:37:39"}
{"0":"C","1":"D","10":"g","11":" ","12":"u","13":"p","14":"d","15":"a","16":"t","17":"e","18":"d","2":"R","3":" ","4":"b","5":"i","6":"l","7":"l","8":"i","9":"n","level":"debug","message":"info","service":"telecom-billing","timestamp":"2025-12-12 19:37:39"}
{"0":"B","1":"a","10":"a","11":"n","12":"s","13":"a","14":"c","15":"t","16":"i","17":"o","18":"n","19":" ","2":"l","20":"r","21":"e","22":"c","23":"o","24":"r","25":"d","26":"e","27":"d","3":"a","4":"n","5":"c","6":"e","7":" ","8":"t","9":"r","level":"debug","message":"info","service":"telecom-billing","timestamp":"2025-12-12 19:37:39"}
{"0":"C","1":"D","10":"s","11":"e","12":"d","13":" ","14":"S","15":"u","16":"c","17":"c","18":"e","19":"s","2":"R","20":"s","21":"f","22":"u","23":"l","24":"l","25":"y","3":" ","4":"P","5":"r","6":"o","7":"c","8":"e","9":"s","level":"debug","message":"info","service":"telecom-billing","timestamp":"2025-12-12 19:37:39"}
{"0":"C","1":"u","10":"a","11":"l","12":"a","13":"n","14":"c","15":"e","16":" ","17":"u","18":"p","19":"d","2":"s","20":"a","21":"t","22":"e","23":"d","3":"t","4":"o","5":"m","6":"e","7":"r","8":" ","9":"b","level":"debug","message":"info","service":"telecom-billing","timestamp":"2025-12-12 19:37:39"}
{"0":"C","1":"D","10":"g","11":" ","12":"u","13":"p","14":"d","15":"a","16":"t","17":"e","18":"d","2":"R","3":" ","4":"b","5":"i","6":"l","7":"l","8":"i","9":"n","level":"debug","message":"info","service":"telecom-billing","timestamp":"2025-12-12 19:37:39"}
{"0":"B","1":"a","10":"a","11":"n","12":"s","13":"a","14":"c","15":"t","16":"i","17":"o","18":"n","19":" ","2":"l","20":"r","21":"e","22":"c","23":"o","24":"r","25":"d","26":"e","27":"d","3":"a","4":"n","5":"c","6":"e","7":" ","8":"t","9":"r","level":"debug","message":"info","service":"telecom-billing","timestamp":"2025-12-12 19:37:39"}
{"0":"C","1":"D","10":"s","11":"e","12":"d","13":" ","14":"S","15":"u","16":"c","17":"c","18":"e","19":"s","2":"R","20":"s","21":"f","22":"u","23":"l","24":"l","25":"y","3":" ","4":"P","5":"r","6":"o","7":"c","8":"e","9":"s","level":"debug","message":"info","service":"telecom-billing","timestamp":"2025-12-12 19:37:39"}
{"0":"C","1":"u","10":"a","11":"l","12":"a","13":"n","14":"c","15":"e","16":" ","17":"u","18":"p","19":"d","2":"s","20":"a","21":"t","22":"e","23":"d","3":"t","4":"o","5":"m","6":"e","7":"r","8":" ","9":"b","level":"debug","message":"info","service":"telecom-billing","timestamp":"2025-12-12 19:37:39"}
{"0":"C","1":"D","10":"g","11":" ","12":"u","13":"p","14":"d","15":"a","16":"t","17":"e","18":"d","2":"R","3":" ","4":"b","5":"i","6":"l","7":"l","8":"i","9":"n","level":"debug","message":"info","service":"telecom-billing","timestamp":"2025-12-12 19:37:39"}
{"0":"B","1":"a","10":"a","11":"n","12":"s","13":"a","14":"c","15":"t","16":"i","17":"o","18":"n","19":" ","2":"l","20":"r","21":"e","22":"c","23":"o","24":"r","25":"d","26":"e","27":"d","3":"a","4":"n","5":"c","6":"e","7":" ","8":"t","9":"r","level":"debug","message":"info","service":"telecom-billing","timestamp":"2025-12-12 19:37:39"}
{"0":"C","1":"D","10":"s","11":"e","12":"d","13":" ","14":"S","15":"u","16":"c","17":"c","18":"e","19":"s","2":"R","20":"s","21":"f","22":"u","23":"l","24":"l","25":"y","3":" ","4":"P","5":"r","6":"o","7":"c","8":"e","9":"s","level":"debug","message":"info","service":"telecom-billing","timestamp":"2025-12-12 19:37:39"}
{"0":"C","1":"u","10":"a","11":"l","12":"a","13":"n","14":"c","15":"e","16":" ","17":"u","18":"p","19":"d","2":"s","20":"a","21":"t","22":"e","23":"d","3":"t","4":"o","5":"m","6":"e","7":"r","8":" ","9":"b","level":"debug","message":"info","service":"telecom-billing","timestamp":"2025-12-12 19:37:39"}
{"0":"C","1":"D","10":"g","11":" ","12":"u","13":"p","14":"d","15":"a","16":"t","17":"e","18":"d","2":"R","3":" ","4":"b","5":"i","6":"l","7":"l","8":"i","9":"n","level":"debug","message":"info","service":"telecom-billing","timestamp":"2025-12-12 19:37:39"}
{"0":"B","1":"a","10":"a","11":"n","12":"s","13":"a","14":"c","15":"t","16":"i","17":"o","18":"n","19":" ","2":"l","20":"r","21":"e","22":"c","23":"o","24":"r","25":"d","26":"e","27":"d","3":"a","4":"n","5":"c","6":"e","7":" ","8":"t","9":"r","level":"debug","message":"info","service":"telecom-billing","timestamp":"2025-12-12 19:37:39"}
{"0":"C","1":"D","10":"s","11":"e","12":"d","13":" ","14":"S","15":"u","16":"c","17":"c","18":"e","19":"s","2":"R","20":"s","21":"f","22":"u","23":"l","24":"l","25":"y","3":" ","4":"P","5":"r","6":"o","7":"c","8":"e","9":"s","level":"debug","message":"info","service":"telecom-billing","timestamp":"2025-12-12 19:37:39"}
{"0":"C","1":"u","10":"a","11":"l","12":"a","13":"n","14":"c","15":"e","16":" ","17":"u","18":"p","19":"d","2":"s","20":"a","21":"t","22":"e","23":"d","3":"t","4":"o","5":"m","6":"e","7":"r","8":" ","9":"b","level":"debug","message":"info","service":"telecom-billing","timestamp":"2025-12-12 19:37:39"}
{"0":"C","1":"D","10":"g","11":" ","12":"u","13":"p","14":"d","15":"a","16":"t","17":"e","18":"d","2":"R","3":" ","4":"b","5":"i","6":"l","7":"l","8":"i","9":"n","level":"debug","message":"info","service":"telecom-billing","timestamp":"2025-12-12 19:37:39"}
{"0":"B","1":"a","10":"a","11":"n","12":"s","13":"a","14":"c","15":"t","16":"i","17":"o","18":"n","19":" ","2":"l","20":"r","21":"e","22":"c","23":"o","24":"r","25":"d","26":"e","27":"d","3":"a","4":"n","5":"c","6":"e","7":" ","8":"t","9":"r","level":"debug","message":"info","service":"telecom-billing","timestamp":"2025-12-12 19:37:39"}
{"0":"C","1":"D","10":"s","11":"e","12":"d","13":" ","14":"S","15":"u","16":"c","17":"c","18":"e","19":"s","2":"R","20":"s","21":"f","22":"u","23":"l","24":"l","25":"y","3":" ","4":"P","5":"r","6":"o","7":"c","8":"e","9":"s","level":"debug","message":"info","service":"telecom-billing","timestamp":"2025-12-12 19:37:39"}
{"0":"C","1":"u","10":"a","11":"l","12":"a","13":"n","14":"c","15":"e","16":" ","17":"u","18":"p","19":"d","2":"s","20":"a","21":"t","22":"e","23":"d","3":"t","4":"o","5":"m","6":"e","7":"r","8":" ","9":"b","level":"debug","message":"info","service":"telecom-billing","timestamp":"2025-12-12 19:37:39"}
{"0":"C","1":"D","10":"g","11":" ","12":"u","13":"p","14":"d","15":"a","16":"t","17":"e","18":"d","2":"R","3":" ","4":"b","5":"i","6":"l","7":"l","8":"i","9":"n","level":"debug","message":"info","service":"telecom-billing","timestamp":"2025-12-12 19:37:39"}
{"0":"B","1":"a","10":"a","11":"n","12":"s","13":"a","14":"c","15":"t","16":"i","17":"o","18":"n","19":" ","2":"l","20":"r","21":"e","22":"c","23":"o","24":"r","25":"d","26":"e","27":"d","3":"a","4":"n","5":"c","6":"e","7":" ","8":"t","9":"r","level":"debug","message":"info","service":"telecom-billing","timestamp":"2025-12-12 19:37:39"}
{"0":"C","1":"D","10":"s","11":"e","12":"d","13":" ","14":"S","15":"u","16":"c","17":"c","18":"e","19":"s","2":"R","20":"s","21":"f","22":"u","23":"l","24":"l","25":"y","3":" ","4":"P","5":"r","6":"o","7":"c","8":"e","9":"s","level":"debug","message":"info","service":"telecom-billing","timestamp":"2025-12-12 19:37:39"}
{"0":"C","1":"u","10":"a","11":"l","12":"a","13":"n","14":"c","15":"e","16":" ","17":"u","18":"p","19":"d","2":"s","20":"a","21":"t","22":"e","23":"d","3":"t","4":"o","5":"m","6":"e","7":"r","8":" ","9":"b","level":"debug","message":"info","service":"telecom-billing","timestamp":"2025-12-12 19:37:39"}
{"0":"C","1":"D","10":"g","11":" ","12":"u","13":"p","14":"d","15":"a","16":"t","17":"e","18":"d","2":"R","3":" ","4":"b","5":"i","6":"l","7":"l","8":"i","9":"n","level":"debug","message":"info","service":"telecom-billing","timestamp":"2025-12-12 19:37:39"}
{"0":"B","1":"a","10":"a","11":"n","12":"s","13":"a","14":"c","15":"t","16":"i","17":"o","18":"n","19":" ","2":"l","20":"r","21":"e","22":"c","23":"o","24":"r","25":"d","26":"e","27":"d","3":"a","4":"n","5":"c","6":"e","7":" ","8":"t","9":"r","level":"debug","message":"info","service":"telecom-billing","timestamp":"2025-12-12 19:37:39"}
{"0":"C","1":"D","10":"s","11":"e","12":"d","13":" ","14":"S","15":"u","16":"c","17":"c","18":"e","19":"s","2":"R","20":"s","21":"f","22":"u","23":"l","24":"l","25":"y","3":" ","4":"P","5":"r","6":"o","7":"c","8":"e","9":"s","level":"debug","message":"info","service":"telecom-billing","timestamp":"2025-12-12 19:37:39"}
{"0":"C","1":"u","10":"a","11":"l","12":"a","13":"n","14":"c","15":"e","16":" ","17":"u","18":"p","19":"d","2":"s","20":"a","21":"t","22":"e","23":"d","3":"t","4":"o","5":"m","6":"e","7":"r","8":" ","9":"b","level":"debug","message":"info","service":"telecom-billing","timestamp":"2025-12-12 19:37:39"}
{"0":"C","1":"D","10":"g","11":" ","12":"u","13":"p","14":"d","15":"a","16":"t","17":"e","18":"d","2":"R","3":" ","4":"b","5":"i","6":"l","7":"l","8":"i","9":"n","level":"debug","message":"info","service":"telecom-billing","timestamp":"2025-12-12 19:37:39"}
{"0":"B","1":"a","10":"a","11":"n","12":"s","13":"a","14":"c","15":"t","16":"i","17":"o","18":"n","19":" ","2":"l","20":"r","21":"e","22":"c","23":"o","24":"r","25":"d","26":"e","27":"d","3":"a","4":"n","5":"c","6":"e","7":" ","8":"t","9":"r","level":"debug","message":"info","service":"telecom-billing","timestamp":"2025-12-12 19:37:39"}
{"0":"C","1":"D","10":"s","11":"e","12":"d","13":" ","14":"S","15":"u","16":"c","17":"c","18":"e","19":"s","2":"R","20":"s","21":"f","22":"u","23":"l","24":"l","25":"y","3":" ","4":"P","5":"r","6":"o","7":"c","8":"e","9":"s","level":"debug","message":"info","service":"telecom-billing","timestamp":"2025-12-12 19:37:39"}
{"0":"C","1":"u","10":"a","11":"l","12":"a","13":"n","14":"c","15":"e","16":" ","17":"u","18":"p","19":"d","2":"s","20":"a","21":"t","22":"e","23":"d","3":"t","4":"o","5":"m","6":"e","7":"r","8":" ","9":"b","level":"debug","message":"info","service":"telecom-billing","timestamp":"2025-12-12 19:37:39"}
{"0":"C","1":"D","10":"g","11":" ","12":"u","13":"p","14":"d","15":"a","16":"t","17":"e","18":"d","2":"R","3":" ","4":"b","5":"i","6":"l","7":"l","8":"i","9":"n","level":"debug","message":"info","service":"telecom-billing","timestamp":"2025-12-12 19:37:39"}
{"0":"B","1":"a","10":"a","11":"n","12":"s","13":"a","14":"c","15":"t","16":"i","17":"o","18":"n","19":" ","2":"l","20":"r","21":"e","22":"c","23":"o","24":"r","25":"d","26":"e","27":"d","3":"a","4":"n","5":"c","6":"e","7":" ","8":"t","9":"r","level":"debug","message":"info","service":"telecom-billing","timestamp":"2025-12-12 19:37:39"}
{"0":"C","1":"D","10":"s","11":"e","12":"d","13":" ","14":"S","15":"u","16":"c","17":"c","18":"e","19":"s","2":"R","20":"s","21":"f","22":"u","23":"l","24":"l","25":"y","3":" ","4":"P","5":"r","6":"o","7":"c","8":"e","9":"s","level":"debug","message":"info","service":"telecom-billing","timestamp":"2025-12-12 19:37:39"}
{"0":"C","1":"u","10":"a","11":"l","12":"a","13":"n","14":"c","15":"e","16":" ","17":"u","18":"p","19":"d","2":"s","20":"a","21":"t","22":"e","23":"d","3":"t","4":"o","5":"m","6":"e","7":"r","8":" ","9":"b","level":"debug","message":"info","service":"telecom-billing","timestamp":"2025-12-12 19:37:39"}
{"0":"C","1":"D","10":"g","11":" ","12":"u","13":"p","14":"d","15":"a","16":"t","17":"e","18":"d","2":"R","3":" ","4":"b","5":"i","6":"l","7":"l","8":"i","9":"n","level":"debug","message":"info","service":"telecom-billing","timestamp":"2025-12-12 19:37:39"}
{"0":"B","1":"a","10":"a","11":"n","12":"s","13":"a","14":"c","15":"t","16":"i","17":"o","18":"n","19":" ","2":"l","20":"r","21":"e","22":"c","23":"o","24":"r","25":"d","26":"e","27":"d","3":"a","4":"n","5":"c","6":"e","7":" ","8":"t","9":"r","level":"debug","message":"info","service":"telecom-billing","timestamp":"2025-12-12 19:37:39"}
{"0":"C","1":"D","10":"s","11":"e","12":"d","13":" ","14":"S","15":"u","16":"c","17":"c","18":"e","19":"s","2":"R","20":"s","21":"f","22":"u","23":"l","24":"l","25":"y","3":" ","4":"P","5":"r","6":"o","7":"c","8":"e","9":"s","level":"debug","message":"info","service":"telecom-billing","timestamp":"2025-12-12 19:37:39"}
{"0":"C","1":"u","10":"a","11":"l","12":"a","13":"n","14":"c","15":"e","16":" ","17":"u","18":"p","19":"d","2":"s","20":"a","21":"t","22":"e","23":"d","3":"t","4":"o","5":"m","6":"e","7":"r","8":" ","9":"b","level":"debug","message":"info","service":"telecom-billing","timestamp":"2025-12-12 19:37:39"}
{"0":"C","1":"D","10":"g","11":" ","12":"u","13":"p","14":"d","15":"a","16":"t","17":"e","18":"d","2":"R","3":" ","4":"b","5":"i","6":"l","7":"l","8":"i","9":"n","level":"debug","message":"info","service":"telecom-billing","timestamp":"2025-12-12 19:37:39"}
{"0":"B","1":"a","10":"a","11":"n","12":"s","13":"a","14":"c","15":"t","16":"i","17":"o","18":"n","19":" ","2":"l","20":"r","21":"e","22":"c","23":"o","24":"r","25":"d","26":"e","27":"d","3":"a","4":"n","5":"c","6":"e","7":" ","8":"t","9":"r","level":"debug","message":"info","service":"telecom-billing","timestamp":"2025-12-12 19:37:39"}
{"0":"C","1":"D","10":"s","11":"e","12":"d","13":" ","14":"S","15":"u","16":"c","17":"c","18":"e","19":"s","2":"R","20":"s","21":"f","22":"u","23":"l","24":"l","25":"y","3":" ","4":"P","5":"r","6":"o","7":"c","8":"e","9":"s","level":"debug","message":"info","service":"telecom-billing","timestamp":"2025-12-12 19:37:39"}
{"0":"C","1":"u","10":"a","11":"l","12":"a","13":"n","14":"c","15":"e","16":" ","17":"u","18":"p","19":"d","2":"s","20":"a","21":"t","22":"e","23":"d","3":"t","4":"o","5":"m","6":"e","7":"r","8":" ","9":"b","level":"debug","message":"info","service":"telecom-billing","timestamp":"2025-12-12 19:37:39"}
{"0":"C","1":"D","10":"g","11":" ","12":"u","13":"p","14":"d","15":"a","16":"t","17":"e","18":"d","2":"R","3":" ","4":"b","5":"i","6":"l","7":"l","8":"i","9":"n","level":"debug","message":"info","service":"telecom-billing","timestamp":"2025-12-12 19:37:39"}
{"0":"B","1":"a","10":"a","11":"n","12":"s","13":"a","14":"c","15":"t","16":"i","17":"o","18":"n","19":" ","2":"l","20":"r","21":"e","22":"c","23":"o","24":"r","25":"d","26":"e","27":"d","3":"a","4":"n","5":"c","6":"e","7":" ","8":"t","9":"r","level":"debug","message":"info","service":"telecom-billing","timestamp":"2025-12-12 19:37:39"}
{"0":"C","1":"D","10":"s","11":"e","12":"d","13":" ","14":"S","15":"u","16":"c","17":"c","18":"e","19":"s","2":"R","20":"s","21":"f","22":"u","23":"l","24":"l","25":"y","3":" ","4":"P","5":"r","6":"o","7":"c","8":"e","9":"s","level":"debug","message":"info","service":"telecom-billing","timestamp":"2025-12-12 19:37:39"}
{"0":"C","1":"u","10":"a","11":"l","12":"a","13":"n","14":"c","15":"e","16":" ","17":"u","18":"p","19":"d","2":"s","20":"a","21":"t","22":"e","23":"d","3":"t","4":"o","5":"m","6":"e","7":"r","8":" ","9":"b","level":"debug","message":"info","service":"telecom-billing","timestamp":"2025-12-12 19:37:39"}
{"0":"C","1":"D","10":"g","11":" ","12":"u","13":"p","14":"d","15":"a","16":"t","17":"e","18":"d","2":"R","3":" ","4":"b","5":"i","6":"l","7":"l","8":"i","9":"n","level":"debug","message":"info","service":"telecom-billing","timestamp":"2025-12-12 19:37:39"}
{"0":"B","1":"a","10":"a","11":"n","12":"s","13":"a","14":"c","15":"t","16":"i","17":"o","18":"n","19":" ","2":"l","20":"r","21":"e","22":"c","23":"o","24":"r","25":"d","26":"e","27":"d","3":"a","4":"n","5":"c","6":"e","7":" ","8":"t","9":"r","level":"debug","message":"info","service":"telecom-billing","timestamp":"2025-12-12 19:37:39"}
{"0":"C","1":"D","10":"s","11":"e","12":"d","13":" ","14":"S","15":"u","16":"c","17":"c","18":"e","19":"s","2":"R","20":"s","21":"f","22":"u","23":"l","24":"l","25":"y","3":" ","4":"P","5":"r","6":"o","7":"c","8":"e","9":"s","level":"debug","message":"info","service":"telecom-billing","timestamp":"2025-12-12 19:37:39"}
{"0":"C","1":"u","10":"a","11":"l","12":"a","13":"n","14":"c","15":"e","16":" ","17":"u","18":"p","19":"d","2":"s","20":"a","21":"t","22":"e","23":"d","3":"t","4":"o","5":"m","6":"e","7":"r","8":" ","9":"b","level":"debug","message":"info","service":"telecom-billing","timestamp":"2025-12-12 19:37:39"}
{"0":"C","1":"D","10":"g","11":" ","12":"u","13":"p","14":"d","15":"a","16":"t","17":"e","18":"d","2":"R","3":" ","4":"b","5":"i","6":"l","7":"l","8":"i","9":"n","level":"debug","message":"info","service":"telecom-billing","timestamp":"2025-12-12 19:37:39"}
{"0":"B","1":"a","10":"a","11":"n","12":"s","13":"a","14":"c","15":"t","16":"i","17":"o","18":"n","19":" ","2":"l","20":"r","21":"e","22":"c","23":"o","24":"r","25":"d","26":"e","27":"d","3":"a","4":"n","5":"c","6":"e","7":" ","8":"t","9":"r","level":"debug","message":"info","service":"telecom-billing","timestamp":"2025-12-12 19:37:39"}
{"0":"C","1":"D","10":"s","11":"e","12":"d","13":" ","14":"S","15":"u","16":"c","17":"c","18":"e","19":"s","2":"R","20":"s","21":"f","22":"u","23":"l","24":"l","25":"y","3":" ","4":"P","5":"r","6":"o","7":"c","8":"e","9":"s","level":"debug","message":"info","service":"telecom-billing","timestamp":"2025-12-12 19:37:39"}
{"0":"C","1":"u","10":"a","11":"l","12":"a","13":"n","14":"c","15":"e","16":" ","17":"u","18":"p","19":"d","2":"s","20":"a","21":"t","22":"e","23":"d","3":"t","4":"o","5":"m","6":"e","7":"r","8":" ","9":"b","level":"debug","message":"info","service":"telecom-billing","timestamp":"2025-12-12 19:37:39"}
{"0":"C","1":"D","10":"g","11":" ","12":"u","13":"p","14":"d","15":"a","16":"t","17":"e","18":"d","2":"R","3":" ","4":"b","5":"i","6":"l","7":"l","8":"i","9":"n","level":"debug","message":"info","service":"telecom-billing","timestamp":"2025-12-12 19:37:39"}
{"0":"B","1":"a","10":"a","11":"n","12":"s","13":"a","14":"c","15":"t","16":"i","17":"o","18":"n","19":" ","2":"l","20":"r","21":"e","22":"c","23":"o","24":"r","25":"d","26":"e","27":"d","3":"a","4":"n","5":"c","6":"e","7":" ","8":"t","9":"r","level":"debug","message":"info","service":"telecom-billing","timestamp":"2025-12-12 19:37:39"}
{"0":"C","1":"D","10":"s","11":"e","12":"d","13":" ","14":"S","15":"u","16":"c","17":"c","18":"e","19":"s","2":"R","20":"s","21":"f","22":"u","23":"l","24":"l","25":"y","3":" ","4":"P","5":"r","6":"o","7":"c","8":"e","9":"s","level":"debug","message":"info","service":"telecom-billing","timestamp":"2025-12-12 19:37:39"}
{"0":"C","1":"u","10":"a","11":"l","12":"a","13":"n","14":"c","15":"e","16":" ","17":"u","18":"p","19":"d","2":"s","20":"a","21":"t","22":"e","23":"d","3":"t","4":"o","5":"m","6":"e","7":"r","8":" ","9":"b","level":"debug","message":"info","service":"telecom-billing","timestamp":"2025-12-12 19:37:40"}
{"0":"C","1":"D","10":"g","11":" ","12":"u","13":"p","14":"d","15":"a","16":"t","17":"e","18":"d","2":"R","3":" ","4":"b","5":"i","6":"l","7":"l","8":"i","9":"n","level":"debug","message":"info","service":"telecom-billing","timestamp":"2025-12-12 19:37:40"}
{"0":"B","1":"a","10":"a","11":"n","12":"s","13":"a","14":"c","15":"t","16":"i","17":"o","18":"n","19":" ","2":"l","20":"r","21":"e","22":"c","23":"o","24":"r","25":"d","26":"e","27":"d","3":"a","4":"n","5":"c","6":"e","7":" ","8":"t","9":"r","level":"debug","message":"info","service":"telecom-billing","timestamp":"2025-12-12 19:37:40"}
{"0":"C","1":"D","10":"s","11":"e","12":"d","13":" ","14":"S","15":"u","16":"c","17":"c","18":"e","19":"s","2":"R","20":"s","21":"f","22":"u","23":"l","24":"l","25":"y","3":" ","4":"P","5":"r","6":"o","7":"c","8":"e","9":"s","level":"debug","message":"info","service":"telecom-billing","timestamp":"2025-12-12 19:37:40"}
{"0":"B","1":"a","10":"P","11":"r","12":"o","13":"c","14":"e","15":"s","16":"s","17":"i","18":"n","19":"g","2":"t","20":" ","21":"C","22":"o","23":"m","24":"p","25":"l","26":"e","27":"t","28":"e","3":"c","4":"h","5":" ","6":"C","7":"D","8":"R","9":" ","level":"debug","message":"info","service":"telecom-billing","timestamp":"2025-12-12 19:37:40"}
{"0":"I","1":"n","10":"e","11":"a","12":"t","13":"e","14":"d","2":"v","3":"o","4":"i","5":"c","6":"e","7":" ","8":"c","9":"r","level":"debug","message":"info","service":"telecom-billing","timestamp":"2025-12-12 19:37:40"}
{"0":"I","1":"n","10":"n","11":"e","12":" ","13":"i","14":"t","15":"e","16":"m","17":" ","18":"c","19":"r","2":"v","20":"e","21":"a","22":"t","23":"e","24":"d","3":"o","4":"i","5":"c","6":"e","7":" ","8":"l","9":"i","level":"debug","message":"info","service":"telecom-billing","timestamp":"2025-12-12 19:37:40"}
{"0":"I","1":"n","10":"n","11":"e","12":" ","13":"i","14":"t","15":"e","16":"m","17":" ","18":"c","19":"r","2":"v","20":"e","21":"a","22":"t","23":"e","24":"d","3":"o","4":"i","5":"c","6":"e","7":" ","8":"l","9":"i","level":"debug","message":"info","service":"telecom-billing","timestamp":"2025-12-12 19:37:40"}
{"0":"I","1":"n","10":"n","11":"e","12":" ","13":"i","14":"t","15":"e","16":"m","17":" ","18":"c","19":"r","2":"v","20":"e","21":"a","22":"t","23":"e","24":"d","3":"o","4":"i","5":"c","6":"e","7":" ","8":"l","9":"i","level":"debug","message":"info","service":"telecom-billing","timestamp":"2025-12-12 19:37:40"}
{"0":"I","1":"n","10":"n","11":"e","12":" ","13":"i","14":"t","15":"e","16":"m","17":" ","18":"c","19":"r","2":"v","20":"e","21":"a","22":"t","23":"e","24":"d","3":"o","4":"i","5":"c","6":"e","7":" ","8":"l","9":"i","level":"debug","message":"info","service":"telecom-billing","timestamp":"2025-12-12 19:37:40"}
{"0":"I","1":"n","10":"n","11":"e","12":" ","13":"i","14":"t","15":"e","16":"m","17":" ","18":"c","19":"r","2":"v","20":"e","21":"a","22":"t","23":"e","24":"d","3":"o","4":"i","5":"c","6":"e","7":" ","8":"l","9":"i","level":"debug","message":"info","service":"telecom-billing","timestamp":"2025-12-12 19:37:40"}
{"0":"I","1":"n","10":"n","11":"e","12":" ","13":"i","14":"t","15":"e","16":"m","17":" ","18":"c","19":"r","2":"v","20":"e","21":"a","22":"t","23":"e","24":"d","3":"o","4":"i","5":"c","6":"e","7":" ","8":"l","9":"i","level":"debug","message":"info","service":"telecom-billing","timestamp":"2025-12-12 19:37:40"}
{"0":"I","1":"n","10":"n","11":"e","12":" ","13":"i","14":"t","15":"e","16":"m","17":" ","18":"c","19":"r","2":"v","20":"e","21":"a","22":"t","23":"e","24":"d","3":"o","4":"i","5":"c","6":"e","7":" ","8":"l","9":"i","level":"debug","message":"info","service":"telecom-billing","timestamp":"2025-12-12 19:37:40"}
{"0":"I","1":"n","10":"n","11":"e","12":" ","13":"i","14":"t","15":"e","16":"m","17":" ","18":"c","19":"r","2":"v","20":"e","21":"a","22":"t","23":"e","24":"d","3":"o","4":"i","5":"c","6":"e","7":" ","8":"l","9":"i","level":"debug","message":"info","service":"telecom-billing","timestamp":"2025-12-12 19:37:40"}
{"0":"I","1":"n","10":"n","11":"e","12":" ","13":"i","14":"t","15":"e","16":"m","17":" ","18":"c","19":"r","2":"v","20":"e","21":"a","22":"t","23":"e","24":"d","3":"o","4":"i","5":"c","6":"e","7":" ","8":"l","9":"i","level":"debug","message":"info","service":"telecom-billing","timestamp":"2025-12-12 19:37:40"}
{"0":"I","1":"n","10":"n","11":"e","12":" ","13":"i","14":"t","15":"e","16":"m","17":" ","18":"c","19":"r","2":"v","20":"e","21":"a","22":"t","23":"e","24":"d","3":"o","4":"i","5":"c","6":"e","7":" ","8":"l","9":"i","level":"debug","message":"info","service":"telecom-billing","timestamp":"2025-12-12 19:37:40"}
{"0":"I","1":"n","10":"n","11":"e","12":" ","13":"i","14":"t","15":"e","16":"m","17":" ","18":"c","19":"r","2":"v","20":"e","21":"a","22":"t","23":"e","24":"d","3":"o","4":"i","5":"c","6":"e","7":" ","8":"l","9":"i","level":"debug","message":"info","service":"telecom-billing","timestamp":"2025-12-12 19:37:40"}
{"0":"I","1":"n","10":"n","11":"e","12":" ","13":"i","14":"t","15":"e","16":"m","17":" ","18":"c","19":"r","2":"v","20":"e","21":"a","22":"t","23":"e","24":"d","3":"o","4":"i","5":"c","6":"e","7":" ","8":"l","9":"i","level":"debug","message":"info","service":"telecom-billing","timestamp":"2025-12-12 19:37:40"}
{"0":"I","1":"n","10":"n","11":"e","12":" ","13":"i","14":"t","15":"e","16":"m","17":" ","18":"c","19":"r","2":"v","20":"e","21":"a","22":"t","23":"e","24":"d","3":"o","4":"i","5":"c","6":"e","7":" ","8":"l","9":"i","level":"debug","message":"info","service":"telecom-billing","timestamp":"2025-12-12 19:37:40"}
{"0":"I","1":"n","10":"n","11":"e","12":" ","13":"i","14":"t","15":"e","16":"m","17":" ","18":"c","19":"r","2":"v","20":"e","21":"a","22":"t","23":"e","24":"d","3":"o","4":"i","5":"c","6":"e","7":" ","8":"l","9":"i","level":"debug","message":"info","service":"telecom-billing","timestamp":"2025-12-12 19:37:40"}
{"0":"I","1":"n","10":"n","11":"e","12":" ","13":"i","14":"t","15":"e","16":"m","17":" ","18":"c","19":"r","2":"v","20":"e","21":"a","22":"t","23":"e","24":"d","3":"o","4":"i","5":"c","6":"e","7":" ","8":"l","9":"i","level":"debug","message":"info","service":"telecom-billing","timestamp":"2025-12-12 19:37:40"}
{"0":"I","1":"n","10":"n","11":"e","12":" ","13":"i","14":"t","15":"e","16":"m","17":" ","18":"c","19":"r","2":"v","20":"e","21":"a","22":"t","23":"e","24":"d","3":"o","4":"i","5":"c","6":"e","7":" ","8":"l","9":"i","level":"debug","message":"info","service":"telecom-billing","timestamp":"2025-12-12 19:37:40"}
{"0":"I","1":"n","10":"n","11":"e","12":" ","13":"i","14":"t","15":"e","16":"m","17":" ","18":"c","19":"r","2":"v","20":"e","21":"a","22":"t","23":"e","24":"d","3":"o","4":"i","5":"c","6":"e","7":" ","8":"l","9":"i","level":"debug","message":"info","service":"telecom-billing","timestamp":"2025-12-12 19:37:40"}
{"0":"I","1":"n","10":"n","11":"e","12":" ","13":"i","14":"t","15":"e","16":"m","17":" ","18":"c","19":"r","2":"v","20":"e","21":"a","22":"t","23":"e","24":"d","3":"o","4":"i","5":"c","6":"e","7":" ","8":"l","9":"i","level":"debug","message":"info","service":"telecom-billing","timestamp":"2025-12-12 19:37:40"}
{"0":"I","1":"n","10":"n","11":"e","12":" ","13":"i","14":"t","15":"e","16":"m","17":" ","18":"c","19":"r","2":"v","20":"e","21":"a","22":"t","23":"e","24":"d","3":"o","4":"i","5":"c","6":"e","7":" ","8":"l","9":"i","level":"debug","message":"info","service":"telecom-billing","timestamp":"2025-12-12 19:37:40"}
{"0":"I","1":"n","10":"n","11":"e","12":" ","13":"i","14":"t","15":"e","16":"m","17":" ","18":"c","19":"r","2":"v","20":"e","21":"a","22":"t","23":"e","24":"d","3":"o","4":"i","5":"c","6":"e","7":" ","8":"l","9":"i","level":"debug","message":"info","service":"telecom-billing","timestamp":"2025-12-12 19:37:40"}
{"0":"I","1":"n","10":"n","11":"e","12":" ","13":"i","14":"t","15":"e","16":"m","17":" ","18":"c","19":"r","2":"v","20":"e","21":"a","22":"t","23":"e","24":"d","3":"o","4":"i","5":"c","6":"e","7":" ","8":"l","9":"i","level":"debug","message":"info","service":"telecom-billing","timestamp":"2025-12-12 19:37:40"}
{"0":"I","1":"n","10":"n","11":"e","12":" ","13":"i","14":"t","15":"e","16":"m","17":" ","18":"c","19":"r","2":"v","20":"e","21":"a","22":"t","23":"e","24":"d","3":"o","4":"i","5":"c","6":"e","7":" ","8":"l","9":"i","level":"debug","message":"info","service":"telecom-billing","timestamp":"2025-12-12 19:37:40"}
{"0":"I","1":"n","10":"n","11":"e","12":" ","13":"i","14":"t","15":"e","16":"m","17":" ","18":"c","19":"r","2":"v","20":"e","21":"a","22":"t","23":"e","24":"d","3":"o","4":"i","5":"c","6":"e","7":" ","8":"l","9":"i","level":"debug","message":"info","service":"telecom-billing","timestamp":"2025-12-12 19:37:40"}
{"0":"I","1":"n","10":"n","11":"e","12":" ","13":"i","14":"t","15":"e","16":"m","17":" ","18":"c","19":"r","2":"v","20":"e","21":"a","22":"t","23":"e","24":"d","3":"o","4":"i","5":"c","6":"e","7":" ","8":"l","9":"i","level":"debug","message":"info","service":"telecom-billing","timestamp":"2025-12-12 19:37:40"}
{"0":"I","1":"n","10":"n","11":"e","12":" ","13":"i","14":"t","15":"e","16":"m","17":" ","18":"c","19":"r","2":"v","20":"e","21":"a","22":"t","23":"e","24":"d","3":"o","4":"i","5":"c","6":"e","7":" ","8":"l","9":"i","level":"debug","message":"info","service":"telecom-billing","timestamp":"2025-12-12 19:37:40"}
{"0":"I","1":"n","10":"n","11":"e","12":" ","13":"i","14":"t","15":"e","16":"m","17":" ","18":"c","19":"r","2":"v","20":"e","21":"a","22":"t","23":"e","24":"d","3":"o","4":"i","5":"c","6":"e","7":" ","8":"l","9":"i","level":"debug","message":"info","service":"telecom-billing","timestamp":"2025-12-12 19:37:40"}
{"0":"I","1":"n","10":"n","11":"e","12":" ","13":"i","14":"t","15":"e","16":"m","17":" ","18":"c","19":"r","2":"v","20":"e","21":"a","22":"t","23":"e","24":"d","3":"o","4":"i","5":"c","6":"e","7":" ","8":"l","9":"i","level":"debug","message":"info","service":"telecom-billing","timestamp":"2025-12-12 19:37:40"}
{"0":"I","1":"n","10":"n","11":"e","12":" ","13":"i","14":"t","15":"e","16":"m","17":" ","18":"c","19":"r","2":"v","20":"e","21":"a","22":"t","23":"e","24":"d","3":"o","4":"i","5":"c","6":"e","7":" ","8":"l","9":"i","level":"debug","message":"info","service":"telecom-billing","timestamp":"2025-12-12 19:37:40"}
{"0":"I","1":"n","10":"n","11":"e","12":" ","13":"i","14":"t","15":"e","16":"m","17":" ","18":"c","19":"r","2":"v","20":"e","21":"a","22":"t","23":"e","24":"d","3":"o","4":"i","5":"c","6":"e","7":" ","8":"l","9":"i","level":"debug","message":"info","service":"telecom-billing","timestamp":"2025-12-12 19:37:40"}
{"0":"I","1":"n","10":"n","11":"e","12":" ","13":"i","14":"t","15":"e","16":"m","17":" ","18":"c","19":"r","2":"v","20":"e","21":"a","22":"t","23":"e","24":"d","3":"o","4":"i","5":"c","6":"e","7":" ","8":"l","9":"i","level":"debug","message":"info","service":"telecom-billing","timestamp":"2025-12-12 19:37:40"}
{"0":"I","1":"n","10":"n","11":"e","12":" ","13":"i","14":"t","15":"e","16":"m","17":" ","18":"c","19":"r","2":"v","20":"e","21":"a","22":"t","23":"e","24":"d","3":"o","4":"i","5":"c","6":"e","7":" ","8":"l","9":"i","level":"debug","message":"info","service":"telecom-billing","timestamp":"2025-12-12 19:37:40"}
{"0":"I","1":"n","10":"n","11":"e","12":" ","13":"i","14":"t","15":"e","16":"m","17":" ","18":"c","19":"r","2":"v","20":"e","21":"a","22":"t","23":"e","24":"d","3":"o","4":"i","5":"c","6":"e","7":" ","8":"l","9":"i","level":"debug","message":"info","service":"telecom-billing","timestamp":"2025-12-12 19:37:40"}
{"0":"I","1":"n","10":"n","11":"e","12":" ","13":"i","14":"t","15":"e","16":"m","17":" ","18":"c","19":"r","2":"v","20":"e","21":"a","22":"t","23":"e","24":"d","3":"o","4":"i","5":"c","6":"e","7":" ","8":"l","9":"i","level":"debug","message":"info","service":"telecom-billing","timestamp":"2025-12-12 19:37:40"}
{"0":"I","1":"n","10":"n","11":"e","12":" ","13":"i","14":"t","15":"e","16":"m","17":" ","18":"c","19":"r","2":"v","20":"e","21":"a","22":"t","23":"e","24":"d","3":"o","4":"i","5":"c","6":"e","7":" ","8":"l","9":"i","level":"debug","message":"info","service":"telecom-billing","timestamp":"2025-12-12 19:37:40"}
{"0":"I","1":"n","10":"n","11":"e","12":" ","13":"i","14":"t","15":"e","16":"m","17":" ","18":"c","19":"r","2":"v","20":"e","21":"a","22":"t","23":"e","24":"d","3":"o","4":"i","5":"c","6":"e","7":" ","8":"l","9":"i","level":"debug","message":"info","service":"telecom-billing","timestamp":"2025-12-12 19:37:40"}
{"0":"I","1":"n","10":"n","11":"e","12":" ","13":"i","14":"t","15":"e","16":"m","17":" ","18":"c","19":"r","2":"v","20":"e","21":"a","22":"t","23":"e","24":"d","3":"o","4":"i","5":"c","6":"e","7":" ","8":"l","9":"i","level":"debug","message":"info","service":"telecom-billing","timestamp":"2025-12-12 19:37:40"}
{"0":"I","1":"n","10":"n","11":"e","12":" ","13":"i","14":"t","15":"e","16":"m","17":" ","18":"c","19":"r","2":"v","20":"e","21":"a","22":"t","23":"e","24":"d","3":"o","4":"i","5":"c","6":"e","7":" ","8":"l","9":"i","level":"debug","message":"info","service":"telecom-billing","timestamp":"2025-12-12 19:37:40"}
{"0":"I","1":"n","10":"n","11":"e","12":" ","13":"i","14":"t","15":"e","16":"m","17":" ","18":"c","19":"r","2":"v","20":"e","21":"a","22":"t","23":"e","24":"d","3":"o","4":"i","5":"c","6":"e","7":" ","8":"l","9":"i","level":"debug","message":"info","service":"telecom-billing","timestamp":"2025-12-12 19:37:40"}
{"0":"I","1":"n","10":"n","11":"e","12":" ","13":"i","14":"t","15":"e","16":"m","17":" ","18":"c","19":"r","2":"v","20":"e","21":"a","22":"t","23":"e","24":"d","3":"o","4":"i","5":"c","6":"e","7":" ","8":"l","9":"i","level":"debug","message":"info","service":"telecom-billing","timestamp":"2025-12-12 19:37:40"}
{"0":"I","1":"n","10":"n","11":"e","12":" ","13":"i","14":"t","15":"e","16":"m","17":" ","18":"c","19":"r","2":"v","20":"e","21":"a","22":"t","23":"e","24":"d","3":"o","4":"i","5":"c","6":"e","7":" ","8":"l","9":"i","level":"debug","message":"info","service":"telecom-billing","timestamp":"2025-12-12 19:37:40"}
{"0":"I","1":"n","10":"n","11":"e","12":" ","13":"i","14":"t","15":"e","16":"m","17":" ","18":"c","19":"r","2":"v","20":"e","21":"a","22":"t","23":"e","24":"d","3":"o","4":"i","5":"c","6":"e","7":" ","8":"l","9":"i","level":"debug","message":"info","service":"telecom-billing","timestamp":"2025-12-12 19:37:40"}
{"0":"I","1":"n","10":"n","11":"e","12":" ","13":"i","14":"t","15":"e","16":"m","17":" ","18":"c","19":"r","2":"v","20":"e","21":"a","22":"t","23":"e","24":"d","3":"o","4":"i","5":"c","6":"e","7":" ","8":"l","9":"i","level":"debug","message":"info","service":"telecom-billing","timestamp":"2025-12-12 19:37:40"}
{"0":"I","1":"n","10":"n","11":"e","12":" ","13":"i","14":"t","15":"e","16":"m","17":" ","18":"c","19":"r","2":"v","20":"e","21":"a","22":"t","23":"e","24":"d","3":"o","4":"i","5":"c","6":"e","7":" ","8":"l","9":"i","level":"debug","message":"info","service":"telecom-billing","timestamp":"2025-12-12 19:37:40"}
{"0":"I","1":"n","10":"n","11":"e","12":" ","13":"i","14":"t","15":"e","16":"m","17":" ","18":"c","19":"r","2":"v","20":"e","21":"a","22":"t","23":"e","24":"d","3":"o","4":"i","5":"c","6":"e","7":" ","8":"l","9":"i","level":"debug","message":"info","service":"telecom-billing","timestamp":"2025-12-12 19:37:40"}
{"0":"I","1":"n","10":"n","11":"e","12":" ","13":"i","14":"t","15":"e","16":"m","17":" ","18":"c","19":"r","2":"v","20":"e","21":"a","22":"t","23":"e","24":"d","3":"o","4":"i","5":"c","6":"e","7":" ","8":"l","9":"i","level":"debug","message":"info","service":"telecom-billing","timestamp":"2025-12-12 19:37:40"}
{"0":"I","1":"n","10":"n","11":"e","12":" ","13":"i","14":"t","15":"e","16":"m","17":" ","18":"c","19":"r","2":"v","20":"e","21":"a","22":"t","23":"e","24":"d","3":"o","4":"i","5":"c","6":"e","7":" ","8":"l","9":"i","level":"debug","message":"info","service":"telecom-billing","timestamp":"2025-12-12 19:37:40"}
{"0":"I","1":"n","10":"n","11":"e","12":" ","13":"i","14":"t","15":"e","16":"m","17":" ","18":"c","19":"r","2":"v","20":"e","21":"a","22":"t","23":"e","24":"d","3":"o","4":"i","5":"c","6":"e","7":" ","8":"l","9":"i","level":"debug","message":"info","service":"telecom-billing","timestamp":"2025-12-12 19:37:40"}
{"0":"I","1":"n","10":"n","11":"e","12":" ","13":"i","14":"t","15":"e","16":"m","17":" ","18":"c","19":"r","2":"v","20":"e","21":"a","22":"t","23":"e","24":"d","3":"o","4":"i","5":"c","6":"e","7":" ","8":"l","9":"i","level":"debug","message":"info","service":"telecom-billing","timestamp":"2025-12-12 19:37:40"}
{"0":"I","1":"n","10":"n","11":"e","12":" ","13":"i","14":"t","15":"e","16":"m","17":" ","18":"c","19":"r","2":"v","20":"e","21":"a","22":"t","23":"e","24":"d","3":"o","4":"i","5":"c","6":"e","7":" ","8":"l","9":"i","level":"debug","message":"info","service":"telecom-billing","timestamp":"2025-12-12 19:37:40"}
{"0":"I","1":"n","10":"n","11":"e","12":" ","13":"i","14":"t","15":"e","16":"m","17":" ","18":"c","19":"r","2":"v","20":"e","21":"a","22":"t","23":"e","24":"d","3":"o","4":"i","5":"c","6":"e","7":" ","8":"l","9":"i","level":"debug","message":"info","service":"telecom-billing","timestamp":"2025-12-12 19:37:40"}
{"0":"I","1":"n","10":"n","11":"e","12":" ","13":"i","14":"t","15":"e","16":"m","17":" ","18":"c","19":"r","2":"v","20":"e","21":"a","22":"t","23":"e","24":"d","3":"o","4":"i","5":"c","6":"e","7":" ","8":"l","9":"i","level":"debug","message":"info","service":"telecom-billing","timestamp":"2025-12-12 19:37:40"}
{"0":"I","1":"n","10":"n","11":"e","12":" ","13":"i","14":"t","15":"e","16":"m","17":" ","18":"c","19":"r","2":"v","20":"e","21":"a","22":"t","23":"e","24":"d","3":"o","4":"i","5":"c","6":"e","7":" ","8":"l","9":"i","level":"debug","message":"info","service":"telecom-billing","timestamp":"2025-12-12 19:37:40"}
{"0":"I","1":"n","10":"n","11":"e","12":" ","13":"i","14":"t","15":"e","16":"m","17":" ","18":"c","19":"r","2":"v","20":"e","21":"a","22":"t","23":"e","24":"d","3":"o","4":"i","5":"c","6":"e","7":" ","8":"l","9":"i","level":"debug","message":"info","service":"telecom-billing","timestamp":"2025-12-12 19:37:40"}
{"0":"I","1":"n","10":"n","11":"e","12":" ","13":"i","14":"t","15":"e","16":"m","17":" ","18":"c","19":"r","2":"v","20":"e","21":"a","22":"t","23":"e","24":"d","3":"o","4":"i","5":"c","6":"e","7":" ","8":"l","9":"i","level":"debug","message":"info","service":"telecom-billing","timestamp":"2025-12-12 19:37:40"}
{"0":"I","1":"n","10":"n","11":"e","12":" ","13":"i","14":"t","15":"e","16":"m","17":" ","18":"c","19":"r","2":"v","20":"e","21":"a","22":"t","23":"e","24":"d","3":"o","4":"i","5":"c","6":"e","7":" ","8":"l","9":"i","level":"debug","message":"info","service":"telecom-billing","timestamp":"2025-12-12 19:37:40"}
{"0":"I","1":"n","10":"n","11":"e","12":" ","13":"i","14":"t","15":"e","16":"m","17":" ","18":"c","19":"r","2":"v","20":"e","21":"a","22":"t","23":"e","24":"d","3":"o","4":"i","5":"c","6":"e","7":" ","8":"l","9":"i","level":"debug","message":"info","service":"telecom-billing","timestamp":"2025-12-12 19:37:40"}
{"0":"I","1":"n","10":"n","11":"e","12":" ","13":"i","14":"t","15":"e","16":"m","17":" ","18":"c","19":"r","2":"v","20":"e","21":"a","22":"t","23":"e","24":"d","3":"o","4":"i","5":"c","6":"e","7":" ","8":"l","9":"i","level":"debug","message":"info","service":"telecom-billing","timestamp":"2025-12-12 19:37:40"}
{"0":"I","1":"n","10":"n","11":"e","12":" ","13":"i","14":"t","15":"e","16":"m","17":" ","18":"c","19":"r","2":"v","20":"e","21":"a","22":"t","23":"e","24":"d","3":"o","4":"i","5":"c","6":"e","7":" ","8":"l","9":"i","level":"debug","message":"info","service":"telecom-billing","timestamp":"2025-12-12 19:37:40"}
{"0":"I","1":"n","10":"n","11":"e","12":" ","13":"i","14":"t","15":"e","16":"m","17":" ","18":"c","19":"r","2":"v","20":"e","21":"a","22":"t","23":"e","24":"d","3":"o","4":"i","5":"c","6":"e","7":" ","8":"l","9":"i","level":"debug","message":"info","service":"telecom-billing","timestamp":"2025-12-12 19:37:40"}
{"0":"I","1":"n","10":"n","11":"e","12":" ","13":"i","14":"t","15":"e","16":"m","17":" ","18":"c","19":"r","2":"v","20":"e","21":"a","22":"t","23":"e","24":"d","3":"o","4":"i","5":"c","6":"e","7":" ","8":"l","9":"i","level":"debug","message":"info","service":"telecom-billing","timestamp":"2025-12-12 19:37:40"}
{"0":"I","1":"n","10":"n","11":"e","12":" ","13":"i","14":"t","15":"e","16":"m","17":" ","18":"c","19":"r","2":"v","20":"e","21":"a","22":"t","23":"e","24":"d","3":"o","4":"i","5":"c","6":"e","7":" ","8":"l","9":"i","level":"debug","message":"info","service":"telecom-billing","timestamp":"2025-12-12 19:37:40"}
{"0":"I","1":"n","10":"n","11":"e","12":" ","13":"i","14":"t","15":"e","16":"m","17":" ","18":"c","19":"r","2":"v","20":"e","21":"a","22":"t","23":"e","24":"d","3":"o","4":"i","5":"c","6":"e","7":" ","8":"l","9":"i","level":"debug","message":"info","service":"telecom-billing","timestamp":"2025-12-12 19:37:40"}
{"0":"I","1":"n","10":"n","11":"e","12":" ","13":"i","14":"t","15":"e","16":"m","17":" ","18":"c","19":"r","2":"v","20":"e","21":"a","22":"t","23":"e","24":"d","3":"o","4":"i","5":"c","6":"e","7":" ","8":"l","9":"i","level":"debug","message":"info","service":"telecom-billing","timestamp":"2025-12-12 19:37:40"}
{"0":"I","1":"n","10":"n","11":"e","12":" ","13":"i","14":"t","15":"e","16":"m","17":" ","18":"c","19":"r","2":"v","20":"e","21":"a","22":"t","23":"e","24":"d","3":"o","4":"i","5":"c","6":"e","7":" ","8":"l","9":"i","level":"debug","message":"info","service":"telecom-billing","timestamp":"2025-12-12 19:37:40"}
{"0":"I","1":"n","10":"n","11":"e","12":" ","13":"i","14":"t","15":"e","16":"m","17":" ","18":"c","19":"r","2":"v","20":"e","21":"a","22":"t","23":"e","24":"d","3":"o","4":"i","5":"c","6":"e","7":" ","8":"l","9":"i","level":"debug","message":"info","service":"telecom-billing","timestamp":"2025-12-12 19:37:40"}
{"0":"I","1":"n","10":"n","11":"e","12":" ","13":"i","14":"t","15":"e","16":"m","17":" ","18":"c","19":"r","2":"v","20":"e","21":"a","22":"t","23":"e","24":"d","3":"o","4":"i","5":"c","6":"e","7":" ","8":"l","9":"i","level":"debug","message":"info","service":"telecom-billing","timestamp":"2025-12-12 19:37:40"}
{"0":"I","1":"n","10":"n","11":"e","12":" ","13":"i","14":"t","15":"e","16":"m","17":" ","18":"c","19":"r","2":"v","20":"e","21":"a","22":"t","23":"e","24":"d","3":"o","4":"i","5":"c","6":"e","7":" ","8":"l","9":"i","level":"debug","message":"info","service":"telecom-billing","timestamp":"2025-12-12 19:37:40"}
{"0":"I","1":"n","10":"n","11":"e","12":" ","13":"i","14":"t","15":"e","16":"m","17":" ","18":"c","19":"r","2":"v","20":"e","21":"a","22":"t","23":"e","24":"d","3":"o","4":"i","5":"c","6":"e","7":" ","8":"l","9":"i","level":"debug","message":"info","service":"telecom-billing","timestamp":"2025-12-12 19:37:40"}
{"0":"I","1":"n","10":"n","11":"e","12":" ","13":"i","14":"t","15":"e","16":"m","17":" ","18":"c","19":"r","2":"v","20":"e","21":"a","22":"t","23":"e","24":"d","3":"o","4":"i","5":"c","6":"e","7":" ","8":"l","9":"i","level":"debug","message":"info","service":"telecom-billing","timestamp":"2025-12-12 19:37:40"}
{"0":"I","1":"n","10":"n","11":"e","12":" ","13":"i","14":"t","15":"e","16":"m","17":" ","18":"c","19":"r","2":"v","20":"e","21":"a","22":"t","23":"e","24":"d","3":"o","4":"i","5":"c","6":"e","7":" ","8":"l","9":"i","level":"debug","message":"info","service":"telecom-billing","timestamp":"2025-12-12 19:37:40"}
{"0":"I","1":"n","10":"n","11":"e","12":" ","13":"i","14":"t","15":"e","16":"m","17":" ","18":"c","19":"r","2":"v","20":"e","21":"a","22":"t","23":"e","24":"d","3":"o","4":"i","5":"c","6":"e","7":" ","8":"l","9":"i","level":"debug","message":"info","service":"telecom-billing","timestamp":"2025-12-12 19:37:40"}
{"0":"I","1":"n","10":"n","11":"e","12":" ","13":"i","14":"t","15":"e","16":"m","17":" ","18":"c","19":"r","2":"v","20":"e","21":"a","22":"t","23":"e","24":"d","3":"o","4":"i","5":"c","6":"e","7":" ","8":"l","9":"i","level":"debug","message":"info","service":"telecom-billing","timestamp":"2025-12-12 19:37:40"}
{"0":"I","1":"n","10":"n","11":"e","12":" ","13":"i","14":"t","15":"e","16":"m","17":" ","18":"c","19":"r","2":"v","20":"e","21":"a","22":"t","23":"e","24":"d","3":"o","4":"i","5":"c","6":"e","7":" ","8":"l","9":"i","level":"debug","message":"info","service":"telecom-billing","timestamp":"2025-12-12 19:37:40"}
{"0":"I","1":"n","10":"n","11":"e","12":" ","13":"i","14":"t","15":"e","16":"m","17":" ","18":"c","19":"r","2":"v","20":"e","21":"a","22":"t","23":"e","24":"d","3":"o","4":"i","5":"c","6":"e","7":" ","8":"l","9":"i","level":"debug","message":"info","service":"telecom-billing","timestamp":"2025-12-12 19:37:40"}
{"0":"I","1":"n","10":"n","11":"e","12":" ","13":"i","14":"t","15":"e","16":"m","17":" ","18":"c","19":"r","2":"v","20":"e","21":"a","22":"t","23":"e","24":"d","3":"o","4":"i","5":"c","6":"e","7":" ","8":"l","9":"i","level":"debug","message":"info","service":"telecom-billing","timestamp":"2025-12-12 19:37:40"}
{"0":"I","1":"n","10":"n","11":"e","12":" ","13":"i","14":"t","15":"e","16":"m","17":" ","18":"c","19":"r","2":"v","20":"e","21":"a","22":"t","23":"e","24":"d","3":"o","4":"i","5":"c","6":"e","7":" ","8":"l","9":"i","level":"debug","message":"info","service":"telecom-billing","timestamp":"2025-12-12 19:37:40"}
{"0":"I","1":"n","10":"n","11":"e","12":" ","13":"i","14":"t","15":"e","16":"m","17":" ","18":"c","19":"r","2":"v","20":"e","21":"a","22":"t","23":"e","24":"d","3":"o","4":"i","5":"c","6":"e","7":" ","8":"l","9":"i","level":"debug","message":"info","service":"telecom-billing","timestamp":"2025-12-12 19:37:40"}
{"0":"I","1":"n","10":"n","11":"e","12":" ","13":"i","14":"t","15":"e","16":"m","17":" ","18":"c","19":"r","2":"v","20":"e","21":"a","22":"t","23":"e","24":"d","3":"o","4":"i","5":"c","6":"e","7":" ","8":"l","9":"i","level":"debug","message":"info","service":"telecom-billing","timestamp":"2025-12-12 19:37:40"}
{"0":"I","1":"n","10":"n","11":"e","12":" ","13":"i","14":"t","15":"e","16":"m","17":" ","18":"c","19":"r","2":"v","20":"e","21":"a","22":"t","23":"e","24":"d","3":"o","4":"i","5":"c","6":"e","7":" ","8":"l","9":"i","level":"debug","message":"info","service":"telecom-billing","timestamp":"2025-12-12 19:37:40"}
{"0":"I","1":"n","10":"n","11":"e","12":" ","13":"i","14":"t","15":"e","16":"m","17":" ","18":"c","19":"r","2":"v","20":"e","21":"a","22":"t","23":"e","24":"d","3":"o","4":"i","5":"c","6":"e","7":" ","8":"l","9":"i","level":"debug","message":"info","service":"telecom-billing","timestamp":"2025-12-12 19:37:40"}
{"0":"I","1":"n","10":"n","11":"e","12":" ","13":"i","14":"t","15":"e","16":"m","17":" ","18":"c","19":"r","2":"v","20":"e","21":"a","22":"t","23":"e","24":"d","3":"o","4":"i","5":"c","6":"e","7":" ","8":"l","9":"i","level":"debug","message":"info","service":"telecom-billing","timestamp":"2025-12-12 19:37:40"}
{"0":"I","1":"n","10":"n","11":"e","12":" ","13":"i","14":"t","15":"e","16":"m","17":" ","18":"c","19":"r","2":"v","20":"e","21":"a","22":"t","23":"e","24":"d","3":"o","4":"i","5":"c","6":"e","7":" ","8":"l","9":"i","level":"debug","message":"info","service":"telecom-billing","timestamp":"2025-12-12 19:37:40"}
{"0":"I","1":"n","10":"n","11":"e","12":" ","13":"i","14":"t","15":"e","16":"m","17":" ","18":"c","19":"r","2":"v","20":"e","21":"a","22":"t","23":"e","24":"d","3":"o","4":"i","5":"c","6":"e","7":" ","8":"l","9":"i","level":"debug","message":"info","service":"telecom-billing","timestamp":"2025-12-12 19:37:40"}
{"0":"I","1":"n","10":"n","11":"e","12":" ","13":"i","14":"t","15":"e","16":"m","17":" ","18":"c","19":"r","2":"v","20":"e","21":"a","22":"t","23":"e","24":"d","3":"o","4":"i","5":"c","6":"e","7":" ","8":"l","9":"i","level":"debug","message":"info","service":"telecom-billing","timestamp":"2025-12-12 19:37:40"}
{"0":"I","1":"n","10":"n","11":"e","12":" ","13":"i","14":"t","15":"e","16":"m","17":" ","18":"c","19":"r","2":"v","20":"e","21":"a","22":"t","23":"e","24":"d","3":"o","4":"i","5":"c","6":"e","7":" ","8":"l","9":"i","level":"debug","message":"info","service":"telecom-billing","timestamp":"2025-12-12 19:37:40"}
{"0":"I","1":"n","10":"n","11":"e","12":" ","13":"i","14":"t","15":"e","16":"m","17":" ","18":"c","19":"r","2":"v","20":"e","21":"a","22":"t","23":"e","24":"d","3":"o","4":"i","5":"c","6":"e","7":" ","8":"l","9":"i","level":"debug","message":"info","service":"telecom-billing","timestamp":"2025-12-12 19:37:40"}
{"0":"I","1":"n","10":"n","11":"e","12":" ","13":"i","14":"t","15":"e","16":"m","17":" ","18":"c","19":"r","2":"v","20":"e","21":"a","22":"t","23":"e","24":"d","3":"o","4":"i","5":"c","6":"e","7":" ","8":"l","9":"i","level":"debug","message":"info","service":"telecom-billing","timestamp":"2025-12-12 19:37:40"}
{"0":"I","1":"n","10":"n","11":"e","12":" ","13":"i","14":"t","15":"e","16":"m","17":" ","18":"c","19":"r","2":"v","20":"e","21":"a","22":"t","23":"e","24":"d","3":"o","4":"i","5":"c","6":"e","7":" ","8":"l","9":"i","level":"debug","message":"info","service":"telecom-billing","timestamp":"2025-12-12 19:37:40"}
{"0":"I","1":"n","10":"n","11":"e","12":" ","13":"i","14":"t","15":"e","16":"m","17":" ","18":"c","19":"r","2":"v","20":"e","21":"a","22":"t","23":"e","24":"d","3":"o","4":"i","5":"c","6":"e","7":" ","8":"l","9":"i","level":"debug","message":"info","service":"telecom-billing","timestamp":"2025-12-12 19:37:40"}
{"0":"I","1":"n","10":"n","11":"e","12":" ","13":"i","14":"t","15":"e","16":"m","17":" ","18":"c","19":"r","2":"v","20":"e","21":"a","22":"t","23":"e","24":"d","3":"o","4":"i","5":"c","6":"e","7":" ","8":"l","9":"i","level":"debug","message":"info","service":"telecom-billing","timestamp":"2025-12-12 19:37:40"}
{"0":"I","1":"n","10":"n","11":"e","12":" ","13":"i","14":"t","15":"e","16":"m","17":" ","18":"c","19":"r","2":"v","20":"e","21":"a","22":"t","23":"e","24":"d","3":"o","4":"i","5":"c","6":"e","7":" ","8":"l","9":"i","level":"debug","message":"info","service":"telecom-billing","timestamp":"2025-12-12 19:37:40"}
{"0":"I","1":"n","10":"n","11":"e","12":" ","13":"i","14":"t","15":"e","16":"m","17":" ","18":"c","19":"r","2":"v","20":"e","21":"a","22":"t","23":"e","24":"d","3":"o","4":"i","5":"c","6":"e","7":" ","8":"l","9":"i","level":"debug","message":"info","service":"telecom-billing","timestamp":"2025-12-12 19:37:40"}
{"0":"I","1":"n","10":"n","11":"e","12":" ","13":"i","14":"t","15":"e","16":"m","17":" ","18":"c","19":"r","2":"v","20":"e","21":"a","22":"t","23":"e","24":"d","3":"o","4":"i","5":"c","6":"e","7":" ","8":"l","9":"i","level":"debug","message":"info","service":"telecom-billing","timestamp":"2025-12-12 19:37:40"}
{"0":"I","1":"n","10":"n","11":"e","12":" ","13":"i","14":"t","15":"e","16":"m","17":" ","18":"c","19":"r","2":"v","20":"e","21":"a","22":"t","23":"e","24":"d","3":"o","4":"i","5":"c","6":"e","7":" ","8":"l","9":"i","level":"debug","message":"info","service":"telecom-billing","timestamp":"2025-12-12 19:37:40"}
{"0":"I","1":"n","10":"n","11":"e","12":" ","13":"i","14":"t","15":"e","16":"m","17":" ","18":"c","19":"r","2":"v","20":"e","21":"a","22":"t","23":"e","24":"d","3":"o","4":"i","5":"c","6":"e","7":" ","8":"l","9":"i","level":"debug","message":"info","service":"telecom-billing","timestamp":"2025-12-12 19:37:40"}
{"0":"I","1":"n","10":"n","11":"e","12":" ","13":"i","14":"t","15":"e","16":"m","17":" ","18":"c","19":"r","2":"v","20":"e","21":"a","22":"t","23":"e","24":"d","3":"o","4":"i","5":"c","6":"e","7":" ","8":"l","9":"i","level":"debug","message":"info","service":"telecom-billing","timestamp":"2025-12-12 19:37:40"}
{"0":"I","1":"n","10":"n","11":"e","12":" ","13":"i","14":"t","15":"e","16":"m","17":" ","18":"c","19":"r","2":"v","20":"e","21":"a","22":"t","23":"e","24":"d","3":"o","4":"i","5":"c","6":"e","7":" ","8":"l","9":"i","level":"debug","message":"info","service":"telecom-billing","timestamp":"2025-12-12 19:37:40"}
{"0":"I","1":"n","10":"n","11":"e","12":" ","13":"i","14":"t","15":"e","16":"m","17":" ","18":"c","19":"r","2":"v","20":"e","21":"a","22":"t","23":"e","24":"d","3":"o","4":"i","5":"c","6":"e","7":" ","8":"l","9":"i","level":"debug","message":"info","service":"telecom-billing","timestamp":"2025-12-12 19:37:40"}
{"0":"I","1":"n","10":"n","11":"e","12":" ","13":"i","14":"t","15":"e","16":"m","17":" ","18":"c","19":"r","2":"v","20":"e","21":"a","22":"t","23":"e","24":"d","3":"o","4":"i","5":"c","6":"e","7":" ","8":"l","9":"i","level":"debug","message":"info","service":"telecom-billing","timestamp":"2025-12-12 19:37:40"}
{"0":"I","1":"n","10":"n","11":"e","12":" ","13":"i","14":"t","15":"e","16":"m","17":" ","18":"c","19":"r","2":"v","20":"e","21":"a","22":"t","23":"e","24":"d","3":"o","4":"i","5":"c","6":"e","7":" ","8":"l","9":"i","level":"debug","message":"info","service":"telecom-billing","timestamp":"2025-12-12 19:37:40"}
{"0":"I","1":"n","10":"n","11":"e","12":" ","13":"i","14":"t","15":"e","16":"m","17":" ","18":"c","19":"r","2":"v","20":"e","21":"a","22":"t","23":"e","24":"d","3":"o","4":"i","5":"c","6":"e","7":" ","8":"l","9":"i","level":"debug","message":"info","service":"telecom-billing","timestamp":"2025-12-12 19:37:40"}
{"0":"I","1":"n","10":"n","11":"e","12":" ","13":"i","14":"t","15":"e","16":"m","17":" ","18":"c","19":"r","2":"v","20":"e","21":"a","22":"t","23":"e","24":"d","3":"o","4":"i","5":"c","6":"e","7":" ","8":"l","9":"i","level":"debug","message":"info","service":"telecom-billing","timestamp":"2025-12-12 19:37:40"}
{"0":"I","1":"n","10":"n","11":"e","12":" ","13":"i","14":"t","15":"e","16":"m","17":" ","18":"c","19":"r","2":"v","20":"e","21":"a","22":"t","23":"e","24":"d","3":"o","4":"i","5":"c","6":"e","7":" ","8":"l","9":"i","level":"debug","message":"info","service":"telecom-billing","timestamp":"2025-12-12 19:37:40"}
{"0":"I","1":"n","10":"n","11":"e","12":" ","13":"i","14":"t","15":"e","16":"m","17":" ","18":"c","19":"r","2":"v","20":"e","21":"a","22":"t","23":"e","24":"d","3":"o","4":"i","5":"c","6":"e","7":" ","8":"l","9":"i","level":"debug","message":"info","service":"telecom-billing","timestamp":"2025-12-12 19:37:40"}
{"0":"I","1":"n","10":"n","11":"e","12":" ","13":"i","14":"t","15":"e","16":"m","17":" ","18":"c","19":"r","2":"v","20":"e","21":"a","22":"t","23":"e","24":"d","3":"o","4":"i","5":"c","6":"e","7":" ","8":"l","9":"i","level":"debug","message":"info","service":"telecom-billing","timestamp":"2025-12-12 19:37:40"}
{"0":"I","1":"n","10":"n","11":"e","12":" ","13":"i","14":"t","15":"e","16":"m","17":" ","18":"c","19":"r","2":"v","20":"e","21":"a","22":"t","23":"e","24":"d","3":"o","4":"i","5":"c","6":"e","7":" ","8":"l","9":"i","level":"debug","message":"info","service":"telecom-billing","timestamp":"2025-12-12 19:37:40"}
{"0":"I","1":"n","10":"n","11":"e","12":" ","13":"i","14":"t","15":"e","16":"m","17":" ","18":"c","19":"r","2":"v","20":"e","21":"a","22":"t","23":"e","24":"d","3":"o","4":"i","5":"c","6":"e","7":" ","8":"l","9":"i","level":"debug","message":"info","service":"telecom-billing","timestamp":"2025-12-12 19:37:40"}
{"0":"I","1":"n","10":"n","11":"e","12":" ","13":"i","14":"t","15":"e","16":"m","17":" ","18":"c","19":"r","2":"v","20":"e","21":"a","22":"t","23":"e","24":"d","3":"o","4":"i","5":"c","6":"e","7":" ","8":"l","9":"i","level":"debug","message":"info","service":"telecom-billing","timestamp":"2025-12-12 19:37:40"}
{"0":"I","1":"n","10":"n","11":"e","12":" ","13":"i","14":"t","15":"e","16":"m","17":" ","18":"c","19":"r","2":"v","20":"e","21":"a","22":"t","23":"e","24":"d","3":"o","4":"i","5":"c","6":"e","7":" ","8":"l","9":"i","level":"debug","message":"info","service":"telecom-billing","timestamp":"2025-12-12 19:37:40"}
{"0":"I","1":"n","10":"n","11":"e","12":" ","13":"i","14":"t","15":"e","16":"m","17":" ","18":"c","19":"r","2":"v","20":"e","21":"a","22":"t","23":"e","24":"d","3":"o","4":"i","5":"c","6":"e","7":" ","8":"l","9":"i","level":"debug","message":"info","service":"telecom-billing","timestamp":"2025-12-12 19:37:40"}
{"0":"I","1":"n","10":"n","11":"e","12":" ","13":"i","14":"t","15":"e","16":"m","17":" ","18":"c","19":"r","2":"v","20":"e","21":"a","22":"t","23":"e","24":"d","3":"o","4":"i","5":"c","6":"e","7":" ","8":"l","9":"i","level":"debug","message":"info","service":"telecom-billing","timestamp":"2025-12-12 19:37:40"}
{"0":"I","1":"n","10":"n","11":"e","12":" ","13":"i","14":"t","15":"e","16":"m","17":" ","18":"c","19":"r","2":"v","20":"e","21":"a","22":"t","23":"e","24":"d","3":"o","4":"i","5":"c","6":"e","7":" ","8":"l","9":"i","level":"debug","message":"info","service":"telecom-billing","timestamp":"2025-12-12 19:37:40"}
{"0":"I","1":"n","10":"n","11":"e","12":" ","13":"i","14":"t","15":"e","16":"m","17":" ","18":"c","19":"r","2":"v","20":"e","21":"a","22":"t","23":"e","24":"d","3":"o","4":"i","5":"c","6":"e","7":" ","8":"l","9":"i","level":"debug","message":"info","service":"telecom-billing","timestamp":"2025-12-12 19:37:40"}
{"0":"I","1":"n","10":"n","11":"e","12":" ","13":"i","14":"t","15":"e","16":"m","17":" ","18":"c","19":"r","2":"v","20":"e","21":"a","22":"t","23":"e","24":"d","3":"o","4":"i","5":"c","6":"e","7":" ","8":"l","9":"i","level":"debug","message":"info","service":"telecom-billing","timestamp":"2025-12-12 19:37:40"}
{"0":"I","1":"n","10":"n","11":"e","12":" ","13":"i","14":"t","15":"e","16":"m","17":" ","18":"c","19":"r","2":"v","20":"e","21":"a","22":"t","23":"e","24":"d","3":"o","4":"i","5":"c","6":"e","7":" ","8":"l","9":"i","level":"debug","message":"info","service":"telecom-billing","timestamp":"2025-12-12 19:37:40"}
{"0":"I","1":"n","10":"n","11":"e","12":" ","13":"i","14":"t","15":"e","16":"m","17":" ","18":"c","19":"r","2":"v","20":"e","21":"a","22":"t","23":"e","24":"d","3":"o","4":"i","5":"c","6":"e","7":" ","8":"l","9":"i","level":"debug","message":"info","service":"telecom-billing","timestamp":"2025-12-12 19:37:40"}
{"0":"I","1":"n","10":"n","11":"e","12":" ","13":"i","14":"t","15":"e","16":"m","17":" ","18":"c","19":"r","2":"v","20":"e","21":"a","22":"t","23":"e","24":"d","3":"o","4":"i","5":"c","6":"e","7":" ","8":"l","9":"i","level":"debug","message":"info","service":"telecom-billing","timestamp":"2025-12-12 19:37:40"}
{"0":"I","1":"n","10":"n","11":"e","12":" ","13":"i","14":"t","15":"e","16":"m","17":" ","18":"c","19":"r","2":"v","20":"e","21":"a","22":"t","23":"e","24":"d","3":"o","4":"i","5":"c","6":"e","7":" ","8":"l","9":"i","level":"debug","message":"info","service":"telecom-billing","timestamp":"2025-12-12 19:37:40"}
{"0":"I","1":"n","10":"n","11":"e","12":" ","13":"i","14":"t","15":"e","16":"m","17":" ","18":"c","19":"r","2":"v","20":"e","21":"a","22":"t","23":"e","24":"d","3":"o","4":"i","5":"c","6":"e","7":" ","8":"l","9":"i","level":"debug","message":"info","service":"telecom-billing","timestamp":"2025-12-12 19:37:40"}
{"0":"I","1":"n","10":"n","11":"e","12":" ","13":"i","14":"t","15":"e","16":"m","17":" ","18":"c","19":"r","2":"v","20":"e","21":"a","22":"t","23":"e","24":"d","3":"o","4":"i","5":"c","6":"e","7":" ","8":"l","9":"i","level":"debug","message":"info","service":"telecom-billing","timestamp":"2025-12-12 19:37:40"}
{"0":"I","1":"n","10":"n","11":"e","12":" ","13":"i","14":"t","15":"e","16":"m","17":" ","18":"c","19":"r","2":"v","20":"e","21":"a","22":"t","23":"e","24":"d","3":"o","4":"i","5":"c","6":"e","7":" ","8":"l","9":"i","level":"debug","message":"info","service":"telecom-billing","timestamp":"2025-12-12 19:37:40"}
{"0":"I","1":"n","10":"n","11":"e","12":" ","13":"i","14":"t","15":"e","16":"m","17":" ","18":"c","19":"r","2":"v","20":"e","21":"a","22":"t","23":"e","24":"d","3":"o","4":"i","5":"c","6":"e","7":" ","8":"l","9":"i","level":"debug","message":"info","service":"telecom-billing","timestamp":"2025-12-12 19:37:40"}
{"0":"I","1":"n","10":"n","11":"e","12":" ","13":"i","14":"t","15":"e","16":"m","17":" ","18":"c","19":"r","2":"v","20":"e","21":"a","22":"t","23":"e","24":"d","3":"o","4":"i","5":"c","6":"e","7":" ","8":"l","9":"i","level":"debug","message":"info","service":"telecom-billing","timestamp":"2025-12-12 19:37:40"}
{"0":"I","1":"n","10":"n","11":"e","12":" ","13":"i","14":"t","15":"e","16":"m","17":" ","18":"c","19":"r","2":"v","20":"e","21":"a","22":"t","23":"e","24":"d","3":"o","4":"i","5":"c","6":"e","7":" ","8":"l","9":"i","level":"debug","message":"info","service":"telecom-billing","timestamp":"2025-12-12 19:37:40"}
{"0":"I","1":"n","10":"n","11":"e","12":" ","13":"i","14":"t","15":"e","16":"m","17":" ","18":"c","19":"r","2":"v","20":"e","21":"a","22":"t","23":"e","24":"d","3":"o","4":"i","5":"c","6":"e","7":" ","8":"l","9":"i","level":"debug","message":"info","service":"telecom-billing","timestamp":"2025-12-12 19:37:40"}
{"0":"I","1":"n","10":"n","11":"e","12":" ","13":"i","14":"t","15":"e","16":"m","17":" ","18":"c","19":"r","2":"v","20":"e","21":"a","22":"t","23":"e","24":"d","3":"o","4":"i","5":"c","6":"e","7":" ","8":"l","9":"i","level":"debug","message":"info","service":"telecom-billing","timestamp":"2025-12-12 19:37:40"}
{"0":"I","1":"n","10":"n","11":"e","12":" ","13":"i","14":"t","15":"e","16":"m","17":" ","18":"c","19":"r","2":"v","20":"e","21":"a","22":"t","23":"e","24":"d","3":"o","4":"i","5":"c","6":"e","7":" ","8":"l","9":"i","level":"debug","message":"info","service":"telecom-billing","timestamp":"2025-12-12 19:37:40"}
{"0":"I","1":"n","10":"n","11":"e","12":" ","13":"i","14":"t","15":"e","16":"m","17":" ","18":"c","19":"r","2":"v","20":"e","21":"a","22":"t","23":"e","24":"d","3":"o","4":"i","5":"c","6":"e","7":" ","8":"l","9":"i","level":"debug","message":"info","service":"telecom-billing","timestamp":"2025-12-12 19:37:40"}
{"0":"I","1":"n","10":"n","11":"e","12":" ","13":"i","14":"t","15":"e","16":"m","17":" ","18":"c","19":"r","2":"v","20":"e","21":"a","22":"t","23":"e","24":"d","3":"o","4":"i","5":"c","6":"e","7":" ","8":"l","9":"i","level":"debug","message":"info","service":"telecom-billing","timestamp":"2025-12-12 19:37:40"}
{"0":"I","1":"n","10":"n","11":"e","12":" ","13":"i","14":"t","15":"e","16":"m","17":" ","18":"c","19":"r","2":"v","20":"e","21":"a","22":"t","23":"e","24":"d","3":"o","4":"i","5":"c","6":"e","7":" ","8":"l","9":"i","level":"debug","message":"info","service":"telecom-billing","timestamp":"2025-12-12 19:37:40"}
{"0":"I","1":"n","10":"n","11":"e","12":" ","13":"i","14":"t","15":"e","16":"m","17":" ","18":"c","19":"r","2":"v","20":"e","21":"a","22":"t","23":"e","24":"d","3":"o","4":"i","5":"c","6":"e","7":" ","8":"l","9":"i","level":"debug","message":"info","service":"telecom-billing","timestamp":"2025-12-12 19:37:40"}
{"0":"I","1":"n","10":"n","11":"e","12":" ","13":"i","14":"t","15":"e","16":"m","17":" ","18":"c","19":"r","2":"v","20":"e","21":"a","22":"t","23":"e","24":"d","3":"o","4":"i","5":"c","6":"e","7":" ","8":"l","9":"i","level":"debug","message":"info","service":"telecom-billing","timestamp":"2025-12-12 19:37:40"}
{"0":"I","1":"n","10":"n","11":"e","12":" ","13":"i","14":"t","15":"e","16":"m","17":" ","18":"c","19":"r","2":"v","20":"e","21":"a","22":"t","23":"e","24":"d","3":"o","4":"i","5":"c","6":"e","7":" ","8":"l","9":"i","level":"debug","message":"info","service":"telecom-billing","timestamp":"2025-12-12 19:37:40"}
{"0":"I","1":"n","10":"n","11":"e","12":" ","13":"i","14":"t","15":"e","16":"m","17":" ","18":"c","19":"r","2":"v","20":"e","21":"a","22":"t","23":"e","24":"d","3":"o","4":"i","5":"c","6":"e","7":" ","8":"l","9":"i","level":"debug","message":"info","service":"telecom-billing","timestamp":"2025-12-12 19:37:40"}
{"0":"I","1":"n","10":"n","11":"e","12":" ","13":"i","14":"t","15":"e","16":"m","17":" ","18":"c","19":"r","2":"v","20":"e","21":"a","22":"t","23":"e","24":"d","3":"o","4":"i","5":"c","6":"e","7":" ","8":"l","9":"i","level":"debug","message":"info","service":"telecom-billing","timestamp":"2025-12-12 19:37:40"}
{"0":"I","1":"n","10":"n","11":"e","12":" ","13":"i","14":"t","15":"e","16":"m","17":" ","18":"c","19":"r","2":"v","20":"e","21":"a","22":"t","23":"e","24":"d","3":"o","4":"i","5":"c","6":"e","7":" ","8":"l","9":"i","level":"debug","message":"info","service":"telecom-billing","timestamp":"2025-12-12 19:37:40"}
{"0":"I","1":"n","10":"n","11":"e","12":" ","13":"i","14":"t","15":"e","16":"m","17":" ","18":"c","19":"r","2":"v","20":"e","21":"a","22":"t","23":"e","24":"d","3":"o","4":"i","5":"c","6":"e","7":" ","8":"l","9":"i","level":"debug","message":"info","service":"telecom-billing","timestamp":"2025-12-12 19:37:40"}
{"0":"I","1":"n","10":"n","11":"e","12":" ","13":"i","14":"t","15":"e","16":"m","17":" ","18":"c","19":"r","2":"v","20":"e","21":"a","22":"t","23":"e","24":"d","3":"o","4":"i","5":"c","6":"e","7":" ","8":"l","9":"i","level":"debug","message":"info","service":"telecom-billing","timestamp":"2025-12-12 19:37:40"}
{"0":"I","1":"n","10":"n","11":"e","12":" ","13":"i","14":"t","15":"e","16":"m","17":" ","18":"c","19":"r","2":"v","20":"e","21":"a","22":"t","23":"e","24":"d","3":"o","4":"i","5":"c","6":"e","7":" ","8":"l","9":"i","level":"debug","message":"info","service":"telecom-billing","timestamp":"2025-12-12 19:37:40"}
{"0":"I","1":"n","10":"n","11":"e","12":" ","13":"i","14":"t","15":"e","16":"m","17":" ","18":"c","19":"r","2":"v","20":"e","21":"a","22":"t","23":"e","24":"d","3":"o","4":"i","5":"c","6":"e","7":" ","8":"l","9":"i","level":"debug","message":"info","service":"telecom-billing","timestamp":"2025-12-12 19:37:40"}
{"0":"I","1":"n","10":"n","11":"e","12":" ","13":"i","14":"t","15":"e","16":"m","17":" ","18":"c","19":"r","2":"v","20":"e","21":"a","22":"t","23":"e","24":"d","3":"o","4":"i","5":"c","6":"e","7":" ","8":"l","9":"i","level":"debug","message":"info","service":"telecom-billing","timestamp":"2025-12-12 19:37:40"}
{"0":"I","1":"n","10":"n","11":"e","12":" ","13":"i","14":"t","15":"e","16":"m","17":" ","18":"c","19":"r","2":"v","20":"e","21":"a","22":"t","23":"e","24":"d","3":"o","4":"i","5":"c","6":"e","7":" ","8":"l","9":"i","level":"debug","message":"info","service":"telecom-billing","timestamp":"2025-12-12 19:37:40"}
{"0":"I","1":"n","10":"n","11":"e","12":" ","13":"i","14":"t","15":"e","16":"m","17":" ","18":"c","19":"r","2":"v","20":"e","21":"a","22":"t","23":"e","24":"d","3":"o","4":"i","5":"c","6":"e","7":" ","8":"l","9":"i","level":"debug","message":"info","service":"telecom-billing","timestamp":"2025-12-12 19:37:40"}
{"0":"I","1":"n","10":"n","11":"e","12":" ","13":"i","14":"t","15":"e","16":"m","17":" ","18":"c","19":"r","2":"v","20":"e","21":"a","22":"t","23":"e","24":"d","3":"o","4":"i","5":"c","6":"e","7":" ","8":"l","9":"i","level":"debug","message":"info","service":"telecom-billing","timestamp":"2025-12-12 19:37:40"}
{"0":"I","1":"n","10":"n","11":"e","12":" ","13":"i","14":"t","15":"e","16":"m","17":" ","18":"c","19":"r","2":"v","20":"e","21":"a","22":"t","23":"e","24":"d","3":"o","4":"i","5":"c","6":"e","7":" ","8":"l","9":"i","level":"debug","message":"info","service":"telecom-billing","timestamp":"2025-12-12 19:37:40"}
{"0":"I","1":"n","10":"n","11":"e","12":" ","13":"i","14":"t","15":"e","16":"m","17":" ","18":"c","19":"r","2":"v","20":"e","21":"a","22":"t","23":"e","24":"d","3":"o","4":"i","5":"c","6":"e","7":" ","8":"l","9":"i","level":"debug","message":"info","service":"telecom-billing","timestamp":"2025-12-12 19:37:40"}
{"0":"I","1":"n","10":"n","11":"e","12":" ","13":"i","14":"t","15":"e","16":"m","17":" ","18":"c","19":"r","2":"v","20":"e","21":"a","22":"t","23":"e","24":"d","3":"o","4":"i","5":"c","6":"e","7":" ","8":"l","9":"i","level":"debug","message":"info","service":"telecom-billing","timestamp":"2025-12-12 19:37:40"}
{"0":"I","1":"n","10":"n","11":"e","12":" ","13":"i","14":"t","15":"e","16":"m","17":" ","18":"c","19":"r","2":"v","20":"e","21":"a","22":"t","23":"e","24":"d","3":"o","4":"i","5":"c","6":"e","7":" ","8":"l","9":"i","level":"debug","message":"info","service":"telecom-billing","timestamp":"2025-12-12 19:37:40"}
{"0":"I","1":"n","10":"n","11":"e","12":" ","13":"i","14":"t","15":"e","16":"m","17":" ","18":"c","19":"r","2":"v","20":"e","21":"a","22":"t","23":"e","24":"d","3":"o","4":"i","5":"c","6":"e","7":" ","8":"l","9":"i","level":"debug","message":"info","service":"telecom-billing","timestamp":"2025-12-12 19:37:40"}
{"0":"I","1":"n","10":"n","11":"e","12":" ","13":"i","14":"t","15":"e","16":"m","17":" ","18":"c","19":"r","2":"v","20":"e","21":"a","22":"t","23":"e","24":"d","3":"o","4":"i","5":"c","6":"e","7":" ","8":"l","9":"i","level":"debug","message":"info","service":"telecom-billing","timestamp":"2025-12-12 19:37:40"}
{"0":"I","1":"n","10":"n","11":"e","12":" ","13":"i","14":"t","15":"e","16":"m","17":" ","18":"c","19":"r","2":"v","20":"e","21":"a","22":"t","23":"e","24":"d","3":"o","4":"i","5":"c","6":"e","7":" ","8":"l","9":"i","level":"debug","message":"info","service":"telecom-billing","timestamp":"2025-12-12 19:37:40"}
{"0":"I","1":"n","10":"n","11":"e","12":" ","13":"i","14":"t","15":"e","16":"m","17":" ","18":"c","19":"r","2":"v","20":"e","21":"a","22":"t","23":"e","24":"d","3":"o","4":"i","5":"c","6":"e","7":" ","8":"l","9":"i","level":"debug","message":"info","service":"telecom-billing","timestamp":"2025-12-12 19:37:40"}
{"0":"I","1":"n","10":"n","11":"e","12":" ","13":"i","14":"t","15":"e","16":"m","17":" ","18":"c","19":"r","2":"v","20":"e","21":"a","22":"t","23":"e","24":"d","3":"o","4":"i","5":"c","6":"e","7":" ","8":"l","9":"i","level":"debug","message":"info","service":"telecom-billing","timestamp":"2025-12-12 19:37:40"}
{"0":"I","1":"n","10":"n","11":"e","12":" ","13":"i","14":"t","15":"e","16":"m","17":" ","18":"c","19":"r","2":"v","20":"e","21":"a","22":"t","23":"e","24":"d","3":"o","4":"i","5":"c","6":"e","7":" ","8":"l","9":"i","level":"debug","message":"info","service":"telecom-billing","timestamp":"2025-12-12 19:37:40"}
{"0":"I","1":"n","10":"n","11":"e","12":" ","13":"i","14":"t","15":"e","16":"m","17":" ","18":"c","19":"r","2":"v","20":"e","21":"a","22":"t","23":"e","24":"d","3":"o","4":"i","5":"c","6":"e","7":" ","8":"l","9":"i","level":"debug","message":"info","service":"telecom-billing","timestamp":"2025-12-12 19:37:40"}
{"0":"I","1":"n","10":"n","11":"e","12":" ","13":"i","14":"t","15":"e","16":"m","17":" ","18":"c","19":"r","2":"v","20":"e","21":"a","22":"t","23":"e","24":"d","3":"o","4":"i","5":"c","6":"e","7":" ","8":"l","9":"i","level":"debug","message":"info","service":"telecom-billing","timestamp":"2025-12-12 19:37:40"}
{"0":"I","1":"n","10":"n","11":"e","12":" ","13":"i","14":"t","15":"e","16":"m","17":" ","18":"c","19":"r","2":"v","20":"e","21":"a","22":"t","23":"e","24":"d","3":"o","4":"i","5":"c","6":"e","7":" ","8":"l","9":"i","level":"debug","message":"info","service":"telecom-billing","timestamp":"2025-12-12 19:37:40"}
{"0":"I","1":"n","10":"n","11":"e","12":" ","13":"i","14":"t","15":"e","16":"m","17":" ","18":"c","19":"r","2":"v","20":"e","21":"a","22":"t","23":"e","24":"d","3":"o","4":"i","5":"c","6":"e","7":" ","8":"l","9":"i","level":"debug","message":"info","service":"telecom-billing","timestamp":"2025-12-12 19:37:40"}
{"0":"I","1":"n","10":"n","11":"e","12":" ","13":"i","14":"t","15":"e","16":"m","17":" ","18":"c","19":"r","2":"v","20":"e","21":"a","22":"t","23":"e","24":"d","3":"o","4":"i","5":"c","6":"e","7":" ","8":"l","9":"i","level":"debug","message":"info","service":"telecom-billing","timestamp":"2025-12-12 19:37:40"}
{"0":"I","1":"n","10":"n","11":"e","12":" ","13":"i","14":"t","15":"e","16":"m","17":" ","18":"c","19":"r","2":"v","20":"e","21":"a","22":"t","23":"e","24":"d","3":"o","4":"i","5":"c","6":"e","7":" ","8":"l","9":"i","level":"debug","message":"info","service":"telecom-billing","timestamp":"2025-12-12 19:37:40"}
{"0":"I","1":"n","10":"n","11":"e","12":" ","13":"i","14":"t","15":"e","16":"m","17":" ","18":"c","19":"r","2":"v","20":"e","21":"a","22":"t","23":"e","24":"d","3":"o","4":"i","5":"c","6":"e","7":" ","8":"l","9":"i","level":"debug","message":"info","service":"telecom-billing","timestamp":"2025-12-12 19:37:40"}
{"0":"I","1":"n","10":"n","11":"e","12":" ","13":"i","14":"t","15":"e","16":"m","17":" ","18":"c","19":"r","2":"v","20":"e","21":"a","22":"t","23":"e","24":"d","3":"o","4":"i","5":"c","6":"e","7":" ","8":"l","9":"i","level":"debug","message":"info","service":"telecom-billing","timestamp":"2025-12-12 19:37:40"}
{"0":"I","1":"n","10":"n","11":"e","12":" ","13":"i","14":"t","15":"e","16":"m","17":" ","18":"c","19":"r","2":"v","20":"e","21":"a","22":"t","23":"e","24":"d","3":"o","4":"i","5":"c","6":"e","7":" ","8":"l","9":"i","level":"debug","message":"info","service":"telecom-billing","timestamp":"2025-12-12 19:37:40"}
{"0":"I","1":"n","10":"n","11":"e","12":" ","13":"i","14":"t","15":"e","16":"m","17":" ","18":"c","19":"r","2":"v","20":"e","21":"a","22":"t","23":"e","24":"d","3":"o","4":"i","5":"c","6":"e","7":" ","8":"l","9":"i","level":"debug","message":"info","service":"telecom-billing","timestamp":"2025-12-12 19:37:40"}
{"0":"I","1":"n","10":"n","11":"e","12":" ","13":"i","14":"t","15":"e","16":"m","17":" ","18":"c","19":"r","2":"v","20":"e","21":"a","22":"t","23":"e","24":"d","3":"o","4":"i","5":"c","6":"e","7":" ","8":"l","9":"i","level":"debug","message":"info","service":"telecom-billing","timestamp":"2025-12-12 19:37:40"}
{"0":"I","1":"n","10":"n","11":"e","12":" ","13":"i","14":"t","15":"e","16":"m","17":" ","18":"c","19":"r","2":"v","20":"e","21":"a","22":"t","23":"e","24":"d","3":"o","4":"i","5":"c","6":"e","7":" ","8":"l","9":"i","level":"debug","message":"info","service":"telecom-billing","timestamp":"2025-12-12 19:37:40"}
{"0":"I","1":"n","10":"n","11":"e","12":" ","13":"i","14":"t","15":"e","16":"m","17":" ","18":"c","19":"r","2":"v","20":"e","21":"a","22":"t","23":"e","24":"d","3":"o","4":"i","5":"c","6":"e","7":" ","8":"l","9":"i","level":"debug","message":"info","service":"telecom-billing","timestamp":"2025-12-12 19:37:40"}
{"0":"I","1":"n","10":"n","11":"e","12":" ","13":"i","14":"t","15":"e","16":"m","17":" ","18":"c","19":"r","2":"v","20":"e","21":"a","22":"t","23":"e","24":"d","3":"o","4":"i","5":"c","6":"e","7":" ","8":"l","9":"i","level":"debug","message":"info","service":"telecom-billing","timestamp":"2025-12-12 19:37:40"}
{"0":"I","1":"n","10":"n","11":"e","12":" ","13":"i","14":"t","15":"e","16":"m","17":" ","18":"c","19":"r","2":"v","20":"e","21":"a","22":"t","23":"e","24":"d","3":"o","4":"i","5":"c","6":"e","7":" ","8":"l","9":"i","level":"debug","message":"info","service":"telecom-billing","timestamp":"2025-12-12 19:37:40"}
{"0":"I","1":"n","10":"n","11":"e","12":" ","13":"i","14":"t","15":"e","16":"m","17":" ","18":"c","19":"r","2":"v","20":"e","21":"a","22":"t","23":"e","24":"d","3":"o","4":"i","5":"c","6":"e","7":" ","8":"l","9":"i","level":"debug","message":"info","service":"telecom-billing","timestamp":"2025-12-12 19:37:40"}
{"0":"I","1":"n","10":"n","11":"e","12":" ","13":"i","14":"t","15":"e","16":"m","17":" ","18":"c","19":"r","2":"v","20":"e","21":"a","22":"t","23":"e","24":"d","3":"o","4":"i","5":"c","6":"e","7":" ","8":"l","9":"i","level":"debug","message":"info","service":"telecom-billing","timestamp":"2025-12-12 19:37:40"}
{"0":"I","1":"n","10":"n","11":"e","12":" ","13":"i","14":"t","15":"e","16":"m","17":" ","18":"c","19":"r","2":"v","20":"e","21":"a","22":"t","23":"e","24":"d","3":"o","4":"i","5":"c","6":"e","7":" ","8":"l","9":"i","level":"debug","message":"info","service":"telecom-billing","timestamp":"2025-12-12 19:37:40"}
{"0":"I","1":"n","10":"n","11":"e","12":" ","13":"i","14":"t","15":"e","16":"m","17":" ","18":"c","19":"r","2":"v","20":"e","21":"a","22":"t","23":"e","24":"d","3":"o","4":"i","5":"c","6":"e","7":" ","8":"l","9":"i","level":"debug","message":"info","service":"telecom-billing","timestamp":"2025-12-12 19:37:40"}
{"0":"I","1":"n","10":"n","11":"e","12":" ","13":"i","14":"t","15":"e","16":"m","17":" ","18":"c","19":"r","2":"v","20":"e","21":"a","22":"t","23":"e","24":"d","3":"o","4":"i","5":"c","6":"e","7":" ","8":"l","9":"i","level":"debug","message":"info","service":"telecom-billing","timestamp":"2025-12-12 19:37:40"}
{"0":"I","1":"n","10":"n","11":"e","12":" ","13":"i","14":"t","15":"e","16":"m","17":" ","18":"c","19":"r","2":"v","20":"e","21":"a","22":"t","23":"e","24":"d","3":"o","4":"i","5":"c","6":"e","7":" ","8":"l","9":"i","level":"debug","message":"info","service":"telecom-billing","timestamp":"2025-12-12 19:37:40"}
{"0":"I","1":"n","10":"n","11":"e","12":" ","13":"i","14":"t","15":"e","16":"m","17":" ","18":"c","19":"r","2":"v","20":"e","21":"a","22":"t","23":"e","24":"d","3":"o","4":"i","5":"c","6":"e","7":" ","8":"l","9":"i","level":"debug","message":"info","service":"telecom-billing","timestamp":"2025-12-12 19:37:40"}
{"0":"I","1":"n","10":"n","11":"e","12":" ","13":"i","14":"t","15":"e","16":"m","17":" ","18":"c","19":"r","2":"v","20":"e","21":"a","22":"t","23":"e","24":"d","3":"o","4":"i","5":"c","6":"e","7":" ","8":"l","9":"i","level":"debug","message":"info","service":"telecom-billing","timestamp":"2025-12-12 19:37:40"}
{"0":"I","1":"n","10":"n","11":"e","12":" ","13":"i","14":"t","15":"e","16":"m","17":" ","18":"c","19":"r","2":"v","20":"e","21":"a","22":"t","23":"e","24":"d","3":"o","4":"i","5":"c","6":"e","7":" ","8":"l","9":"i","level":"debug","message":"info","service":"telecom-billing","timestamp":"2025-12-12 19:37:40"}
{"0":"I","1":"n","10":"n","11":"e","12":" ","13":"i","14":"t","15":"e","16":"m","17":" ","18":"c","19":"r","2":"v","20":"e","21":"a","22":"t","23":"e","24":"d","3":"o","4":"i","5":"c","6":"e","7":" ","8":"l","9":"i","level":"debug","message":"info","service":"telecom-billing","timestamp":"2025-12-12 19:37:40"}
{"0":"I","1":"n","10":"n","11":"e","12":" ","13":"i","14":"t","15":"e","16":"m","17":" ","18":"c","19":"r","2":"v","20":"e","21":"a","22":"t","23":"e","24":"d","3":"o","4":"i","5":"c","6":"e","7":" ","8":"l","9":"i","level":"debug","message":"info","service":"telecom-billing","timestamp":"2025-12-12 19:37:40"}
{"0":"I","1":"n","10":"n","11":"e","12":" ","13":"i","14":"t","15":"e","16":"m","17":" ","18":"c","19":"r","2":"v","20":"e","21":"a","22":"t","23":"e","24":"d","3":"o","4":"i","5":"c","6":"e","7":" ","8":"l","9":"i","level":"debug","message":"info","service":"telecom-billing","timestamp":"2025-12-12 19:37:40"}
{"0":"I","1":"n","10":"n","11":"e","12":" ","13":"i","14":"t","15":"e","16":"m","17":" ","18":"c","19":"r","2":"v","20":"e","21":"a","22":"t","23":"e","24":"d","3":"o","4":"i","5":"c","6":"e","7":" ","8":"l","9":"i","level":"debug","message":"info","service":"telecom-billing","timestamp":"2025-12-12 19:37:40"}
{"0":"I","1":"n","10":"n","11":"e","12":" ","13":"i","14":"t","15":"e","16":"m","17":" ","18":"c","19":"r","2":"v","20":"e","21":"a","22":"t","23":"e","24":"d","3":"o","4":"i","5":"c","6":"e","7":" ","8":"l","9":"i","level":"debug","message":"info","service":"telecom-billing","timestamp":"2025-12-12 19:37:40"}
{"0":"I","1":"n","10":"n","11":"e","12":" ","13":"i","14":"t","15":"e","16":"m","17":" ","18":"c","19":"r","2":"v","20":"e","21":"a","22":"t","23":"e","24":"d","3":"o","4":"i","5":"c","6":"e","7":" ","8":"l","9":"i","level":"debug","message":"info","service":"telecom-billing","timestamp":"2025-12-12 19:37:40"}
{"0":"I","1":"n","10":"n","11":"e","12":" ","13":"i","14":"t","15":"e","16":"m","17":" ","18":"c","19":"r","2":"v","20":"e","21":"a","22":"t","23":"e","24":"d","3":"o","4":"i","5":"c","6":"e","7":" ","8":"l","9":"i","level":"debug","message":"info","service":"telecom-billing","timestamp":"2025-12-12 19:37:40"}
{"0":"I","1":"n","10":"n","11":"e","12":" ","13":"i","14":"t","15":"e","16":"m","17":" ","18":"c","19":"r","2":"v","20":"e","21":"a","22":"t","23":"e","24":"d","3":"o","4":"i","5":"c","6":"e","7":" ","8":"l","9":"i","level":"debug","message":"info","service":"telecom-billing","timestamp":"2025-12-12 19:37:40"}
{"0":"I","1":"n","10":"n","11":"e","12":" ","13":"i","14":"t","15":"e","16":"m","17":" ","18":"c","19":"r","2":"v","20":"e","21":"a","22":"t","23":"e","24":"d","3":"o","4":"i","5":"c","6":"e","7":" ","8":"l","9":"i","level":"debug","message":"info","service":"telecom-billing","timestamp":"2025-12-12 19:37:40"}
{"0":"I","1":"n","10":"n","11":"e","12":" ","13":"i","14":"t","15":"e","16":"m","17":" ","18":"c","19":"r","2":"v","20":"e","21":"a","22":"t","23":"e","24":"d","3":"o","4":"i","5":"c","6":"e","7":" ","8":"l","9":"i","level":"debug","message":"info","service":"telecom-billing","timestamp":"2025-12-12 19:37:40"}
{"0":"I","1":"n","10":"n","11":"e","12":" ","13":"i","14":"t","15":"e","16":"m","17":" ","18":"c","19":"r","2":"v","20":"e","21":"a","22":"t","23":"e","24":"d","3":"o","4":"i","5":"c","6":"e","7":" ","8":"l","9":"i","level":"debug","message":"info","service":"telecom-billing","timestamp":"2025-12-12 19:37:40"}
{"0":"I","1":"n","10":"n","11":"e","12":" ","13":"i","14":"t","15":"e","16":"m","17":" ","18":"c","19":"r","2":"v","20":"e","21":"a","22":"t","23":"e","24":"d","3":"o","4":"i","5":"c","6":"e","7":" ","8":"l","9":"i","level":"debug","message":"info","service":"telecom-billing","timestamp":"2025-12-12 19:37:40"}
{"0":"I","1":"n","10":"n","11":"e","12":" ","13":"i","14":"t","15":"e","16":"m","17":" ","18":"c","19":"r","2":"v","20":"e","21":"a","22":"t","23":"e","24":"d","3":"o","4":"i","5":"c","6":"e","7":" ","8":"l","9":"i","level":"debug","message":"info","service":"telecom-billing","timestamp":"2025-12-12 19:37:40"}
{"0":"I","1":"n","10":"n","11":"e","12":" ","13":"i","14":"t","15":"e","16":"m","17":" ","18":"c","19":"r","2":"v","20":"e","21":"a","22":"t","23":"e","24":"d","3":"o","4":"i","5":"c","6":"e","7":" ","8":"l","9":"i","level":"debug","message":"info","service":"telecom-billing","timestamp":"2025-12-12 19:37:40"}
{"0":"I","1":"n","10":"n","11":"e","12":" ","13":"i","14":"t","15":"e","16":"m","17":" ","18":"c","19":"r","2":"v","20":"e","21":"a","22":"t","23":"e","24":"d","3":"o","4":"i","5":"c","6":"e","7":" ","8":"l","9":"i","level":"debug","message":"info","service":"telecom-billing","timestamp":"2025-12-12 19:37:40"}
{"0":"I","1":"n","10":"n","11":"e","12":" ","13":"i","14":"t","15":"e","16":"m","17":" ","18":"c","19":"r","2":"v","20":"e","21":"a","22":"t","23":"e","24":"d","3":"o","4":"i","5":"c","6":"e","7":" ","8":"l","9":"i","level":"debug","message":"info","service":"telecom-billing","timestamp":"2025-12-12 19:37:40"}
{"0":"I","1":"n","10":"n","11":"e","12":" ","13":"i","14":"t","15":"e","16":"m","17":" ","18":"c","19":"r","2":"v","20":"e","21":"a","22":"t","23":"e","24":"d","3":"o","4":"i","5":"c","6":"e","7":" ","8":"l","9":"i","level":"debug","message":"info","service":"telecom-billing","timestamp":"2025-12-12 19:37:40"}
{"0":"I","1":"n","10":"n","11":"e","12":" ","13":"i","14":"t","15":"e","16":"m","17":" ","18":"c","19":"r","2":"v","20":"e","21":"a","22":"t","23":"e","24":"d","3":"o","4":"i","5":"c","6":"e","7":" ","8":"l","9":"i","level":"debug","message":"info","service":"telecom-billing","timestamp":"2025-12-12 19:37:40"}
{"0":"I","1":"n","10":"n","11":"e","12":" ","13":"i","14":"t","15":"e","16":"m","17":" ","18":"c","19":"r","2":"v","20":"e","21":"a","22":"t","23":"e","24":"d","3":"o","4":"i","5":"c","6":"e","7":" ","8":"l","9":"i","level":"debug","message":"info","service":"telecom-billing","timestamp":"2025-12-12 19:37:40"}
{"0":"I","1":"n","10":"n","11":"e","12":" ","13":"i","14":"t","15":"e","16":"m","17":" ","18":"c","19":"r","2":"v","20":"e","21":"a","22":"t","23":"e","24":"d","3":"o","4":"i","5":"c","6":"e","7":" ","8":"l","9":"i","level":"debug","message":"info","service":"telecom-billing","timestamp":"2025-12-12 19:37:40"}
{"0":"I","1":"n","10":"n","11":"e","12":" ","13":"i","14":"t","15":"e","16":"m","17":" ","18":"c","19":"r","2":"v","20":"e","21":"a","22":"t","23":"e","24":"d","3":"o","4":"i","5":"c","6":"e","7":" ","8":"l","9":"i","level":"debug","message":"info","service":"telecom-billing","timestamp":"2025-12-12 19:37:40"}
{"0":"I","1":"n","10":"n","11":"e","12":" ","13":"i","14":"t","15":"e","16":"m","17":" ","18":"c","19":"r","2":"v","20":"e","21":"a","22":"t","23":"e","24":"d","3":"o","4":"i","5":"c","6":"e","7":" ","8":"l","9":"i","level":"debug","message":"info","service":"telecom-billing","timestamp":"2025-12-12 19:37:40"}
{"0":"I","1":"n","10":"n","11":"e","12":" ","13":"i","14":"t","15":"e","16":"m","17":" ","18":"c","19":"r","2":"v","20":"e","21":"a","22":"t","23":"e","24":"d","3":"o","4":"i","5":"c","6":"e","7":" ","8":"l","9":"i","level":"debug","message":"info","service":"telecom-billing","timestamp":"2025-12-12 19:37:40"}
{"0":"I","1":"n","10":"n","11":"e","12":" ","13":"i","14":"t","15":"e","16":"m","17":" ","18":"c","19":"r","2":"v","20":"e","21":"a","22":"t","23":"e","24":"d","3":"o","4":"i","5":"c","6":"e","7":" ","8":"l","9":"i","level":"debug","message":"info","service":"telecom-billing","timestamp":"2025-12-12 19:37:40"}
{"0":"I","1":"n","10":"n","11":"e","12":" ","13":"i","14":"t","15":"e","16":"m","17":" ","18":"c","19":"r","2":"v","20":"e","21":"a","22":"t","23":"e","24":"d","3":"o","4":"i","5":"c","6":"e","7":" ","8":"l","9":"i","level":"debug","message":"info","service":"telecom-billing","timestamp":"2025-12-12 19:37:40"}
{"0":"I","1":"n","10":"n","11":"e","12":" ","13":"i","14":"t","15":"e","16":"m","17":" ","18":"c","19":"r","2":"v","20":"e","21":"a","22":"t","23":"e","24":"d","3":"o","4":"i","5":"c","6":"e","7":" ","8":"l","9":"i","level":"debug","message":"info","service":"telecom-billing","timestamp":"2025-12-12 19:37:40"}
{"0":"I","1":"n","10":"n","11":"e","12":" ","13":"i","14":"t","15":"e","16":"m","17":" ","18":"c","19":"r","2":"v","20":"e","21":"a","22":"t","23":"e","24":"d","3":"o","4":"i","5":"c","6":"e","7":" ","8":"l","9":"i","level":"debug","message":"info","service":"telecom-billing","timestamp":"2025-12-12 19:37:40"}
{"0":"I","1":"n","10":"n","11":"e","12":" ","13":"i","14":"t","15":"e","16":"m","17":" ","18":"c","19":"r","2":"v","20":"e","21":"a","22":"t","23":"e","24":"d","3":"o","4":"i","5":"c","6":"e","7":" ","8":"l","9":"i","level":"debug","message":"info","service":"telecom-billing","timestamp":"2025-12-12 19:37:40"}
{"0":"I","1":"n","10":"n","11":"e","12":" ","13":"i","14":"t","15":"e","16":"m","17":" ","18":"c","19":"r","2":"v","20":"e","21":"a","22":"t","23":"e","24":"d","3":"o","4":"i","5":"c","6":"e","7":" ","8":"l","9":"i","level":"debug","message":"info","service":"telecom-billing","timestamp":"2025-12-12 19:37:40"}
{"0":"I","1":"n","10":"n","11":"e","12":" ","13":"i","14":"t","15":"e","16":"m","17":" ","18":"c","19":"r","2":"v","20":"e","21":"a","22":"t","23":"e","24":"d","3":"o","4":"i","5":"c","6":"e","7":" ","8":"l","9":"i","level":"debug","message":"info","service":"telecom-billing","timestamp":"2025-12-12 19:37:40"}
{"0":"I","1":"n","10":"n","11":"e","12":" ","13":"i","14":"t","15":"e","16":"m","17":" ","18":"c","19":"r","2":"v","20":"e","21":"a","22":"t","23":"e","24":"d","3":"o","4":"i","5":"c","6":"e","7":" ","8":"l","9":"i","level":"debug","message":"info","service":"telecom-billing","timestamp":"2025-12-12 19:37:40"}
{"0":"I","1":"n","10":"n","11":"e","12":" ","13":"i","14":"t","15":"e","16":"m","17":" ","18":"c","19":"r","2":"v","20":"e","21":"a","22":"t","23":"e","24":"d","3":"o","4":"i","5":"c","6":"e","7":" ","8":"l","9":"i","level":"debug","message":"info","service":"telecom-billing","timestamp":"2025-12-12 19:37:40"}
{"0":"I","1":"n","10":"n","11":"e","12":" ","13":"i","14":"t","15":"e","16":"m","17":" ","18":"c","19":"r","2":"v","20":"e","21":"a","22":"t","23":"e","24":"d","3":"o","4":"i","5":"c","6":"e","7":" ","8":"l","9":"i","level":"debug","message":"info","service":"telecom-billing","timestamp":"2025-12-12 19:37:40"}
{"0":"I","1":"n","10":"n","11":"e","12":" ","13":"i","14":"t","15":"e","16":"m","17":" ","18":"c","19":"r","2":"v","20":"e","21":"a","22":"t","23":"e","24":"d","3":"o","4":"i","5":"c","6":"e","7":" ","8":"l","9":"i","level":"debug","message":"info","service":"telecom-billing","timestamp":"2025-12-12 19:37:40"}
{"0":"I","1":"n","10":"n","11":"e","12":" ","13":"i","14":"t","15":"e","16":"m","17":" ","18":"c","19":"r","2":"v","20":"e","21":"a","22":"t","23":"e","24":"d","3":"o","4":"i","5":"c","6":"e","7":" ","8":"l","9":"i","level":"debug","message":"info","service":"telecom-billing","timestamp":"2025-12-12 19:37:40"}
{"0":"I","1":"n","10":"n","11":"e","12":" ","13":"i","14":"t","15":"e","16":"m","17":" ","18":"c","19":"r","2":"v","20":"e","21":"a","22":"t","23":"e","24":"d","3":"o","4":"i","5":"c","6":"e","7":" ","8":"l","9":"i","level":"debug","message":"info","service":"telecom-billing","timestamp":"2025-12-12 19:37:40"}
{"0":"I","1":"n","10":"n","11":"e","12":" ","13":"i","14":"t","15":"e","16":"m","17":" ","18":"c","19":"r","2":"v","20":"e","21":"a","22":"t","23":"e","24":"d","3":"o","4":"i","5":"c","6":"e","7":" ","8":"l","9":"i","level":"debug","message":"info","service":"telecom-billing","timestamp":"2025-12-12 19:37:40"}
{"0":"I","1":"n","10":"n","11":"e","12":" ","13":"i","14":"t","15":"e","16":"m","17":" ","18":"c","19":"r","2":"v","20":"e","21":"a","22":"t","23":"e","24":"d","3":"o","4":"i","5":"c","6":"e","7":" ","8":"l","9":"i","level":"debug","message":"info","service":"telecom-billing","timestamp":"2025-12-12 19:37:40"}
{"0":"I","1":"n","10":"n","11":"e","12":" ","13":"i","14":"t","15":"e","16":"m","17":" ","18":"c","19":"r","2":"v","20":"e","21":"a","22":"t","23":"e","24":"d","3":"o","4":"i","5":"c","6":"e","7":" ","8":"l","9":"i","level":"debug","message":"info","service":"telecom-billing","timestamp":"2025-12-12 19:37:40"}
{"0":"I","1":"n","10":"n","11":"e","12":" ","13":"i","14":"t","15":"e","16":"m","17":" ","18":"c","19":"r","2":"v","20":"e","21":"a","22":"t","23":"e","24":"d","3":"o","4":"i","5":"c","6":"e","7":" ","8":"l","9":"i","level":"debug","message":"info","service":"telecom-billing","timestamp":"2025-12-12 19:37:40"}
{"0":"I","1":"n","10":"n","11":"e","12":" ","13":"i","14":"t","15":"e","16":"m","17":" ","18":"c","19":"r","2":"v","20":"e","21":"a","22":"t","23":"e","24":"d","3":"o","4":"i","5":"c","6":"e","7":" ","8":"l","9":"i","level":"debug","message":"info","service":"telecom-billing","timestamp":"2025-12-12 19:37:40"}
{"0":"I","1":"n","10":"n","11":"e","12":" ","13":"i","14":"t","15":"e","16":"m","17":" ","18":"c","19":"r","2":"v","20":"e","21":"a","22":"t","23":"e","24":"d","3":"o","4":"i","5":"c","6":"e","7":" ","8":"l","9":"i","level":"debug","message":"info","service":"telecom-billing","timestamp":"2025-12-12 19:37:40"}
{"0":"I","1":"n","10":"n","11":"e","12":" ","13":"i","14":"t","15":"e","16":"m","17":" ","18":"c","19":"r","2":"v","20":"e","21":"a","22":"t","23":"e","24":"d","3":"o","4":"i","5":"c","6":"e","7":" ","8":"l","9":"i","level":"debug","message":"info","service":"telecom-billing","timestamp":"2025-12-12 19:37:40"}
{"0":"I","1":"n","10":"n","11":"e","12":" ","13":"i","14":"t","15":"e","16":"m","17":" ","18":"c","19":"r","2":"v","20":"e","21":"a","22":"t","23":"e","24":"d","3":"o","4":"i","5":"c","6":"e","7":" ","8":"l","9":"i","level":"debug","message":"info","service":"telecom-billing","timestamp":"2025-12-12 19:37:40"}
{"0":"I","1":"n","10":"n","11":"e","12":" ","13":"i","14":"t","15":"e","16":"m","17":" ","18":"c","19":"r","2":"v","20":"e","21":"a","22":"t","23":"e","24":"d","3":"o","4":"i","5":"c","6":"e","7":" ","8":"l","9":"i","level":"debug","message":"info","service":"telecom-billing","timestamp":"2025-12-12 19:37:40"}
{"0":"I","1":"n","10":"n","11":"e","12":" ","13":"i","14":"t","15":"e","16":"m","17":" ","18":"c","19":"r","2":"v","20":"e","21":"a","22":"t","23":"e","24":"d","3":"o","4":"i","5":"c","6":"e","7":" ","8":"l","9":"i","level":"debug","message":"info","service":"telecom-billing","timestamp":"2025-12-12 19:37:40"}
{"0":"I","1":"n","10":"n","11":"e","12":" ","13":"i","14":"t","15":"e","16":"m","17":" ","18":"c","19":"r","2":"v","20":"e","21":"a","22":"t","23":"e","24":"d","3":"o","4":"i","5":"c","6":"e","7":" ","8":"l","9":"i","level":"debug","message":"info","service":"telecom-billing","timestamp":"2025-12-12 19:37:40"}
{"0":"I","1":"n","10":"n","11":"e","12":" ","13":"i","14":"t","15":"e","16":"m","17":" ","18":"c","19":"r","2":"v","20":"e","21":"a","22":"t","23":"e","24":"d","3":"o","4":"i","5":"c","6":"e","7":" ","8":"l","9":"i","level":"debug","message":"info","service":"telecom-billing","timestamp":"2025-12-12 19:37:40"}
{"0":"I","1":"n","10":"n","11":"e","12":" ","13":"i","14":"t","15":"e","16":"m","17":" ","18":"c","19":"r","2":"v","20":"e","21":"a","22":"t","23":"e","24":"d","3":"o","4":"i","5":"c","6":"e","7":" ","8":"l","9":"i","level":"debug","message":"info","service":"telecom-billing","timestamp":"2025-12-12 19:37:40"}
{"0":"I","1":"n","10":"n","11":"e","12":" ","13":"i","14":"t","15":"e","16":"m","17":" ","18":"c","19":"r","2":"v","20":"e","21":"a","22":"t","23":"e","24":"d","3":"o","4":"i","5":"c","6":"e","7":" ","8":"l","9":"i","level":"debug","message":"info","service":"telecom-billing","timestamp":"2025-12-12 19:37:40"}
{"0":"I","1":"n","10":"n","11":"e","12":" ","13":"i","14":"t","15":"e","16":"m","17":" ","18":"c","19":"r","2":"v","20":"e","21":"a","22":"t","23":"e","24":"d","3":"o","4":"i","5":"c","6":"e","7":" ","8":"l","9":"i","level":"debug","message":"info","service":"telecom-billing","timestamp":"2025-12-12 19:37:40"}
{"0":"I","1":"n","10":"n","11":"e","12":" ","13":"i","14":"t","15":"e","16":"m","17":" ","18":"c","19":"r","2":"v","20":"e","21":"a","22":"t","23":"e","24":"d","3":"o","4":"i","5":"c","6":"e","7":" ","8":"l","9":"i","level":"debug","message":"info","service":"telecom-billing","timestamp":"2025-12-12 19:37:40"}
{"0":"I","1":"n","10":"n","11":"e","12":" ","13":"i","14":"t","15":"e","16":"m","17":" ","18":"c","19":"r","2":"v","20":"e","21":"a","22":"t","23":"e","24":"d","3":"o","4":"i","5":"c","6":"e","7":" ","8":"l","9":"i","level":"debug","message":"info","service":"telecom-billing","timestamp":"2025-12-12 19:37:40"}
{"0":"I","1":"n","10":"n","11":"e","12":" ","13":"i","14":"t","15":"e","16":"m","17":" ","18":"c","19":"r","2":"v","20":"e","21":"a","22":"t","23":"e","24":"d","3":"o","4":"i","5":"c","6":"e","7":" ","8":"l","9":"i","level":"debug","message":"info","service":"telecom-billing","timestamp":"2025-12-12 19:37:41"}
{"0":"I","1":"n","10":"n","11":"e","12":" ","13":"i","14":"t","15":"e","16":"m","17":" ","18":"c","19":"r","2":"v","20":"e","21":"a","22":"t","23":"e","24":"d","3":"o","4":"i","5":"c","6":"e","7":" ","8":"l","9":"i","level":"debug","message":"info","service":"telecom-billing","timestamp":"2025-12-12 19:37:41"}
{"0":"I","1":"n","10":"n","11":"e","12":" ","13":"i","14":"t","15":"e","16":"m","17":" ","18":"c","19":"r","2":"v","20":"e","21":"a","22":"t","23":"e","24":"d","3":"o","4":"i","5":"c","6":"e","7":" ","8":"l","9":"i","level":"debug","message":"info","service":"telecom-billing","timestamp":"2025-12-12 19:37:41"}
{"0":"I","1":"n","10":"n","11":"e","12":" ","13":"i","14":"t","15":"e","16":"m","17":" ","18":"c","19":"r","2":"v","20":"e","21":"a","22":"t","23":"e","24":"d","3":"o","4":"i","5":"c","6":"e","7":" ","8":"l","9":"i","level":"debug","message":"info","service":"telecom-billing","timestamp":"2025-12-12 19:37:41"}
{"0":"I","1":"n","10":"n","11":"e","12":" ","13":"i","14":"t","15":"e","16":"m","17":" ","18":"c","19":"r","2":"v","20":"e","21":"a","22":"t","23":"e","24":"d","3":"o","4":"i","5":"c","6":"e","7":" ","8":"l","9":"i","level":"debug","message":"info","service":"telecom-billing","timestamp":"2025-12-12 19:37:41"}
{"0":"I","1":"n","10":"n","11":"e","12":" ","13":"i","14":"t","15":"e","16":"m","17":" ","18":"c","19":"r","2":"v","20":"e","21":"a","22":"t","23":"e","24":"d","3":"o","4":"i","5":"c","6":"e","7":" ","8":"l","9":"i","level":"debug","message":"info","service":"telecom-billing","timestamp":"2025-12-12 19:37:41"}
{"0":"I","1":"n","10":"n","11":"e","12":" ","13":"i","14":"t","15":"e","16":"m","17":" ","18":"c","19":"r","2":"v","20":"e","21":"a","22":"t","23":"e","24":"d","3":"o","4":"i","5":"c","6":"e","7":" ","8":"l","9":"i","level":"debug","message":"info","service":"telecom-billing","timestamp":"2025-12-12 19:37:41"}
{"0":"I","1":"n","10":"n","11":"e","12":" ","13":"i","14":"t","15":"e","16":"m","17":" ","18":"c","19":"r","2":"v","20":"e","21":"a","22":"t","23":"e","24":"d","3":"o","4":"i","5":"c","6":"e","7":" ","8":"l","9":"i","level":"debug","message":"info","service":"telecom-billing","timestamp":"2025-12-12 19:37:41"}
{"0":"I","1":"n","10":"n","11":"e","12":" ","13":"i","14":"t","15":"e","16":"m","17":" ","18":"c","19":"r","2":"v","20":"e","21":"a","22":"t","23":"e","24":"d","3":"o","4":"i","5":"c","6":"e","7":" ","8":"l","9":"i","level":"debug","message":"info","service":"telecom-billing","timestamp":"2025-12-12 19:37:41"}
{"0":"I","1":"n","10":"n","11":"e","12":" ","13":"i","14":"t","15":"e","16":"m","17":" ","18":"c","19":"r","2":"v","20":"e","21":"a","22":"t","23":"e","24":"d","3":"o","4":"i","5":"c","6":"e","7":" ","8":"l","9":"i","level":"debug","message":"info","service":"telecom-billing","timestamp":"2025-12-12 19:37:41"}
{"0":"I","1":"n","10":"n","11":"e","12":" ","13":"i","14":"t","15":"e","16":"m","17":" ","18":"c","19":"r","2":"v","20":"e","21":"a","22":"t","23":"e","24":"d","3":"o","4":"i","5":"c","6":"e","7":" ","8":"l","9":"i","level":"debug","message":"info","service":"telecom-billing","timestamp":"2025-12-12 19:37:41"}
{"0":"I","1":"n","10":"n","11":"e","12":" ","13":"i","14":"t","15":"e","16":"m","17":" ","18":"c","19":"r","2":"v","20":"e","21":"a","22":"t","23":"e","24":"d","3":"o","4":"i","5":"c","6":"e","7":" ","8":"l","9":"i","level":"debug","message":"info","service":"telecom-billing","timestamp":"2025-12-12 19:37:41"}
{"0":"I","1":"n","10":"n","11":"e","12":" ","13":"i","14":"t","15":"e","16":"m","17":" ","18":"c","19":"r","2":"v","20":"e","21":"a","22":"t","23":"e","24":"d","3":"o","4":"i","5":"c","6":"e","7":" ","8":"l","9":"i","level":"debug","message":"info","service":"telecom-billing","timestamp":"2025-12-12 19:37:41"}
{"0":"I","1":"n","10":"n","11":"e","12":" ","13":"i","14":"t","15":"e","16":"m","17":" ","18":"c","19":"r","2":"v","20":"e","21":"a","22":"t","23":"e","24":"d","3":"o","4":"i","5":"c","6":"e","7":" ","8":"l","9":"i","level":"debug","message":"info","service":"telecom-billing","timestamp":"2025-12-12 19:37:41"}
{"0":"I","1":"n","10":"n","11":"e","12":" ","13":"i","14":"t","15":"e","16":"m","17":" ","18":"c","19":"r","2":"v","20":"e","21":"a","22":"t","23":"e","24":"d","3":"o","4":"i","5":"c","6":"e","7":" ","8":"l","9":"i","level":"debug","message":"info","service":"telecom-billing","timestamp":"2025-12-12 19:37:41"}
{"0":"I","1":"n","10":"n","11":"e","12":" ","13":"i","14":"t","15":"e","16":"m","17":" ","18":"c","19":"r","2":"v","20":"e","21":"a","22":"t","23":"e","24":"d","3":"o","4":"i","5":"c","6":"e","7":" ","8":"l","9":"i","level":"debug","message":"info","service":"telecom-billing","timestamp":"2025-12-12 19:37:41"}
{"0":"I","1":"n","10":"n","11":"e","12":" ","13":"i","14":"t","15":"e","16":"m","17":" ","18":"c","19":"r","2":"v","20":"e","21":"a","22":"t","23":"e","24":"d","3":"o","4":"i","5":"c","6":"e","7":" ","8":"l","9":"i","level":"debug","message":"info","service":"telecom-billing","timestamp":"2025-12-12 19:37:41"}
{"0":"I","1":"n","10":"n","11":"e","12":" ","13":"i","14":"t","15":"e","16":"m","17":" ","18":"c","19":"r","2":"v","20":"e","21":"a","22":"t","23":"e","24":"d","3":"o","4":"i","5":"c","6":"e","7":" ","8":"l","9":"i","level":"debug","message":"info","service":"telecom-billing","timestamp":"2025-12-12 19:37:41"}
{"0":"I","1":"n","10":"n","11":"e","12":" ","13":"i","14":"t","15":"e","16":"m","17":" ","18":"c","19":"r","2":"v","20":"e","21":"a","22":"t","23":"e","24":"d","3":"o","4":"i","5":"c","6":"e","7":" ","8":"l","9":"i","level":"debug","message":"info","service":"telecom-billing","timestamp":"2025-12-12 19:37:41"}
{"0":"I","1":"n","10":"n","11":"e","12":" ","13":"i","14":"t","15":"e","16":"m","17":" ","18":"c","19":"r","2":"v","20":"e","21":"a","22":"t","23":"e","24":"d","3":"o","4":"i","5":"c","6":"e","7":" ","8":"l","9":"i","level":"debug","message":"info","service":"telecom-billing","timestamp":"2025-12-12 19:37:41"}
{"0":"I","1":"n","10":"n","11":"e","12":" ","13":"i","14":"t","15":"e","16":"m","17":" ","18":"c","19":"r","2":"v","20":"e","21":"a","22":"t","23":"e","24":"d","3":"o","4":"i","5":"c","6":"e","7":" ","8":"l","9":"i","level":"debug","message":"info","service":"telecom-billing","timestamp":"2025-12-12 19:37:41"}
{"0":"I","1":"n","10":"n","11":"e","12":" ","13":"i","14":"t","15":"e","16":"m","17":" ","18":"c","19":"r","2":"v","20":"e","21":"a","22":"t","23":"e","24":"d","3":"o","4":"i","5":"c","6":"e","7":" ","8":"l","9":"i","level":"debug","message":"info","service":"telecom-billing","timestamp":"2025-12-12 19:37:41"}
{"0":"I","1":"n","10":"n","11":"e","12":" ","13":"i","14":"t","15":"e","16":"m","17":" ","18":"c","19":"r","2":"v","20":"e","21":"a","22":"t","23":"e","24":"d","3":"o","4":"i","5":"c","6":"e","7":" ","8":"l","9":"i","level":"debug","message":"info","service":"telecom-billing","timestamp":"2025-12-12 19:37:41"}
{"0":"I","1":"n","10":"n","11":"e","12":" ","13":"i","14":"t","15":"e","16":"m","17":" ","18":"c","19":"r","2":"v","20":"e","21":"a","22":"t","23":"e","24":"d","3":"o","4":"i","5":"c","6":"e","7":" ","8":"l","9":"i","level":"debug","message":"info","service":"telecom-billing","timestamp":"2025-12-12 19:37:41"}
{"0":"I","1":"n","10":"n","11":"e","12":" ","13":"i","14":"t","15":"e","16":"m","17":" ","18":"c","19":"r","2":"v","20":"e","21":"a","22":"t","23":"e","24":"d","3":"o","4":"i","5":"c","6":"e","7":" ","8":"l","9":"i","level":"debug","message":"info","service":"telecom-billing","timestamp":"2025-12-12 19:37:41"}
{"0":"I","1":"n","10":"n","11":"e","12":" ","13":"i","14":"t","15":"e","16":"m","17":" ","18":"c","19":"r","2":"v","20":"e","21":"a","22":"t","23":"e","24":"d","3":"o","4":"i","5":"c","6":"e","7":" ","8":"l","9":"i","level":"debug","message":"info","service":"telecom-billing","timestamp":"2025-12-12 19:37:41"}
{"0":"I","1":"n","10":"n","11":"e","12":" ","13":"i","14":"t","15":"e","16":"m","17":" ","18":"c","19":"r","2":"v","20":"e","21":"a","22":"t","23":"e","24":"d","3":"o","4":"i","5":"c","6":"e","7":" ","8":"l","9":"i","level":"debug","message":"info","service":"telecom-billing","timestamp":"2025-12-12 19:37:41"}
{"0":"I","1":"n","10":"n","11":"e","12":" ","13":"i","14":"t","15":"e","16":"m","17":" ","18":"c","19":"r","2":"v","20":"e","21":"a","22":"t","23":"e","24":"d","3":"o","4":"i","5":"c","6":"e","7":" ","8":"l","9":"i","level":"debug","message":"info","service":"telecom-billing","timestamp":"2025-12-12 19:37:41"}
{"0":"I","1":"n","10":"n","11":"e","12":" ","13":"i","14":"t","15":"e","16":"m","17":" ","18":"c","19":"r","2":"v","20":"e","21":"a","22":"t","23":"e","24":"d","3":"o","4":"i","5":"c","6":"e","7":" ","8":"l","9":"i","level":"debug","message":"info","service":"telecom-billing","timestamp":"2025-12-12 19:37:41"}
{"0":"I","1":"n","10":"n","11":"e","12":" ","13":"i","14":"t","15":"e","16":"m","17":" ","18":"c","19":"r","2":"v","20":"e","21":"a","22":"t","23":"e","24":"d","3":"o","4":"i","5":"c","6":"e","7":" ","8":"l","9":"i","level":"debug","message":"info","service":"telecom-billing","timestamp":"2025-12-12 19:37:41"}
{"0":"I","1":"n","10":"n","11":"e","12":" ","13":"i","14":"t","15":"e","16":"m","17":" ","18":"c","19":"r","2":"v","20":"e","21":"a","22":"t","23":"e","24":"d","3":"o","4":"i","5":"c","6":"e","7":" ","8":"l","9":"i","level":"debug","message":"info","service":"telecom-billing","timestamp":"2025-12-12 19:37:41"}
{"0":"I","1":"n","10":"n","11":"e","12":" ","13":"i","14":"t","15":"e","16":"m","17":" ","18":"c","19":"r","2":"v","20":"e","21":"a","22":"t","23":"e","24":"d","3":"o","4":"i","5":"c","6":"e","7":" ","8":"l","9":"i","level":"debug","message":"info","service":"telecom-billing","timestamp":"2025-12-12 19:37:41"}
{"0":"I","1":"n","10":"n","11":"e","12":" ","13":"i","14":"t","15":"e","16":"m","17":" ","18":"c","19":"r","2":"v","20":"e","21":"a","22":"t","23":"e","24":"d","3":"o","4":"i","5":"c","6":"e","7":" ","8":"l","9":"i","level":"debug","message":"info","service":"telecom-billing","timestamp":"2025-12-12 19:37:41"}
{"0":"I","1":"n","10":"n","11":"e","12":" ","13":"i","14":"t","15":"e","16":"m","17":" ","18":"c","19":"r","2":"v","20":"e","21":"a","22":"t","23":"e","24":"d","3":"o","4":"i","5":"c","6":"e","7":" ","8":"l","9":"i","level":"debug","message":"info","service":"telecom-billing","timestamp":"2025-12-12 19:37:41"}
{"0":"I","1":"n","10":"n","11":"e","12":" ","13":"i","14":"t","15":"e","16":"m","17":" ","18":"c","19":"r","2":"v","20":"e","21":"a","22":"t","23":"e","24":"d","3":"o","4":"i","5":"c","6":"e","7":" ","8":"l","9":"i","level":"debug","message":"info","service":"telecom-billing","timestamp":"2025-12-12 19:37:41"}
{"0":"I","1":"n","10":"n","11":"e","12":" ","13":"i","14":"t","15":"e","16":"m","17":" ","18":"c","19":"r","2":"v","20":"e","21":"a","22":"t","23":"e","24":"d","3":"o","4":"i","5":"c","6":"e","7":" ","8":"l","9":"i","level":"debug","message":"info","service":"telecom-billing","timestamp":"2025-12-12 19:37:41"}
{"0":"I","1":"n","10":"n","11":"e","12":" ","13":"i","14":"t","15":"e","16":"m","17":" ","18":"c","19":"r","2":"v","20":"e","21":"a","22":"t","23":"e","24":"d","3":"o","4":"i","5":"c","6":"e","7":" ","8":"l","9":"i","level":"debug","message":"info","service":"telecom-billing","timestamp":"2025-12-12 19:37:41"}
{"0":"I","1":"n","10":"n","11":"e","12":" ","13":"i","14":"t","15":"e","16":"m","17":" ","18":"c","19":"r","2":"v","20":"e","21":"a","22":"t","23":"e","24":"d","3":"o","4":"i","5":"c","6":"e","7":" ","8":"l","9":"i","level":"debug","message":"info","service":"telecom-billing","timestamp":"2025-12-12 19:37:41"}
{"0":"I","1":"n","10":"n","11":"e","12":" ","13":"i","14":"t","15":"e","16":"m","17":" ","18":"c","19":"r","2":"v","20":"e","21":"a","22":"t","23":"e","24":"d","3":"o","4":"i","5":"c","6":"e","7":" ","8":"l","9":"i","level":"debug","message":"info","service":"telecom-billing","timestamp":"2025-12-12 19:37:41"}
{"0":"I","1":"n","10":"n","11":"e","12":" ","13":"i","14":"t","15":"e","16":"m","17":" ","18":"c","19":"r","2":"v","20":"e","21":"a","22":"t","23":"e","24":"d","3":"o","4":"i","5":"c","6":"e","7":" ","8":"l","9":"i","level":"debug","message":"info","service":"telecom-billing","timestamp":"2025-12-12 19:37:41"}
{"0":"I","1":"n","10":"n","11":"e","12":" ","13":"i","14":"t","15":"e","16":"m","17":" ","18":"c","19":"r","2":"v","20":"e","21":"a","22":"t","23":"e","24":"d","3":"o","4":"i","5":"c","6":"e","7":" ","8":"l","9":"i","level":"debug","message":"info","service":"telecom-billing","timestamp":"2025-12-12 19:37:41"}
{"0":"I","1":"n","10":"n","11":"e","12":" ","13":"i","14":"t","15":"e","16":"m","17":" ","18":"c","19":"r","2":"v","20":"e","21":"a","22":"t","23":"e","24":"d","3":"o","4":"i","5":"c","6":"e","7":" ","8":"l","9":"i","level":"debug","message":"info","service":"telecom-billing","timestamp":"2025-12-12 19:37:41"}
{"0":"I","1":"n","10":"n","11":"e","12":" ","13":"i","14":"t","15":"e","16":"m","17":" ","18":"c","19":"r","2":"v","20":"e","21":"a","22":"t","23":"e","24":"d","3":"o","4":"i","5":"c","6":"e","7":" ","8":"l","9":"i","level":"debug","message":"info","service":"telecom-billing","timestamp":"2025-12-12 19:37:41"}
{"0":"I","1":"n","10":"n","11":"e","12":" ","13":"i","14":"t","15":"e","16":"m","17":" ","18":"c","19":"r","2":"v","20":"e","21":"a","22":"t","23":"e","24":"d","3":"o","4":"i","5":"c","6":"e","7":" ","8":"l","9":"i","level":"debug","message":"info","service":"telecom-billing","timestamp":"2025-12-12 19:37:41"}
{"0":"I","1":"n","10":"n","11":"e","12":" ","13":"i","14":"t","15":"e","16":"m","17":" ","18":"c","19":"r","2":"v","20":"e","21":"a","22":"t","23":"e","24":"d","3":"o","4":"i","5":"c","6":"e","7":" ","8":"l","9":"i","level":"debug","message":"info","service":"telecom-billing","timestamp":"2025-12-12 19:37:41"}
{"0":"I","1":"n","10":"n","11":"e","12":" ","13":"i","14":"t","15":"e","16":"m","17":" ","18":"c","19":"r","2":"v","20":"e","21":"a","22":"t","23":"e","24":"d","3":"o","4":"i","5":"c","6":"e","7":" ","8":"l","9":"i","level":"debug","message":"info","service":"telecom-billing","timestamp":"2025-12-12 19:37:41"}
{"0":"I","1":"n","10":"n","11":"e","12":" ","13":"i","14":"t","15":"e","16":"m","17":" ","18":"c","19":"r","2":"v","20":"e","21":"a","22":"t","23":"e","24":"d","3":"o","4":"i","5":"c","6":"e","7":" ","8":"l","9":"i","level":"debug","message":"info","service":"telecom-billing","timestamp":"2025-12-12 19:37:41"}
{"0":"I","1":"n","10":"n","11":"e","12":" ","13":"i","14":"t","15":"e","16":"m","17":" ","18":"c","19":"r","2":"v","20":"e","21":"a","22":"t","23":"e","24":"d","3":"o","4":"i","5":"c","6":"e","7":" ","8":"l","9":"i","level":"debug","message":"info","service":"telecom-billing","timestamp":"2025-12-12 19:37:41"}
{"0":"I","1":"n","10":"n","11":"e","12":" ","13":"i","14":"t","15":"e","16":"m","17":" ","18":"c","19":"r","2":"v","20":"e","21":"a","22":"t","23":"e","24":"d","3":"o","4":"i","5":"c","6":"e","7":" ","8":"l","9":"i","level":"debug","message":"info","service":"telecom-billing","timestamp":"2025-12-12 19:37:41"}
{"0":"I","1":"n","10":"n","11":"e","12":" ","13":"i","14":"t","15":"e","16":"m","17":" ","18":"c","19":"r","2":"v","20":"e","21":"a","22":"t","23":"e","24":"d","3":"o","4":"i","5":"c","6":"e","7":" ","8":"l","9":"i","level":"debug","message":"info","service":"telecom-billing","timestamp":"2025-12-12 19:37:41"}
{"0":"I","1":"n","10":"n","11":"e","12":" ","13":"i","14":"t","15":"e","16":"m","17":" ","18":"c","19":"r","2":"v","20":"e","21":"a","22":"t","23":"e","24":"d","3":"o","4":"i","5":"c","6":"e","7":" ","8":"l","9":"i","level":"debug","message":"info","service":"telecom-billing","timestamp":"2025-12-12 19:37:41"}
{"0":"I","1":"n","10":"n","11":"e","12":" ","13":"i","14":"t","15":"e","16":"m","17":" ","18":"c","19":"r","2":"v","20":"e","21":"a","22":"t","23":"e","24":"d","3":"o","4":"i","5":"c","6":"e","7":" ","8":"l","9":"i","level":"debug","message":"info","service":"telecom-billing","timestamp":"2025-12-12 19:37:41"}
{"0":"I","1":"n","10":"n","11":"e","12":" ","13":"i","14":"t","15":"e","16":"m","17":" ","18":"c","19":"r","2":"v","20":"e","21":"a","22":"t","23":"e","24":"d","3":"o","4":"i","5":"c","6":"e","7":" ","8":"l","9":"i","level":"debug","message":"info","service":"telecom-billing","timestamp":"2025-12-12 19:37:41"}
{"0":"I","1":"n","10":"n","11":"e","12":" ","13":"i","14":"t","15":"e","16":"m","17":" ","18":"c","19":"r","2":"v","20":"e","21":"a","22":"t","23":"e","24":"d","3":"o","4":"i","5":"c","6":"e","7":" ","8":"l","9":"i","level":"debug","message":"info","service":"telecom-billing","timestamp":"2025-12-12 19:37:41"}
{"0":"I","1":"n","10":"n","11":"e","12":" ","13":"i","14":"t","15":"e","16":"m","17":" ","18":"c","19":"r","2":"v","20":"e","21":"a","22":"t","23":"e","24":"d","3":"o","4":"i","5":"c","6":"e","7":" ","8":"l","9":"i","level":"debug","message":"info","service":"telecom-billing","timestamp":"2025-12-12 19:37:41"}
{"0":"I","1":"n","10":"n","11":"e","12":" ","13":"i","14":"t","15":"e","16":"m","17":" ","18":"c","19":"r","2":"v","20":"e","21":"a","22":"t","23":"e","24":"d","3":"o","4":"i","5":"c","6":"e","7":" ","8":"l","9":"i","level":"debug","message":"info","service":"telecom-billing","timestamp":"2025-12-12 19:37:41"}
{"0":"I","1":"n","10":"n","11":"e","12":" ","13":"i","14":"t","15":"e","16":"m","17":" ","18":"c","19":"r","2":"v","20":"e","21":"a","22":"t","23":"e","24":"d","3":"o","4":"i","5":"c","6":"e","7":" ","8":"l","9":"i","level":"debug","message":"info","service":"telecom-billing","timestamp":"2025-12-12 19:37:41"}
{"0":"I","1":"n","10":"n","11":"e","12":" ","13":"i","14":"t","15":"e","16":"m","17":" ","18":"c","19":"r","2":"v","20":"e","21":"a","22":"t","23":"e","24":"d","3":"o","4":"i","5":"c","6":"e","7":" ","8":"l","9":"i","level":"debug","message":"info","service":"telecom-billing","timestamp":"2025-12-12 19:37:41"}
{"0":"I","1":"n","10":"n","11":"e","12":" ","13":"i","14":"t","15":"e","16":"m","17":" ","18":"c","19":"r","2":"v","20":"e","21":"a","22":"t","23":"e","24":"d","3":"o","4":"i","5":"c","6":"e","7":" ","8":"l","9":"i","level":"debug","message":"info","service":"telecom-billing","timestamp":"2025-12-12 19:37:41"}
{"0":"I","1":"n","10":"n","11":"e","12":" ","13":"i","14":"t","15":"e","16":"m","17":" ","18":"c","19":"r","2":"v","20":"e","21":"a","22":"t","23":"e","24":"d","3":"o","4":"i","5":"c","6":"e","7":" ","8":"l","9":"i","level":"debug","message":"info","service":"telecom-billing","timestamp":"2025-12-12 19:37:41"}
{"0":"I","1":"n","10":"n","11":"e","12":" ","13":"i","14":"t","15":"e","16":"m","17":" ","18":"c","19":"r","2":"v","20":"e","21":"a","22":"t","23":"e","24":"d","3":"o","4":"i","5":"c","6":"e","7":" ","8":"l","9":"i","level":"debug","message":"info","service":"telecom-billing","timestamp":"2025-12-12 19:37:41"}
{"0":"I","1":"n","10":"n","11":"e","12":" ","13":"i","14":"t","15":"e","16":"m","17":" ","18":"c","19":"r","2":"v","20":"e","21":"a","22":"t","23":"e","24":"d","3":"o","4":"i","5":"c","6":"e","7":" ","8":"l","9":"i","level":"debug","message":"info","service":"telecom-billing","timestamp":"2025-12-12 19:37:41"}
{"0":"I","1":"n","10":"n","11":"e","12":" ","13":"i","14":"t","15":"e","16":"m","17":" ","18":"c","19":"r","2":"v","20":"e","21":"a","22":"t","23":"e","24":"d","3":"o","4":"i","5":"c","6":"e","7":" ","8":"l","9":"i","level":"debug","message":"info","service":"telecom-billing","timestamp":"2025-12-12 19:37:41"}
{"0":"I","1":"n","10":"n","11":"e","12":" ","13":"i","14":"t","15":"e","16":"m","17":" ","18":"c","19":"r","2":"v","20":"e","21":"a","22":"t","23":"e","24":"d","3":"o","4":"i","5":"c","6":"e","7":" ","8":"l","9":"i","level":"debug","message":"info","service":"telecom-billing","timestamp":"2025-12-12 19:37:41"}
{"0":"I","1":"n","10":"n","11":"e","12":" ","13":"i","14":"t","15":"e","16":"m","17":" ","18":"c","19":"r","2":"v","20":"e","21":"a","22":"t","23":"e","24":"d","3":"o","4":"i","5":"c","6":"e","7":" ","8":"l","9":"i","level":"debug","message":"info","service":"telecom-billing","timestamp":"2025-12-12 19:37:41"}
{"0":"I","1":"n","10":"n","11":"e","12":" ","13":"i","14":"t","15":"e","16":"m","17":" ","18":"c","19":"r","2":"v","20":"e","21":"a","22":"t","23":"e","24":"d","3":"o","4":"i","5":"c","6":"e","7":" ","8":"l","9":"i","level":"debug","message":"info","service":"telecom-billing","timestamp":"2025-12-12 19:37:41"}
{"0":"I","1":"n","10":"n","11":"e","12":" ","13":"i","14":"t","15":"e","16":"m","17":" ","18":"c","19":"r","2":"v","20":"e","21":"a","22":"t","23":"e","24":"d","3":"o","4":"i","5":"c","6":"e","7":" ","8":"l","9":"i","level":"debug","message":"info","service":"telecom-billing","timestamp":"2025-12-12 19:37:41"}
{"0":"I","1":"n","10":"n","11":"e","12":" ","13":"i","14":"t","15":"e","16":"m","17":" ","18":"c","19":"r","2":"v","20":"e","21":"a","22":"t","23":"e","24":"d","3":"o","4":"i","5":"c","6":"e","7":" ","8":"l","9":"i","level":"debug","message":"info","service":"telecom-billing","timestamp":"2025-12-12 19:37:41"}
{"0":"I","1":"n","10":"n","11":"e","12":" ","13":"i","14":"t","15":"e","16":"m","17":" ","18":"c","19":"r","2":"v","20":"e","21":"a","22":"t","23":"e","24":"d","3":"o","4":"i","5":"c","6":"e","7":" ","8":"l","9":"i","level":"debug","message":"info","service":"telecom-billing","timestamp":"2025-12-12 19:37:41"}
{"0":"I","1":"n","10":"n","11":"e","12":" ","13":"i","14":"t","15":"e","16":"m","17":" ","18":"c","19":"r","2":"v","20":"e","21":"a","22":"t","23":"e","24":"d","3":"o","4":"i","5":"c","6":"e","7":" ","8":"l","9":"i","level":"debug","message":"info","service":"telecom-billing","timestamp":"2025-12-12 19:37:41"}
{"0":"I","1":"n","10":"n","11":"e","12":" ","13":"i","14":"t","15":"e","16":"m","17":" ","18":"c","19":"r","2":"v","20":"e","21":"a","22":"t","23":"e","24":"d","3":"o","4":"i","5":"c","6":"e","7":" ","8":"l","9":"i","level":"debug","message":"info","service":"telecom-billing","timestamp":"2025-12-12 19:37:41"}
{"0":"I","1":"n","10":"n","11":"e","12":" ","13":"i","14":"t","15":"e","16":"m","17":" ","18":"c","19":"r","2":"v","20":"e","21":"a","22":"t","23":"e","24":"d","3":"o","4":"i","5":"c","6":"e","7":" ","8":"l","9":"i","level":"debug","message":"info","service":"telecom-billing","timestamp":"2025-12-12 19:37:41"}
{"0":"I","1":"n","10":"n","11":"e","12":" ","13":"i","14":"t","15":"e","16":"m","17":" ","18":"c","19":"r","2":"v","20":"e","21":"a","22":"t","23":"e","24":"d","3":"o","4":"i","5":"c","6":"e","7":" ","8":"l","9":"i","level":"debug","message":"info","service":"telecom-billing","timestamp":"2025-12-12 19:37:41"}
{"0":"I","1":"n","10":"n","11":"e","12":" ","13":"i","14":"t","15":"e","16":"m","17":" ","18":"c","19":"r","2":"v","20":"e","21":"a","22":"t","23":"e","24":"d","3":"o","4":"i","5":"c","6":"e","7":" ","8":"l","9":"i","level":"debug","message":"info","service":"telecom-billing","timestamp":"2025-12-12 19:37:41"}
{"0":"I","1":"n","10":"n","11":"e","12":" ","13":"i","14":"t","15":"e","16":"m","17":" ","18":"c","19":"r","2":"v","20":"e","21":"a","22":"t","23":"e","24":"d","3":"o","4":"i","5":"c","6":"e","7":" ","8":"l","9":"i","level":"debug","message":"info","service":"telecom-billing","timestamp":"2025-12-12 19:37:41"}
{"0":"I","1":"n","10":"n","11":"e","12":" ","13":"i","14":"t","15":"e","16":"m","17":" ","18":"c","19":"r","2":"v","20":"e","21":"a","22":"t","23":"e","24":"d","3":"o","4":"i","5":"c","6":"e","7":" ","8":"l","9":"i","level":"debug","message":"info","service":"telecom-billing","timestamp":"2025-12-12 19:37:41"}
{"0":"I","1":"n","10":"n","11":"e","12":" ","13":"i","14":"t","15":"e","16":"m","17":" ","18":"c","19":"r","2":"v","20":"e","21":"a","22":"t","23":"e","24":"d","3":"o","4":"i","5":"c","6":"e","7":" ","8":"l","9":"i","level":"debug","message":"info","service":"telecom-billing","timestamp":"2025-12-12 19:37:41"}
{"0":"I","1":"n","10":"n","11":"e","12":" ","13":"i","14":"t","15":"e","16":"m","17":" ","18":"c","19":"r","2":"v","20":"e","21":"a","22":"t","23":"e","24":"d","3":"o","4":"i","5":"c","6":"e","7":" ","8":"l","9":"i","level":"debug","message":"info","service":"telecom-billing","timestamp":"2025-12-12 19:37:41"}
{"0":"I","1":"n","10":"n","11":"e","12":" ","13":"i","14":"t","15":"e","16":"m","17":" ","18":"c","19":"r","2":"v","20":"e","21":"a","22":"t","23":"e","24":"d","3":"o","4":"i","5":"c","6":"e","7":" ","8":"l","9":"i","level":"debug","message":"info","service":"telecom-billing","timestamp":"2025-12-12 19:37:41"}
{"0":"I","1":"n","10":"n","11":"e","12":" ","13":"i","14":"t","15":"e","16":"m","17":" ","18":"c","19":"r","2":"v","20":"e","21":"a","22":"t","23":"e","24":"d","3":"o","4":"i","5":"c","6":"e","7":" ","8":"l","9":"i","level":"debug","message":"info","service":"telecom-billing","timestamp":"2025-12-12 19:37:41"}
{"0":"I","1":"n","10":"n","11":"e","12":" ","13":"i","14":"t","15":"e","16":"m","17":" ","18":"c","19":"r","2":"v","20":"e","21":"a","22":"t","23":"e","24":"d","3":"o","4":"i","5":"c","6":"e","7":" ","8":"l","9":"i","level":"debug","message":"info","service":"telecom-billing","timestamp":"2025-12-12 19:37:41"}
{"0":"I","1":"n","10":"n","11":"e","12":" ","13":"i","14":"t","15":"e","16":"m","17":" ","18":"c","19":"r","2":"v","20":"e","21":"a","22":"t","23":"e","24":"d","3":"o","4":"i","5":"c","6":"e","7":" ","8":"l","9":"i","level":"debug","message":"info","service":"telecom-billing","timestamp":"2025-12-12 19:37:41"}
{"0":"I","1":"n","10":"n","11":"e","12":" ","13":"i","14":"t","15":"e","16":"m","17":" ","18":"c","19":"r","2":"v","20":"e","21":"a","22":"t","23":"e","24":"d","3":"o","4":"i","5":"c","6":"e","7":" ","8":"l","9":"i","level":"debug","message":"info","service":"telecom-billing","timestamp":"2025-12-12 19:37:41"}
{"0":"I","1":"n","10":"n","11":"e","12":" ","13":"i","14":"t","15":"e","16":"m","17":" ","18":"c","19":"r","2":"v","20":"e","21":"a","22":"t","23":"e","24":"d","3":"o","4":"i","5":"c","6":"e","7":" ","8":"l","9":"i","level":"debug","message":"info","service":"telecom-billing","timestamp":"2025-12-12 19:37:41"}
{"0":"I","1":"n","10":"n","11":"e","12":" ","13":"i","14":"t","15":"e","16":"m","17":" ","18":"c","19":"r","2":"v","20":"e","21":"a","22":"t","23":"e","24":"d","3":"o","4":"i","5":"c","6":"e","7":" ","8":"l","9":"i","level":"debug","message":"info","service":"telecom-billing","timestamp":"2025-12-12 19:37:41"}
{"0":"I","1":"n","10":"n","11":"e","12":" ","13":"i","14":"t","15":"e","16":"m","17":" ","18":"c","19":"r","2":"v","20":"e","21":"a","22":"t","23":"e","24":"d","3":"o","4":"i","5":"c","6":"e","7":" ","8":"l","9":"i","level":"debug","message":"info","service":"telecom-billing","timestamp":"2025-12-12 19:37:41"}
{"0":"I","1":"n","10":"b","11":"l","12":"i","13":"s","14":"h","15":"e","16":"d","2":"v","3":"o","4":"i","5":"c","6":"e","7":" ","8":"p","9":"u","level":"debug","message":"info","service":"telecom-billing","timestamp":"2025-12-12 19:37:41"}
{"0":"I","1":"n","10":"n","11":"e","12":"r","13":"a","14":"t","15":"e","16":"d","2":"v","3":"o","4":"i","5":"c","6":"e","7":" ","8":"g","9":"e","level":"debug","message":"info","service":"telecom-billing","timestamp":"2025-12-12 19:37:41"}
{"0":"P","1":"O","10":"3","11":"0","12":"0","13":"9","14":"-","15":"a","16":"0","17":"1","18":"2","19":"-","2":"S","20":"4","21":"1","22":"c","23":"3","24":"-","25":"9","26":"1","27":"f","28":"c","29":"-","3":"T","30":"5","31":"6","32":"5","33":"0","34":"1","35":"5","36":"0","37":"9","38":"8","39":"3","4":" ","40":"6","41":"d","42":"/","43":"g","44":"e","45":"n","46":"e","47":"r","48":"a","49":"t","5":"/","50":"e","51":"-","52":"i","53":"n","54":"v","55":"o","56":"i","57":"c","58":"e","6":"f","7":"7","8":"c","9":"d","level":"debug","message":"info","service":"telecom-billing","timestamp":"2025-12-12 19:37:41"}
{"0":"G","1":"E","10":"c","11":"e","12":"/","13":"a","14":"6","15":"1","16":"d","17":"1","18":"2","19":"2","2":"T","20":"2","21":"-","22":"e","23":"a","24":"f","25":"d","26":"-","27":"4","28":"4","29":"f","3":" ","30":"a","31":"-","32":"b","33":"6","34":"f","35":"3","36":"-","37":"e","38":"2","39":"3","4":"/","40":"0","41":"8","42":"6","43":"b","44":"6","45":"a","46":"c","47":"7","48":"f","5":"i","6":"n","7":"v","8":"o","9":"i","level":"debug","message":"info","service":"telecom-billing","timestamp":"2025-12-12 19:37:42"}
{"0":"G","1":"E","10":"c","11":"e","12":"/","13":"a","14":"6","15":"1","16":"d","17":"1","18":"2","19":"2","2":"T","20":"2","21":"-","22":"e","23":"a","24":"f","25":"d","26":"-","27":"4","28":"4","29":"f","3":" ","30":"a","31":"-","32":"b","33":"6","34":"f","35":"3","36":"-","37":"e","38":"2","39":"3","4":"/","40":"0","41":"8","42":"6","43":"b","44":"6","45":"a","46":"c","47":"7","48":"f","5":"i","6":"n","7":"v","8":"o","9":"i","level":"debug","message":"info","service":"telecom-billing","timestamp":"2025-12-12 19:37:42"}
{"0":"G","1":"E","10":"c","11":"e","12":"/","13":"a","14":"6","15":"1","16":"d","17":"1","18":"2","19":"2","2":"T","20":"2","21":"-","22":"e","23":"a","24":"f","25":"d","26":"-","27":"4","28":"4","29":"f","3":" ","30":"a","31":"-","32":"b","33":"6","34":"f","35":"3","36":"-","37":"e","38":"2","39":"3","4":"/","40":"0","41":"8","42":"6","43":"b","44":"6","45":"a","46":"c","47":"7","48":"f","49":"/","5":"i","50":"l","51":"i","52":"n","53":"e","54":"-","55":"i","56":"t","57":"e","58":"m","59":"s","6":"n","7":"v","8":"o","9":"i","level":"debug","message":"info","service":"telecom-billing","timestamp":"2025-12-12 19:37:43"}
{"0":"G","1":"E","10":"c","11":"e","12":"/","13":"a","14":"6","15":"1","16":"d","17":"1","18":"2","19":"2","2":"T","20":"2","21":"-","22":"e","23":"a","24":"f","25":"d","26":"-","27":"4","28":"4","29":"f","3":" ","30":"a","31":"-","32":"b","33":"6","34":"f","35":"3","36":"-","37":"e","38":"2","39":"3","4":"/","40":"0","41":"8","42":"6","43":"b","44":"6","45":"a","46":"c","47":"7","48":"f","49":"/","5":"i","50":"l","51":"i","52":"n","53":"e","54":"-","55":"i","56":"t","57":"e","58":"m","59":"s","6":"n","7":"v","8":"o","9":"i","level":"debug","message":"info","service":"telecom-billing","timestamp":"2025-12-12 19:37:43"}
{"0":"I","1":"n","10":"y","11":"m","12":"e","13":"n","14":"t","15":" ","16":"r","17":"e","18":"c","19":"o","2":"v","20":"r","21":"d","22":"e","23":"d","3":"o","4":"i","5":"c","6":"e","7":" ","8":"p","9":"a","level":"debug","message":"info","service":"telecom-billing","timestamp":"2025-12-12 19:41:10"}
{"0":"C","1":"u","10":"a","11":"l","12":"a","13":"n","14":"c","15":"e","16":" ","17":"u","18":"p","19":"d","2":"s","20":"a","21":"t","22":"e","23":"d","3":"t","4":"o","5":"m","6":"e","7":"r","8":" ","9":"b","level":"debug","message":"info","service":"telecom-billing","timestamp":"2025-12-12 19:41:10"}
{"0":"B","1":"a","10":"a","11":"n","12":"s","13":"a","14":"c","15":"t","16":"i","17":"o","18":"n","19":" ","2":"l","20":"r","21":"e","22":"c","23":"o","24":"r","25":"d","26":"e","27":"d","3":"a","4":"n","5":"c","6":"e","7":" ","8":"t","9":"r","level":"debug","message":"info","service":"telecom-billing","timestamp":"2025-12-12 19:41:10"}
{"0":"P","1":"a","10":"c","11":"o","12":"r","13":"d","14":"e","15":"d","2":"y","3":"m","4":"e","5":"n","6":"t","7":" ","8":"r","9":"e","level":"debug","message":"info","service":"telecom-billing","timestamp":"2025-12-12 19:41:10"}
{"0":"P","1":"O","10":"i","11":"c","12":"e","13":"/","14":"a","15":"6","16":"1","17":"d","18":"1","19":"2","2":"S","20":"2","21":"2","22":"-","23":"e","24":"a","25":"f","26":"d","27":"-","28":"4","29":"4","3":"T","30":"f","31":"a","32":"-","33":"b","34":"6","35":"f","36":"3","37":"-","38":"e","39":"2","4":" ","40":"3","41":"0","42":"8","43":"6","44":"b","45":"6","46":"a","47":"c","48":"7","49":"f","5":"/","50":"/","51":"p","52":"a","53":"y","54":"m","55":"e","56":"n","57":"t","6":"i","7":"n","8":"v","9":"o","level":"debug","message":"info","service":"telecom-billing","timestamp":"2025-12-12 19:41:10"}
{"0":"G","1":"E","10":"c","11":"e","12":"/","13":"a","14":"6","15":"1","16":"d","17":"1","18":"2","19":"2","2":"T","20":"2","21":"-","22":"e","23":"a","24":"f","25":"d","26":"-","27":"4","28":"4","29":"f","3":" ","30":"a","31":"-","32":"b","33":"6","34":"f","35":"3","36":"-","37":"e","38":"2","39":"3","4":"/","40":"0","41":"8","42":"6","43":"b","44":"6","45":"a","46":"c","47":"7","48":"f","5":"i","6":"n","7":"v","8":"o","9":"i","level":"debug","message":"info","service":"telecom-billing","timestamp":"2025-12-12 19:41:11"}
{"0":"G","1":"E","10":"c","11":"e","12":"/","13":"a","14":"6","15":"1","16":"d","17":"1","18":"2","19":"2","2":"T","20":"2","21":"-","22":"e","23":"a","24":"f","25":"d","26":"-","27":"4","28":"4","29":"f","3":" ","30":"a","31":"-","32":"b","33":"6","34":"f","35":"3","36":"-","37":"e","38":"2","39":"3","4":"/","40":"0","41":"8","42":"6","43":"b","44":"6","45":"a","46":"c","47":"7","48":"f","49":"/","5":"i","50":"l","51":"i","52":"n","53":"e","54":"-","55":"i","56":"t","57":"e","58":"m","59":"s","6":"n","7":"v","8":"o","9":"i","level":"debug","message":"info","service":"telecom-billing","timestamp":"2025-12-12 19:41:14"}
{"0":"G","1":"E","10":"o","11":"a","12":"r","13":"d","14":"/","15":"o","16":"v","17":"e","18":"r","19":"v","2":"T","20":"i","21":"e","22":"w","3":" ","4":"/","5":"d","6":"a","7":"s","8":"h","9":"b","level":"debug","message":"info","service":"telecom-billing","timestamp":"2025-12-12 19:43:03"}
{"0":"G","1":"E","10":"o","11":"a","12":"r","13":"d","14":"/","15":"o","16":"v","17":"e","18":"r","19":"v","2":"T","20":"i","21":"e","22":"w","3":" ","4":"/","5":"d","6":"a","7":"s","8":"h","9":"b","level":"debug","message":"info","service":"telecom-billing","timestamp":"2025-12-12 19:43:03"}
